panel,family,dlo,trajectory,arm,normalized_mse,rmse_mm2
all_queries,squared_distance,DLO4,11.pkl,point_plugin,0.004395817932433324,8948.774882709442
all_queries,squared_distance,DLO4,16.pkl,point_plugin,0.004678631691124573,9232.156629247766
all_queries,squared_distance,DLO4,30.pkl,point_plugin,0.0037284805058874176,8241.564715689176
all_queries,squared_distance,DLO4,35.pkl,point_plugin,0.006229313438853578,10652.80130531963
all_queries,squared_distance,DLO4,41.pkl,point_plugin,0.0055808229878449404,10083.071776718483
all_queries,squared_distance,DLO4,5.pkl,point_plugin,0.0052442376089191145,9774.283134264102
all_queries,squared_distance,DLO4,56.pkl,point_plugin,0.006045863855366158,10494.769789415515
all_queries,squared_distance,DLO4,58.pkl,point_plugin,0.00408365495655378,8625.181738530786
all_queries,squared_distance,DLO4,66.pkl,point_plugin,0.008030512806784155,12095.264621726954
all_queries,squared_distance,DLO4,70.pkl,point_plugin,0.007289694490192973,11523.87127878408
all_queries,squared_distance,DLO4,81.pkl,point_plugin,0.01061894707546521,13908.633487239142
all_queries,squared_distance,DLO4,84.pkl,point_plugin,0.00558332741321603,10085.33394024159
all_queries,squared_distance,DLO4,93.pkl,point_plugin,0.0058205917013778455,10297.393351355602
all_queries,squared_distance,DLO4,96.pkl,point_plugin,0.00459240044671386,9146.682626235082
all_queries,squared_distance,DLO4,11.pkl,native_block_posterior,0.004164276489856523,8709.906909972147
all_queries,squared_distance,DLO4,16.pkl,native_block_posterior,0.003876206118090594,8403.247717083643
all_queries,squared_distance,DLO4,30.pkl,native_block_posterior,0.0037988419660655685,8318.96598151524
all_queries,squared_distance,DLO4,35.pkl,native_block_posterior,0.005829371458676938,10305.156698431394
all_queries,squared_distance,DLO4,41.pkl,native_block_posterior,0.0051342261304069955,9671.21929838225
all_queries,squared_distance,DLO4,5.pkl,native_block_posterior,0.004302292194621938,8853.065678417863
all_queries,squared_distance,DLO4,56.pkl,native_block_posterior,0.005757420076995132,10241.361444299631
all_queries,squared_distance,DLO4,58.pkl,native_block_posterior,0.003789091155780371,8308.282623409657
all_queries,squared_distance,DLO4,66.pkl,native_block_posterior,0.007282238774822357,11517.97660895603
all_queries,squared_distance,DLO4,70.pkl,native_block_posterior,0.0061495847522002114,10584.409415633514
all_queries,squared_distance,DLO4,81.pkl,native_block_posterior,0.010258208937277375,13670.345944800427
all_queries,squared_distance,DLO4,84.pkl,native_block_posterior,0.004870792160854668,9419.840170445961
all_queries,squared_distance,DLO4,93.pkl,native_block_posterior,0.005275854087385465,9803.702476606426
all_queries,squared_distance,DLO4,96.pkl,native_block_posterior,0.0038825435885546165,8410.114429363697
all_queries,squared_distance,DLO4,11.pkl,source_coupled_posterior_extension,0.00372010415336888,8232.3018178792
all_queries,squared_distance,DLO4,16.pkl,source_coupled_posterior_extension,0.0036305153807903584,8132.571221554668
all_queries,squared_distance,DLO4,30.pkl,source_coupled_posterior_extension,0.0032088977016871806,7645.777772524614
all_queries,squared_distance,DLO4,35.pkl,source_coupled_posterior_extension,0.00535954730352386,9881.1567552069
all_queries,squared_distance,DLO4,41.pkl,source_coupled_posterior_extension,0.0047049849252150016,9258.121009281489
all_queries,squared_distance,DLO4,5.pkl,source_coupled_posterior_extension,0.004058423424845107,8598.494401854283
all_queries,squared_distance,DLO4,56.pkl,source_coupled_posterior_extension,0.0053336311635367945,9857.2375929198
all_queries,squared_distance,DLO4,58.pkl,source_coupled_posterior_extension,0.0032970911138889914,7750.13395966527
all_queries,squared_distance,DLO4,66.pkl,source_coupled_posterior_extension,0.006856735224644105,11176.41255477859
all_queries,squared_distance,DLO4,70.pkl,source_coupled_posterior_extension,0.005866738030734801,10338.13223240399
all_queries,squared_distance,DLO4,81.pkl,source_coupled_posterior_extension,0.009885840848871298,13419.939010254488
all_queries,squared_distance,DLO4,84.pkl,source_coupled_posterior_extension,0.004518350298110309,9072.640108999965
all_queries,squared_distance,DLO4,93.pkl,source_coupled_posterior_extension,0.004918921336050129,9466.265337719062
all_queries,squared_distance,DLO4,96.pkl,source_coupled_posterior_extension,0.003527036247706087,8015.833658864047
all_queries,squared_distance,DLO4,11.pkl,empirical_global_centered,0.0038083374788843868,8329.356456844913
all_queries,squared_distance,DLO4,16.pkl,empirical_global_centered,0.00395442891656574,8487.614018810576
all_queries,squared_distance,DLO4,30.pkl,empirical_global_centered,0.003232675077463179,7674.0524356373035
all_queries,squared_distance,DLO4,35.pkl,empirical_global_centered,0.005539527679508816,10045.697658276787
all_queries,squared_distance,DLO4,41.pkl,empirical_global_centered,0.004972379075388968,9517.564965696687
all_queries,squared_distance,DLO4,5.pkl,empirical_global_centered,0.004498640680628653,9052.830478519245
all_queries,squared_distance,DLO4,56.pkl,empirical_global_centered,0.005500615162526556,10010.35238137291
all_queries,squared_distance,DLO4,58.pkl,empirical_global_centered,0.003459430202036001,7938.638410988441
all_queries,squared_distance,DLO4,66.pkl,empirical_global_centered,0.007336874686351605,11561.10340252278
all_queries,squared_distance,DLO4,70.pkl,empirical_global_centered,0.006524175535743124,10902.009434777434
all_queries,squared_distance,DLO4,81.pkl,empirical_global_centered,0.010092216508645223,13559.292027723941
all_queries,squared_distance,DLO4,84.pkl,empirical_global_centered,0.0048190266731003,9369.650682119669
all_queries,squared_distance,DLO4,93.pkl,empirical_global_centered,0.005151812264305034,9687.768429643686
all_queries,squared_distance,DLO4,96.pkl,empirical_global_centered,0.00395505441475147,8488.285263301139
all_queries,squared_distance,DLO4,11.pkl,empirical_horizon_centered,0.003926550003094993,8457.642056531256
all_queries,squared_distance,DLO4,16.pkl,empirical_horizon_centered,0.004125201004729404,8668.945891796608
all_queries,squared_distance,DLO4,30.pkl,empirical_horizon_centered,0.0033900131547649993,7858.586296020682
all_queries,squared_distance,DLO4,35.pkl,empirical_horizon_centered,0.005709091387600699,10198.28706138754
all_queries,squared_distance,DLO4,41.pkl,empirical_horizon_centered,0.005083660380718116,9623.47670792396
all_queries,squared_distance,DLO4,5.pkl,empirical_horizon_centered,0.004643752818967658,9197.67971218374
all_queries,squared_distance,DLO4,56.pkl,empirical_horizon_centered,0.00570443355104116,10194.126009845362
all_queries,squared_distance,DLO4,58.pkl,empirical_horizon_centered,0.0036348127919929554,8137.383026892693
all_queries,squared_distance,DLO4,66.pkl,empirical_horizon_centered,0.007475097835512896,11669.498040477964
all_queries,squared_distance,DLO4,70.pkl,empirical_horizon_centered,0.006672029674154904,11024.85076392898
all_queries,squared_distance,DLO4,81.pkl,empirical_horizon_centered,0.010256912789539352,13669.482278061903
all_queries,squared_distance,DLO4,84.pkl,empirical_horizon_centered,0.004983904517079889,9528.588928988369
all_queries,squared_distance,DLO4,93.pkl,empirical_horizon_centered,0.00534739301101405,9869.946234114563
all_queries,squared_distance,DLO4,96.pkl,empirical_horizon_centered,0.004096416042306356,8638.647718360635
all_queries,squared_distance,DLO4,11.pkl,empirical_symmetric_residual,0.00373998357373511,8254.268318271133
all_queries,squared_distance,DLO4,16.pkl,empirical_symmetric_residual,0.0038596180692294342,8385.247779585712
all_queries,squared_distance,DLO4,30.pkl,empirical_symmetric_residual,0.00317114086415495,7600.663433643712
all_queries,squared_distance,DLO4,35.pkl,empirical_symmetric_residual,0.0054649137194802706,9977.813674356938
all_queries,squared_distance,DLO4,41.pkl,empirical_symmetric_residual,0.004888808295392198,9437.245190138623
all_queries,squared_distance,DLO4,5.pkl,empirical_symmetric_residual,0.004397842229777635,8950.835124566276
all_queries,squared_distance,DLO4,56.pkl,empirical_symmetric_residual,0.005438271953609421,9953.462754879622
all_queries,squared_distance,DLO4,58.pkl,empirical_symmetric_residual,0.0033828536338340836,7850.283459367889
all_queries,squared_distance,DLO4,66.pkl,empirical_symmetric_residual,0.007228553918346856,11475.442659798871
all_queries,squared_distance,DLO4,70.pkl,empirical_symmetric_residual,0.006378135243628438,10779.30093792746
all_queries,squared_distance,DLO4,81.pkl,empirical_symmetric_residual,0.01001048702139747,13504.277020456291
all_queries,squared_distance,DLO4,84.pkl,empirical_symmetric_residual,0.00474025668513466,9292.758792350038
all_queries,squared_distance,DLO4,93.pkl,empirical_symmetric_residual,0.005064792216809484,9605.601189285697
all_queries,squared_distance,DLO4,96.pkl,empirical_symmetric_residual,0.0038505126789444666,8375.35094054678
all_queries,squared_distance,DLO4,11.pkl,source_query_bias,0.0025544629184723728,6821.714447628405
all_queries,squared_distance,DLO4,16.pkl,source_query_bias,0.0022534488238689153,6407.189731774005
all_queries,squared_distance,DLO4,30.pkl,source_query_bias,0.0026857160988485217,6994.7755942638805
all_queries,squared_distance,DLO4,35.pkl,source_query_bias,0.004357193750368264,8909.373602262367
all_queries,squared_distance,DLO4,41.pkl,source_query_bias,0.0036034762996394105,8102.2300446817635
all_queries,squared_distance,DLO4,5.pkl,source_query_bias,0.0027990532642213875,7140.840230904873
all_queries,squared_distance,DLO4,56.pkl,source_query_bias,0.004877414802772753,9426.241905042481
all_queries,squared_distance,DLO4,58.pkl,source_query_bias,0.002263437315302225,6421.374078293275
all_queries,squared_distance,DLO4,66.pkl,source_query_bias,0.005913648803968822,10379.38208619226
all_queries,squared_distance,DLO4,70.pkl,source_query_bias,0.004507370849394696,9061.61028973939
all_queries,squared_distance,DLO4,81.pkl,source_query_bias,0.008966585104645687,12780.77744019052
all_queries,squared_distance,DLO4,84.pkl,source_query_bias,0.003621049161530364,8121.961853141329
all_queries,squared_distance,DLO4,93.pkl,source_query_bias,0.0036949442507563227,8204.416132536095
all_queries,squared_distance,DLO4,96.pkl,source_query_bias,0.0026729685668200566,6978.155784237138
all_queries,squared_distance,DLO4,11.pkl,source_query_horizon_bias,0.0026137576709456436,6900.4338199511485
all_queries,squared_distance,DLO4,16.pkl,source_query_horizon_bias,0.003093730132499498,7507.320352602811
all_queries,squared_distance,DLO4,30.pkl,source_query_horizon_bias,0.003128339840382693,7549.195939321562
all_queries,squared_distance,DLO4,35.pkl,source_query_horizon_bias,0.004382679278528066,8935.391384548404
all_queries,squared_distance,DLO4,41.pkl,source_query_horizon_bias,0.003908387839719719,8438.059074338295
all_queries,squared_distance,DLO4,5.pkl,source_query_horizon_bias,0.003959922004268535,8493.507035143055
all_queries,squared_distance,DLO4,56.pkl,source_query_horizon_bias,0.006090614435108609,10533.538539492109
all_queries,squared_distance,DLO4,58.pkl,source_query_horizon_bias,0.002997158784114706,7389.220232076134
all_queries,squared_distance,DLO4,66.pkl,source_query_horizon_bias,0.006787577050659737,11119.906130722748
all_queries,squared_distance,DLO4,70.pkl,source_query_horizon_bias,0.005076293411946939,9616.50126598716
all_queries,squared_distance,DLO4,81.pkl,source_query_horizon_bias,0.008788581536761026,12653.28027620538
all_queries,squared_distance,DLO4,84.pkl,source_query_horizon_bias,0.004685289736489298,9238.723321051504
all_queries,squared_distance,DLO4,93.pkl,source_query_horizon_bias,0.003859100713948532,8384.685768328738
all_queries,squared_distance,DLO4,96.pkl,source_query_horizon_bias,0.00311223367127698,7529.737450843802
all_queries,squared_distance,DLO4,11.pkl,source_query_ridge,0.0030051686699723865,7399.08746360521
all_queries,squared_distance,DLO4,16.pkl,source_query_ridge,0.0030908583829234223,7503.835215163649
all_queries,squared_distance,DLO4,30.pkl,source_query_ridge,0.002805284149288071,7148.783813349227
all_queries,squared_distance,DLO4,35.pkl,source_query_ridge,0.004981485695148402,9526.27640906298
all_queries,squared_distance,DLO4,41.pkl,source_query_ridge,0.00429402614315278,8844.556832733759
all_queries,squared_distance,DLO4,5.pkl,source_query_ridge,0.0031997331779202286,7634.851900209975
all_queries,squared_distance,DLO4,56.pkl,source_query_ridge,0.005077111836589274,9617.276444229507
all_queries,squared_distance,DLO4,58.pkl,source_query_ridge,0.002806299444975807,7150.077349474378
all_queries,squared_distance,DLO4,66.pkl,source_query_ridge,0.006505091171981177,10886.05260719731
all_queries,squared_distance,DLO4,70.pkl,source_query_ridge,0.005231835526538224,9762.718706063672
all_queries,squared_distance,DLO4,81.pkl,source_query_ridge,0.009918668178885356,13442.201944682174
all_queries,squared_distance,DLO4,84.pkl,source_query_ridge,0.004266202570176346,8815.85566771436
all_queries,squared_distance,DLO4,93.pkl,source_query_ridge,0.00440791268877307,8961.077360516414
all_queries,squared_distance,DLO4,96.pkl,source_query_ridge,0.0030249736798848063,7423.428586244982
all_queries,bending_statistic,DLO4,11.pkl,point_plugin,0.21280246651910795,1671.6003627565433
all_queries,bending_statistic,DLO4,16.pkl,point_plugin,0.32050554368086276,2051.4545560936776
all_queries,bending_statistic,DLO4,30.pkl,point_plugin,0.2914693465334433,1956.3230486968532
all_queries,bending_statistic,DLO4,35.pkl,point_plugin,0.3062506586356523,2005.3151907291171
all_queries,bending_statistic,DLO4,41.pkl,point_plugin,0.38465870219967685,2247.4079303800713
all_queries,bending_statistic,DLO4,5.pkl,point_plugin,0.24245763884805022,1784.2761227159383
all_queries,bending_statistic,DLO4,56.pkl,point_plugin,0.33642619361379933,2101.788584816436
all_queries,bending_statistic,DLO4,58.pkl,point_plugin,0.2358465865326186,1759.7822200770738
all_queries,bending_statistic,DLO4,66.pkl,point_plugin,0.47888293997054904,2507.6031740399994
all_queries,bending_statistic,DLO4,70.pkl,point_plugin,0.6268883343349123,2869.0573011507718
all_queries,bending_statistic,DLO4,81.pkl,point_plugin,0.622836876327654,2859.7711921497817
all_queries,bending_statistic,DLO4,84.pkl,point_plugin,0.23032492159455667,1739.060112059977
all_queries,bending_statistic,DLO4,93.pkl,point_plugin,0.36172891430922904,2179.3939474806225
all_queries,bending_statistic,DLO4,96.pkl,point_plugin,0.3016694349417226,1990.259854388778
all_queries,bending_statistic,DLO4,11.pkl,native_block_posterior,38.70623753713055,22544.188484503924
all_queries,bending_statistic,DLO4,16.pkl,native_block_posterior,33.07803432917075,20840.780273506374
all_queries,bending_statistic,DLO4,30.pkl,native_block_posterior,46.79122742984575,24787.135844354765
all_queries,bending_statistic,DLO4,35.pkl,native_block_posterior,44.77426280484593,24247.01884715902
all_queries,bending_statistic,DLO4,41.pkl,native_block_posterior,40.355519194804586,23019.48470072091
all_queries,bending_statistic,DLO4,5.pkl,native_block_posterior,33.76753504417823,21056.86959893251
all_queries,bending_statistic,DLO4,56.pkl,native_block_posterior,36.3430342922294,21845.13434703163
all_queries,bending_statistic,DLO4,58.pkl,native_block_posterior,44.030707804367324,24044.84387252766
all_queries,bending_statistic,DLO4,66.pkl,native_block_posterior,46.438715232867814,24693.589602232823
all_queries,bending_statistic,DLO4,70.pkl,native_block_posterior,42.43381082583583,23604.79026587345
all_queries,bending_statistic,DLO4,81.pkl,native_block_posterior,35.961155813814166,21730.061172266927
all_queries,bending_statistic,DLO4,84.pkl,native_block_posterior,41.64290868318898,23383.776763308822
all_queries,bending_statistic,DLO4,93.pkl,native_block_posterior,38.054243710581396,22353.507368079136
all_queries,bending_statistic,DLO4,96.pkl,native_block_posterior,41.429974275145995,23323.915525859335
all_queries,bending_statistic,DLO4,11.pkl,source_coupled_posterior_extension,11.53384501015599,12306.404436076313
all_queries,bending_statistic,DLO4,16.pkl,source_coupled_posterior_extension,9.934804241408845,11421.516856149226
all_queries,bending_statistic,DLO4,30.pkl,source_coupled_posterior_extension,13.570571358389792,13348.829762223166
all_queries,bending_statistic,DLO4,35.pkl,source_coupled_posterior_extension,12.928075938977353,13028.999734960562
all_queries,bending_statistic,DLO4,41.pkl,source_coupled_posterior_extension,12.192165128314436,12652.738898107973
all_queries,bending_statistic,DLO4,5.pkl,source_coupled_posterior_extension,10.155335937742278,11547.587858686931
all_queries,bending_statistic,DLO4,56.pkl,source_coupled_posterior_extension,10.566633624120483,11779.109328503095
all_queries,bending_statistic,DLO4,58.pkl,source_coupled_posterior_extension,12.862790260650902,12996.06042972398
all_queries,bending_statistic,DLO4,66.pkl,source_coupled_posterior_extension,13.75832504173222,13440.855458295959
all_queries,bending_statistic,DLO4,70.pkl,source_coupled_posterior_extension,12.88054546711651,13005.026919809105
all_queries,bending_statistic,DLO4,81.pkl,source_coupled_posterior_extension,10.73027028012165,11869.965555005127
all_queries,bending_statistic,DLO4,84.pkl,source_coupled_posterior_extension,11.92480965916686,12513.242350305796
all_queries,bending_statistic,DLO4,93.pkl,source_coupled_posterior_extension,11.32198141975751,12192.853254381846
all_queries,bending_statistic,DLO4,96.pkl,source_coupled_posterior_extension,12.248830270162086,12682.107681598336
all_queries,bending_statistic,DLO4,11.pkl,empirical_global_centered,0.2734379753400292,1894.8443576191717
all_queries,bending_statistic,DLO4,16.pkl,empirical_global_centered,0.40049593617347856,2293.206609574673
all_queries,bending_statistic,DLO4,30.pkl,empirical_global_centered,0.32072291796403235,2052.1501101759786
all_queries,bending_statistic,DLO4,35.pkl,empirical_global_centered,0.3501147776103025,2144.121288821587
all_queries,bending_statistic,DLO4,41.pkl,empirical_global_centered,0.46366570874407864,2467.4400918634838
all_queries,bending_statistic,DLO4,5.pkl,empirical_global_centered,0.317123555025555,2040.6023323350878
all_queries,bending_statistic,DLO4,56.pkl,empirical_global_centered,0.39301831728021586,2271.697624808589
all_queries,bending_statistic,DLO4,58.pkl,empirical_global_centered,0.28965052717459877,1950.2095986779004
all_queries,bending_statistic,DLO4,66.pkl,empirical_global_centered,0.5483330177358541,2683.282058636484
all_queries,bending_statistic,DLO4,70.pkl,empirical_global_centered,0.7302534440680704,3096.570235256245
all_queries,bending_statistic,DLO4,81.pkl,empirical_global_centered,0.6839170444457047,2996.7177596804954
all_queries,bending_statistic,DLO4,84.pkl,empirical_global_centered,0.25920336601572347,1844.8643832792302
all_queries,bending_statistic,DLO4,93.pkl,empirical_global_centered,0.41240616791587376,2327.055300137178
all_queries,bending_statistic,DLO4,96.pkl,empirical_global_centered,0.37468651437111195,2218.0848687879243
all_queries,bending_statistic,DLO4,11.pkl,empirical_horizon_centered,0.2641081492346201,1862.237333320372
all_queries,bending_statistic,DLO4,16.pkl,empirical_horizon_centered,0.38416469639310036,2245.964326933947
all_queries,bending_statistic,DLO4,30.pkl,empirical_horizon_centered,0.3146200685210894,2032.5317512774623
all_queries,bending_statistic,DLO4,35.pkl,empirical_horizon_centered,0.3404982431912384,2114.470184955732
all_queries,bending_statistic,DLO4,41.pkl,empirical_horizon_centered,0.45311270852649704,2439.199091236526
all_queries,bending_statistic,DLO4,5.pkl,empirical_horizon_centered,0.3069188541041638,2007.501655297902
all_queries,bending_statistic,DLO4,56.pkl,empirical_horizon_centered,0.3928909540497709,2271.329506861394
all_queries,bending_statistic,DLO4,58.pkl,empirical_horizon_centered,0.28276935151080845,1926.9049657549988
all_queries,bending_statistic,DLO4,66.pkl,empirical_horizon_centered,0.5408295713092334,2664.859661722884
all_queries,bending_statistic,DLO4,70.pkl,empirical_horizon_centered,0.7135582778994186,3060.9684436731877
all_queries,bending_statistic,DLO4,81.pkl,empirical_horizon_centered,0.6772503402280318,2982.0762502193916
all_queries,bending_statistic,DLO4,84.pkl,empirical_horizon_centered,0.2579257589457429,1840.312121074998
all_queries,bending_statistic,DLO4,93.pkl,empirical_horizon_centered,0.4043990555980274,2304.353985158292
all_queries,bending_statistic,DLO4,96.pkl,empirical_horizon_centered,0.3603797831669851,2175.325935727227
all_queries,bending_statistic,DLO4,11.pkl,empirical_symmetric_residual,0.2945735937032514,1966.7132085179965
all_queries,bending_statistic,DLO4,16.pkl,empirical_symmetric_residual,0.4221917411630178,2354.5016262628533
all_queries,bending_statistic,DLO4,30.pkl,empirical_symmetric_residual,0.33578723218308676,2099.7917127951446
all_queries,bending_statistic,DLO4,35.pkl,empirical_symmetric_residual,0.36464393200644785,2188.1577261292427
all_queries,bending_statistic,DLO4,41.pkl,empirical_symmetric_residual,0.48619912456180187,2526.6856525618573
all_queries,bending_statistic,DLO4,5.pkl,empirical_symmetric_residual,0.34118460086861707,2116.600228584648
all_queries,bending_statistic,DLO4,56.pkl,empirical_symmetric_residual,0.41452003488274736,2333.0115616887833
all_queries,bending_statistic,DLO4,58.pkl,empirical_symmetric_residual,0.31010500384025547,2017.8947714588808
all_queries,bending_statistic,DLO4,66.pkl,empirical_symmetric_residual,0.5668879315581727,2728.303836567105
all_queries,bending_statistic,DLO4,70.pkl,empirical_symmetric_residual,0.754081402665225,3146.684806177988
all_queries,bending_statistic,DLO4,81.pkl,empirical_symmetric_residual,0.699174616948162,3029.960414321798
all_queries,bending_statistic,DLO4,84.pkl,empirical_symmetric_residual,0.27311105668545677,1893.7112940195525
all_queries,bending_statistic,DLO4,93.pkl,empirical_symmetric_residual,0.42876864913879337,2372.7699822358104
all_queries,bending_statistic,DLO4,96.pkl,empirical_symmetric_residual,0.39708142399395446,2283.410077099755
all_queries,bending_statistic,DLO4,11.pkl,source_query_bias,0.14810796075371374,1394.5475569118548
all_queries,bending_statistic,DLO4,16.pkl,source_query_bias,0.20615463484411417,1645.2832624253929
all_queries,bending_statistic,DLO4,30.pkl,source_query_bias,0.24446059434948486,1791.6309644365251
all_queries,bending_statistic,DLO4,35.pkl,source_query_bias,0.29439344765590864,1966.1117462651755
all_queries,bending_statistic,DLO4,41.pkl,source_query_bias,0.25535947550820826,1831.13395899654
all_queries,bending_statistic,DLO4,5.pkl,source_query_bias,0.15671212373590657,1434.4830669737162
all_queries,bending_statistic,DLO4,56.pkl,source_query_bias,0.23467984338492515,1755.4239643319115
all_queries,bending_statistic,DLO4,58.pkl,source_query_bias,0.16542548823071157,1473.8230368420132
all_queries,bending_statistic,DLO4,66.pkl,source_query_bias,0.33907079632159387,2110.033357599975
all_queries,bending_statistic,DLO4,70.pkl,source_query_bias,0.3721212110577707,2210.4787326931346
all_queries,bending_statistic,DLO4,81.pkl,source_query_bias,0.4833932273195668,2519.3842422227076
all_queries,bending_statistic,DLO4,84.pkl,source_query_bias,0.24664462788399089,1799.6164665711879
all_queries,bending_statistic,DLO4,93.pkl,source_query_bias,0.27908191817443767,1914.2999044324001
all_queries,bending_statistic,DLO4,96.pkl,source_query_bias,0.17427180620469687,1512.7170231681341
all_queries,bending_statistic,DLO4,11.pkl,source_query_horizon_bias,0.15783554809005088,1439.6155842469618
all_queries,bending_statistic,DLO4,16.pkl,source_query_horizon_bias,0.2736638164506257,1895.6267021875346
all_queries,bending_statistic,DLO4,30.pkl,source_query_horizon_bias,0.2588670938396101,1843.6672963949702
all_queries,bending_statistic,DLO4,35.pkl,source_query_horizon_bias,0.3374468207990336,2104.974302997433
all_queries,bending_statistic,DLO4,41.pkl,source_query_horizon_bias,0.3196093822848615,2048.584525729917
all_queries,bending_statistic,DLO4,5.pkl,source_query_horizon_bias,0.21357570261766978,1674.6345609777031
all_queries,bending_statistic,DLO4,56.pkl,source_query_horizon_bias,0.2806815836612378,1919.7783387545899
all_queries,bending_statistic,DLO4,58.pkl,source_query_horizon_bias,0.20287949185846976,1632.1617739316077
all_queries,bending_statistic,DLO4,66.pkl,source_query_horizon_bias,0.3597134575608295,2173.313966599309
all_queries,bending_statistic,DLO4,70.pkl,source_query_horizon_bias,0.3983562418252803,2287.0725491836956
all_queries,bending_statistic,DLO4,81.pkl,source_query_horizon_bias,0.49112740244121256,2539.459033217207
all_queries,bending_statistic,DLO4,84.pkl,source_query_horizon_bias,0.28173423327975683,1923.3748746138722
all_queries,bending_statistic,DLO4,93.pkl,source_query_horizon_bias,0.2678585805900477,1875.41294582299
all_queries,bending_statistic,DLO4,96.pkl,source_query_horizon_bias,0.2278269601917625,1729.604019159641
all_queries,bending_statistic,DLO4,11.pkl,source_query_ridge,0.12589600235460652,1285.7309489753065
all_queries,bending_statistic,DLO4,16.pkl,source_query_ridge,0.1959963711997539,1604.2355766508822
all_queries,bending_statistic,DLO4,30.pkl,source_query_ridge,0.27544943176785064,1901.8009868137483
all_queries,bending_statistic,DLO4,35.pkl,source_query_ridge,0.19941534814942238,1618.167292030362
all_queries,bending_statistic,DLO4,41.pkl,source_query_ridge,0.23667094515782694,1762.855035814327
all_queries,bending_statistic,DLO4,5.pkl,source_query_ridge,0.12284064803690999,1270.0335024663214
all_queries,bending_statistic,DLO4,56.pkl,source_query_ridge,0.26419885230066703,1862.5570813790916
all_queries,bending_statistic,DLO4,58.pkl,source_query_ridge,0.2041309170121893,1637.1878813422682
all_queries,bending_statistic,DLO4,66.pkl,source_query_ridge,0.3385722002549028,2108.4814082956564
all_queries,bending_statistic,DLO4,70.pkl,source_query_ridge,0.36265522807071743,2182.1826543582015
all_queries,bending_statistic,DLO4,81.pkl,source_query_ridge,0.4376042536223179,2397.0930647566574
all_queries,bending_statistic,DLO4,84.pkl,source_query_ridge,0.18120241141384666,1542.5033448915058
all_queries,bending_statistic,DLO4,93.pkl,source_query_ridge,0.2660942180614452,1869.2261452790892
all_queries,bending_statistic,DLO4,96.pkl,source_query_ridge,0.16516521520435024,1472.6631569820129
heldout_queries,squared_distance,DLO4,11.pkl,point_plugin,0.03687296092755691,11752.07190052613
heldout_queries,squared_distance,DLO4,16.pkl,point_plugin,0.03798224595409864,11927.536496760278
heldout_queries,squared_distance,DLO4,30.pkl,point_plugin,0.030180117953107797,10632.145215982247
heldout_queries,squared_distance,DLO4,35.pkl,point_plugin,0.05221008910386543,13984.200769711277
heldout_queries,squared_distance,DLO4,41.pkl,point_plugin,0.047149120083012495,13289.15079039105
heldout_queries,squared_distance,DLO4,5.pkl,point_plugin,0.04558075362659808,13066.256636750682
heldout_queries,squared_distance,DLO4,56.pkl,point_plugin,0.05266086298298428,14044.439744943882
heldout_queries,squared_distance,DLO4,58.pkl,point_plugin,0.03306662038796091,11128.979388224425
heldout_queries,squared_distance,DLO4,66.pkl,point_plugin,0.06944700762911199,16128.248337303363
heldout_queries,squared_distance,DLO4,70.pkl,point_plugin,0.061704252156974546,15202.603886001843
heldout_queries,squared_distance,DLO4,81.pkl,point_plugin,0.09195228016466728,18558.449299403852
heldout_queries,squared_distance,DLO4,84.pkl,point_plugin,0.046944354196292136,13260.26238654997
heldout_queries,squared_distance,DLO4,93.pkl,point_plugin,0.04854738876980721,13484.76464508981
heldout_queries,squared_distance,DLO4,96.pkl,point_plugin,0.03876290326326006,12049.487679210373
heldout_queries,squared_distance,DLO4,11.pkl,native_block_posterior,0.029810232556151166,10566.790943381351
heldout_queries,squared_distance,DLO4,16.pkl,native_block_posterior,0.02918377090953352,10455.170919704837
heldout_queries,squared_distance,DLO4,30.pkl,native_block_posterior,0.02496750350776131,9670.47915291013
heldout_queries,squared_distance,DLO4,35.pkl,native_block_posterior,0.045086025123393214,12995.153314853364
heldout_queries,squared_distance,DLO4,41.pkl,native_block_posterior,0.039043313887652704,12092.992106373007
heldout_queries,squared_distance,DLO4,5.pkl,native_block_posterior,0.0346390990533459,11390.52462035761
heldout_queries,squared_distance,DLO4,56.pkl,native_block_posterior,0.04638197843350937,13180.596590174198
heldout_queries,squared_distance,DLO4,58.pkl,native_block_posterior,0.025797996285015237,9829.997812732312
heldout_queries,squared_distance,DLO4,66.pkl,native_block_posterior,0.058763408556099815,14835.900867886521
heldout_queries,squared_distance,DLO4,70.pkl,native_block_posterior,0.048037170136871074,13413.717044631574
heldout_queries,squared_distance,DLO4,81.pkl,native_block_posterior,0.08634933550836878,17984.150702693587
heldout_queries,squared_distance,DLO4,84.pkl,native_block_posterior,0.038635231851972,12029.627919297038
heldout_queries,squared_distance,DLO4,93.pkl,native_block_posterior,0.04081630387633322,12364.520260993771
heldout_queries,squared_distance,DLO4,96.pkl,native_block_posterior,0.02850793354121185,10333.401453624576
heldout_queries,squared_distance,DLO4,11.pkl,source_coupled_posterior_extension,0.029912983627992242,10584.98629126564
heldout_queries,squared_distance,DLO4,16.pkl,source_coupled_posterior_extension,0.029775904984961778,10560.705168090948
heldout_queries,squared_distance,DLO4,30.pkl,source_coupled_posterior_extension,0.02462871693787552,9604.645210460838
heldout_queries,squared_distance,DLO4,35.pkl,source_coupled_posterior_extension,0.04525159765743519,13018.992948897767
heldout_queries,squared_distance,DLO4,41.pkl,source_coupled_posterior_extension,0.03915957799867486,12110.984122182746
heldout_queries,squared_distance,DLO4,5.pkl,source_coupled_posterior_extension,0.03534559580480974,11506.098475627605
heldout_queries,squared_distance,DLO4,56.pkl,source_coupled_posterior_extension,0.04631036764423274,13170.417663378435
heldout_queries,squared_distance,DLO4,58.pkl,source_coupled_posterior_extension,0.02585150451193248,9840.18684622154
heldout_queries,squared_distance,DLO4,66.pkl,source_coupled_posterior_extension,0.05925330831105396,14897.614602521453
heldout_queries,squared_distance,DLO4,70.pkl,source_coupled_posterior_extension,0.04920706400379786,13576.072851728502
heldout_queries,squared_distance,DLO4,81.pkl,source_coupled_posterior_extension,0.08631684746226469,17980.767208886402
heldout_queries,squared_distance,DLO4,84.pkl,source_coupled_posterior_extension,0.03899021966940824,12084.766800545362
heldout_queries,squared_distance,DLO4,93.pkl,source_coupled_posterior_extension,0.04102558000950528,12396.177838859205
heldout_queries,squared_distance,DLO4,96.pkl,source_coupled_posterior_extension,0.029250957020191457,10467.198811014703
heldout_queries,squared_distance,DLO4,11.pkl,empirical_global_centered,0.03297788136262798,11114.036248624529
heldout_queries,squared_distance,DLO4,16.pkl,empirical_global_centered,0.03337423633652112,11180.625524306128
heldout_queries,squared_distance,DLO4,30.pkl,empirical_global_centered,0.027100341731589428,10075.0640768085
heldout_queries,squared_distance,DLO4,35.pkl,empirical_global_centered,0.04811955805465197,13425.214961474507
heldout_queries,squared_distance,DLO4,41.pkl,empirical_global_centered,0.043186777573849026,12718.498210629896
heldout_queries,squared_distance,DLO4,5.pkl,empirical_global_centered,0.04036769577174747,12296.383891939695
heldout_queries,squared_distance,DLO4,56.pkl,empirical_global_centered,0.049231757108196286,13579.478799071652
heldout_queries,squared_distance,DLO4,58.pkl,empirical_global_centered,0.02912190994625352,10444.084106270913
heldout_queries,squared_distance,DLO4,66.pkl,empirical_global_centered,0.06490556039218452,15591.984171738522
heldout_queries,squared_distance,DLO4,70.pkl,empirical_global_centered,0.05611209214409486,14497.351341691256
heldout_queries,squared_distance,DLO4,81.pkl,empirical_global_centered,0.08885989872253353,18243.717565229686
heldout_queries,squared_distance,DLO4,84.pkl,empirical_global_centered,0.04244563015573229,12608.892035038363
heldout_queries,squared_distance,DLO4,93.pkl,empirical_global_centered,0.044422511088989765,12899.176506323356
heldout_queries,squared_distance,DLO4,96.pkl,empirical_global_centered,0.03429396526294917,11333.63664402518
heldout_queries,squared_distance,DLO4,11.pkl,empirical_horizon_centered,0.03366647434583121,11229.469821279334
heldout_queries,squared_distance,DLO4,16.pkl,empirical_horizon_centered,0.034428284994799115,11355.810272834717
heldout_queries,squared_distance,DLO4,30.pkl,empirical_horizon_centered,0.02809211794806095,10257.7633339915
heldout_queries,squared_distance,DLO4,35.pkl,empirical_horizon_centered,0.04913692479716757,13566.393809100271
heldout_queries,squared_distance,DLO4,41.pkl,empirical_horizon_centered,0.0438771109361942,12819.746729995892
heldout_queries,squared_distance,DLO4,5.pkl,empirical_horizon_centered,0.04132652436666647,12441.561028327918
heldout_queries,squared_distance,DLO4,56.pkl,empirical_horizon_centered,0.050545325556358225,13759.445498688307
heldout_queries,squared_distance,DLO4,58.pkl,empirical_horizon_centered,0.03028152748518651,10649.993003457139
heldout_queries,squared_distance,DLO4,66.pkl,empirical_horizon_centered,0.06582488997913591,15702.01920491917
heldout_queries,squared_distance,DLO4,70.pkl,empirical_horizon_centered,0.05710246549298757,14624.73021338951
heldout_queries,squared_distance,DLO4,81.pkl,empirical_horizon_centered,0.08981748728671235,18341.754821991548
heldout_queries,squared_distance,DLO4,84.pkl,empirical_horizon_centered,0.04346054522443855,12758.746787785705
heldout_queries,squared_distance,DLO4,93.pkl,empirical_horizon_centered,0.04561139545516272,13070.647818317258
heldout_queries,squared_distance,DLO4,96.pkl,empirical_horizon_centered,0.035244387431632634,11489.613418681707
heldout_queries,squared_distance,DLO4,11.pkl,empirical_symmetric_residual,0.03233461512493852,11005.107298673985
heldout_queries,squared_distance,DLO4,16.pkl,empirical_symmetric_residual,0.03258413713838591,11047.488183685791
heldout_queries,squared_distance,DLO4,30.pkl,empirical_symmetric_residual,0.026605069583943486,9982.576173452218
heldout_queries,squared_distance,DLO4,35.pkl,empirical_symmetric_residual,0.047491017943259495,13337.246334710611
heldout_queries,squared_distance,DLO4,41.pkl,empirical_symmetric_residual,0.04249052180146005,12615.558025484024
heldout_queries,squared_distance,DLO4,5.pkl,empirical_symmetric_residual,0.039509167513433315,12164.923234314036
heldout_queries,squared_distance,DLO4,56.pkl,empirical_symmetric_residual,0.04871477309211202,13507.991393475477
heldout_queries,squared_distance,DLO4,58.pkl,empirical_symmetric_residual,0.02846611869039732,10325.820262218263
heldout_queries,squared_distance,DLO4,66.pkl,empirical_symmetric_residual,0.06409617329830894,15494.461391462084
heldout_queries,squared_distance,DLO4,70.pkl,empirical_symmetric_residual,0.05502707776940553,14356.50274407718
heldout_queries,squared_distance,DLO4,81.pkl,empirical_symmetric_residual,0.0882598044151541,18182.010892757382
heldout_queries,squared_distance,DLO4,84.pkl,empirical_symmetric_residual,0.041799748156361324,12512.591485613204
heldout_queries,squared_distance,DLO4,93.pkl,empirical_symmetric_residual,0.043714194635753274,12795.924650871195
heldout_queries,squared_distance,DLO4,96.pkl,empirical_symmetric_residual,0.03350188892986391,11201.987416751888
heldout_queries,squared_distance,DLO4,11.pkl,source_query_bias,0.02854377064504726,10339.894433413465
heldout_queries,squared_distance,DLO4,16.pkl,source_query_bias,0.02888637929529573,10401.763806629953
heldout_queries,squared_distance,DLO4,30.pkl,source_query_bias,0.0243373285227234,9547.6586921908
heldout_queries,squared_distance,DLO4,35.pkl,source_query_bias,0.044524128713507846,12913.921675901796
heldout_queries,squared_distance,DLO4,41.pkl,source_query_bias,0.039165159042730095,12111.847123410727
heldout_queries,squared_distance,DLO4,5.pkl,source_query_bias,0.03433127590652947,11339.800269620697
heldout_queries,squared_distance,DLO4,56.pkl,source_query_bias,0.04618754271511453,13152.940695319347
heldout_queries,squared_distance,DLO4,58.pkl,source_query_bias,0.02539920492810232,9753.724720033406
heldout_queries,squared_distance,DLO4,66.pkl,source_query_bias,0.06042972060971058,15044.776016124702
heldout_queries,squared_distance,DLO4,70.pkl,source_query_bias,0.04950574297687917,13617.212808506958
heldout_queries,squared_distance,DLO4,81.pkl,source_query_bias,0.08589272604200665,17936.53818791453
heldout_queries,squared_distance,DLO4,84.pkl,source_query_bias,0.0387233804118558,12043.343253425388
heldout_queries,squared_distance,DLO4,93.pkl,source_query_bias,0.04028509565384228,12283.797059288256
heldout_queries,squared_distance,DLO4,96.pkl,source_query_bias,0.02938670357130741,10491.45855497978
heldout_queries,squared_distance,DLO4,11.pkl,source_query_horizon_bias,0.028713102934571463,10370.519135703562
heldout_queries,squared_distance,DLO4,16.pkl,source_query_horizon_bias,0.029251274461980007,10467.255607742663
heldout_queries,squared_distance,DLO4,30.pkl,source_query_horizon_bias,0.024216173928296895,9523.864258131365
heldout_queries,squared_distance,DLO4,35.pkl,source_query_horizon_bias,0.04492068228104005,12971.303029448465
heldout_queries,squared_distance,DLO4,41.pkl,source_query_horizon_bias,0.03937951394788331,12144.946582595407
heldout_queries,squared_distance,DLO4,5.pkl,source_query_horizon_bias,0.034659697292384946,11393.910821003978
heldout_queries,squared_distance,DLO4,56.pkl,source_query_horizon_bias,0.0461310260486678,13144.89103671096
heldout_queries,squared_distance,DLO4,58.pkl,source_query_horizon_bias,0.025257973166735233,9726.56922425315
heldout_queries,squared_distance,DLO4,66.pkl,source_query_horizon_bias,0.06039477477621154,15040.425273944085
heldout_queries,squared_distance,DLO4,70.pkl,source_query_horizon_bias,0.049759294159770706,13652.039584771721
heldout_queries,squared_distance,DLO4,81.pkl,source_query_horizon_bias,0.08604637346507245,17952.573722233883
heldout_queries,squared_distance,DLO4,84.pkl,source_query_horizon_bias,0.0384540619508277,12001.389866298021
heldout_queries,squared_distance,DLO4,93.pkl,source_query_horizon_bias,0.040539458264910566,12322.516367506183
heldout_queries,squared_distance,DLO4,96.pkl,source_query_horizon_bias,0.029236070111135323,10464.534897011636
heldout_queries,squared_distance,DLO4,11.pkl,source_query_ridge,0.04605499830201518,13134.054636195153
heldout_queries,squared_distance,DLO4,16.pkl,source_query_ridge,0.03371504945313041,11237.568027244766
heldout_queries,squared_distance,DLO4,30.pkl,source_query_ridge,0.0316074887666807,10880.664754072803
heldout_queries,squared_distance,DLO4,35.pkl,source_query_ridge,0.043432630291749125,12754.64862512923
heldout_queries,squared_distance,DLO4,41.pkl,source_query_ridge,0.04265744913482029,12640.314337523232
heldout_queries,squared_distance,DLO4,5.pkl,source_query_ridge,0.0261510043664679,9897.023919093113
heldout_queries,squared_distance,DLO4,56.pkl,source_query_ridge,0.05086682363734396,13803.13522988138
heldout_queries,squared_distance,DLO4,58.pkl,source_query_ridge,0.03148852519846423,10860.169247899774
heldout_queries,squared_distance,DLO4,66.pkl,source_query_ridge,0.064763689292891,15574.934307101481
heldout_queries,squared_distance,DLO4,70.pkl,source_query_ridge,0.05825254684309906,14771.271890530621
heldout_queries,squared_distance,DLO4,81.pkl,source_query_ridge,0.09863637531508516,19221.13307404711
heldout_queries,squared_distance,DLO4,84.pkl,source_query_ridge,0.04128595404223998,12435.452577201477
heldout_queries,squared_distance,DLO4,93.pkl,source_query_ridge,0.07219056409381526,16443.741879114164
heldout_queries,squared_distance,DLO4,96.pkl,source_query_ridge,0.025937366906868917,9856.514747245474
heldout_queries,bending_statistic,DLO4,11.pkl,point_plugin,0.5693760329457543,1778.8657224211097
heldout_queries,bending_statistic,DLO4,16.pkl,point_plugin,0.836421733296994,2156.0371012499513
heldout_queries,bending_statistic,DLO4,30.pkl,point_plugin,0.910200644933794,2249.1175011534383
heldout_queries,bending_statistic,DLO4,35.pkl,point_plugin,1.1481470183446656,2526.052233892825
heldout_queries,bending_statistic,DLO4,41.pkl,point_plugin,1.1131232741551542,2487.2257613796737
heldout_queries,bending_statistic,DLO4,5.pkl,point_plugin,0.6793683856397865,1943.1048782752223
heldout_queries,bending_statistic,DLO4,56.pkl,point_plugin,0.8813222920370979,2213.150525779324
heldout_queries,bending_statistic,DLO4,58.pkl,point_plugin,0.666712327836698,1924.9205913400453
heldout_queries,bending_statistic,DLO4,66.pkl,point_plugin,1.5843932553241362,2967.3930009984615
heldout_queries,bending_statistic,DLO4,70.pkl,point_plugin,2.089766686797187,3407.9442092341847
heldout_queries,bending_statistic,DLO4,81.pkl,point_plugin,1.9941796976295671,3329.091414659966
heldout_queries,bending_statistic,DLO4,84.pkl,point_plugin,0.8361930340438554,2155.742323050602
heldout_queries,bending_statistic,DLO4,93.pkl,point_plugin,1.0740109525598742,2443.1376172966247
heldout_queries,bending_statistic,DLO4,96.pkl,point_plugin,0.8892056477956236,2223.026714666384
heldout_queries,bending_statistic,DLO4,11.pkl,native_block_posterior,94.90413097322492,22966.040898836236
heldout_queries,bending_statistic,DLO4,16.pkl,native_block_posterior,82.95607860191188,21471.76190537555
heldout_queries,bending_statistic,DLO4,30.pkl,native_block_posterior,110.78171907765672,24812.9057311714
heldout_queries,bending_statistic,DLO4,35.pkl,native_block_posterior,110.52783325244006,24784.456729970523
heldout_queries,bending_statistic,DLO4,41.pkl,native_block_posterior,101.51867378271972,23752.894692512247
heldout_queries,bending_statistic,DLO4,5.pkl,native_block_posterior,83.89043970686447,21592.345008962082
heldout_queries,bending_statistic,DLO4,56.pkl,native_block_posterior,90.65775419288411,22446.366705961533
heldout_queries,bending_statistic,DLO4,58.pkl,native_block_posterior,106.59307242279155,24339.29899157378
heldout_queries,bending_statistic,DLO4,66.pkl,native_block_posterior,115.52490399209928,25338.528116713947
heldout_queries,bending_statistic,DLO4,70.pkl,native_block_posterior,109.24833853246179,24640.583957192044
heldout_queries,bending_statistic,DLO4,81.pkl,native_block_posterior,92.38302379047195,22658.943789100056
heldout_queries,bending_statistic,DLO4,84.pkl,native_block_posterior,100.34233550148899,23614.87646953169
heldout_queries,bending_statistic,DLO4,93.pkl,native_block_posterior,95.36014457438523,23021.150600482742
heldout_queries,bending_statistic,DLO4,96.pkl,native_block_posterior,101.52146420070703,23753.221135159085
heldout_queries,bending_statistic,DLO4,11.pkl,source_coupled_posterior_extension,29.04091436199582,12704.240849278822
heldout_queries,bending_statistic,DLO4,16.pkl,source_coupled_posterior_extension,25.876330540616987,11992.09114251425
heldout_queries,bending_statistic,DLO4,30.pkl,source_coupled_posterior_extension,32.32471694854243,13403.275388733136
heldout_queries,bending_statistic,DLO4,35.pkl,source_coupled_posterior_extension,32.90513916515407,13523.07452674534
heldout_queries,bending_statistic,DLO4,41.pkl,source_coupled_posterior_extension,32.029846775445776,13342.002142891866
heldout_queries,bending_statistic,DLO4,5.pkl,source_coupled_posterior_extension,26.05925761340239,12034.404229312426
heldout_queries,bending_statistic,DLO4,56.pkl,source_coupled_posterior_extension,27.28764207734923,12314.777810910751
heldout_queries,bending_statistic,DLO4,58.pkl,source_coupled_posterior_extension,31.722770038755485,13277.891852205821
heldout_queries,bending_statistic,DLO4,66.pkl,source_coupled_posterior_extension,35.62693544436809,14071.2542071271
heldout_queries,bending_statistic,DLO4,70.pkl,source_coupled_posterior_extension,35.358115097578406,14018.066894762842
heldout_queries,bending_statistic,DLO4,81.pkl,source_coupled_posterior_extension,29.3175197840359,12764.59938160268
heldout_queries,bending_statistic,DLO4,84.pkl,source_coupled_posterior_extension,29.16347136389682,12731.019524720432
heldout_queries,bending_statistic,DLO4,93.pkl,source_coupled_posterior_extension,29.469899165570595,12797.72873445683
heldout_queries,bending_statistic,DLO4,96.pkl,source_coupled_posterior_extension,31.02760641411259,13131.602030135671
heldout_queries,bending_statistic,DLO4,11.pkl,empirical_global_centered,0.8201398242541195,2134.9491029903647
heldout_queries,bending_statistic,DLO4,16.pkl,empirical_global_centered,1.1766511598060774,2557.2161535085725
heldout_queries,bending_statistic,DLO4,30.pkl,empirical_global_centered,1.0218867952726192,2383.114829469075
heldout_queries,bending_statistic,DLO4,35.pkl,empirical_global_centered,1.3299303775091826,2718.67960076813
heldout_queries,bending_statistic,DLO4,41.pkl,empirical_global_centered,1.4675605498221536,2855.890750683236
heldout_queries,bending_statistic,DLO4,5.pkl,empirical_global_centered,0.9798822858535966,2333.622099088658
heldout_queries,bending_statistic,DLO4,56.pkl,empirical_global_centered,1.1395627440187295,2516.5913335642726
heldout_queries,bending_statistic,DLO4,58.pkl,empirical_global_centered,0.871028402804073,2200.187707609281
heldout_queries,bending_statistic,DLO4,66.pkl,empirical_global_centered,1.9076353323007853,3256.0514172412672
heldout_queries,bending_statistic,DLO4,70.pkl,empirical_global_centered,2.5909105502199257,3794.6330526193765
heldout_queries,bending_statistic,DLO4,81.pkl,empirical_global_centered,2.3246561162374784,3594.3712692313848
heldout_queries,bending_statistic,DLO4,84.pkl,empirical_global_centered,0.9437488688211656,2290.191495310672
heldout_queries,bending_statistic,DLO4,93.pkl,empirical_global_centered,1.3145317727631836,2702.894654340464
heldout_queries,bending_statistic,DLO4,96.pkl,empirical_global_centered,1.208299073273358,2591.3781748427928
heldout_queries,bending_statistic,DLO4,11.pkl,empirical_horizon_centered,0.7854357980204827,2089.290940973784
heldout_queries,bending_statistic,DLO4,16.pkl,empirical_horizon_centered,1.0996071485979184,2472.079042424006
heldout_queries,bending_statistic,DLO4,30.pkl,empirical_horizon_centered,0.9926718194570809,2348.802075792045
heldout_queries,bending_statistic,DLO4,35.pkl,empirical_horizon_centered,1.2844509274761773,2671.7900850536585
heldout_queries,bending_statistic,DLO4,41.pkl,empirical_horizon_centered,1.4199107090133138,2809.1445863046893
heldout_queries,bending_statistic,DLO4,5.pkl,empirical_horizon_centered,0.94040558819387,2286.1313336173284
heldout_queries,bending_statistic,DLO4,56.pkl,empirical_horizon_centered,1.1357696317046337,2512.3995195266834
heldout_queries,bending_statistic,DLO4,58.pkl,empirical_horizon_centered,0.8407766822123663,2161.642671337045
heldout_queries,bending_statistic,DLO4,66.pkl,empirical_horizon_centered,1.8610625583422997,3216.059399873564
heldout_queries,bending_statistic,DLO4,70.pkl,empirical_horizon_centered,2.5051412467098673,3731.2958433785725
heldout_queries,bending_statistic,DLO4,81.pkl,empirical_horizon_centered,2.2773563853362333,3557.6160442382416
heldout_queries,bending_statistic,DLO4,84.pkl,empirical_horizon_centered,0.9346661458856592,2279.144348187843
heldout_queries,bending_statistic,DLO4,93.pkl,empirical_horizon_centered,1.2778078709650371,2664.8720080306684
heldout_queries,bending_statistic,DLO4,96.pkl,empirical_horizon_centered,1.1432576592615884,2520.667926314374
heldout_queries,bending_statistic,DLO4,11.pkl,empirical_symmetric_residual,0.8726165442399422,2202.192589402455
heldout_queries,bending_statistic,DLO4,16.pkl,empirical_symmetric_residual,1.2404658293976474,2625.6448262081135
heldout_queries,bending_statistic,DLO4,30.pkl,empirical_symmetric_residual,1.0467825442549943,2411.96949856946
heldout_queries,bending_statistic,DLO4,35.pkl,empirical_symmetric_residual,1.3633391446294365,2752.6153523772746
heldout_queries,bending_statistic,DLO4,41.pkl,empirical_symmetric_residual,1.5333869533161522,2919.2376892489897
heldout_queries,bending_statistic,DLO4,5.pkl,empirical_symmetric_residual,1.0348878078891117,2398.226573058378
heldout_queries,bending_statistic,DLO4,56.pkl,empirical_symmetric_residual,1.1954799466878427,2577.595253187672
heldout_queries,bending_statistic,DLO4,58.pkl,empirical_symmetric_residual,0.91668937508836,2257.1201318288895
heldout_queries,bending_statistic,DLO4,66.pkl,empirical_symmetric_residual,1.9601815634834456,3300.5911100113885
heldout_queries,bending_statistic,DLO4,70.pkl,empirical_symmetric_residual,2.666412679825076,3849.5260109873057
heldout_queries,bending_statistic,DLO4,81.pkl,empirical_symmetric_residual,2.385185317876837,3640.865530019093
heldout_queries,bending_statistic,DLO4,84.pkl,empirical_symmetric_residual,0.9726817459205495,2325.0321273146988
heldout_queries,bending_statistic,DLO4,93.pkl,empirical_symmetric_residual,1.3661857812432991,2755.487568630498
heldout_queries,bending_statistic,DLO4,96.pkl,empirical_symmetric_residual,1.2615307146457608,2647.8445806555465
heldout_queries,bending_statistic,DLO4,11.pkl,source_query_bias,0.5745831032804359,1786.9812711703225
heldout_queries,bending_statistic,DLO4,16.pkl,source_query_bias,0.8450320402813494,2167.10604475368
heldout_queries,bending_statistic,DLO4,30.pkl,source_query_bias,0.9073450506237756,2245.586624466719
heldout_queries,bending_statistic,DLO4,35.pkl,source_query_bias,1.151755697702679,2530.0188692041975
heldout_queries,bending_statistic,DLO4,41.pkl,source_query_bias,1.12198993656508,2497.112199278043
heldout_queries,bending_statistic,DLO4,5.pkl,source_query_bias,0.6865583771921531,1953.360092922997
heldout_queries,bending_statistic,DLO4,56.pkl,source_query_bias,0.8850482681551743,2217.82387222318
heldout_queries,bending_statistic,DLO4,58.pkl,source_query_bias,0.6689196025430226,1928.1043615594986
heldout_queries,bending_statistic,DLO4,66.pkl,source_query_bias,1.589593313952778,2972.2585787979465
heldout_queries,bending_statistic,DLO4,70.pkl,source_query_bias,2.0989473855739917,3415.4218434823138
heldout_queries,bending_statistic,DLO4,81.pkl,source_query_bias,1.9998782484743516,3333.844612981604
heldout_queries,bending_statistic,DLO4,84.pkl,source_query_bias,0.8372388054887255,2157.089924173176
heldout_queries,bending_statistic,DLO4,93.pkl,source_query_bias,1.0777940536799022,2447.436694443361
heldout_queries,bending_statistic,DLO4,96.pkl,source_query_bias,0.8937300653572686,2228.6750928198203
heldout_queries,bending_statistic,DLO4,11.pkl,source_query_horizon_bias,0.5772441356573628,1791.1144610160077
heldout_queries,bending_statistic,DLO4,16.pkl,source_query_horizon_bias,0.8513767989186133,2175.226477602813
heldout_queries,bending_statistic,DLO4,30.pkl,source_query_horizon_bias,0.9128362191248564,2252.371416212701
heldout_queries,bending_statistic,DLO4,35.pkl,source_query_horizon_bias,1.1507548768685616,2528.9193973688107
heldout_queries,bending_statistic,DLO4,41.pkl,source_query_horizon_bias,1.1369848717634814,2513.743256932262
heldout_queries,bending_statistic,DLO4,5.pkl,source_query_horizon_bias,0.6898792359978941,1958.0785611904694
heldout_queries,bending_statistic,DLO4,56.pkl,source_query_horizon_bias,0.8815655304524959,2213.4559112742854
heldout_queries,bending_statistic,DLO4,58.pkl,source_query_horizon_bias,0.6711387655030577,1931.299988428242
heldout_queries,bending_statistic,DLO4,66.pkl,source_query_horizon_bias,1.5795398089543864,2962.8445313926545
heldout_queries,bending_statistic,DLO4,70.pkl,source_query_horizon_bias,2.1014555053706525,3417.4618492663535
heldout_queries,bending_statistic,DLO4,81.pkl,source_query_horizon_bias,2.0098562973683043,3342.151087372508
heldout_queries,bending_statistic,DLO4,84.pkl,source_query_horizon_bias,0.8482081648466696,2171.1748509994936
heldout_queries,bending_statistic,DLO4,93.pkl,source_query_horizon_bias,1.0844954623758274,2455.033627206553
heldout_queries,bending_statistic,DLO4,96.pkl,source_query_horizon_bias,0.8968523518209301,2232.5646873538235
heldout_queries,bending_statistic,DLO4,11.pkl,source_query_ridge,0.39528576695107526,1482.1739089781
heldout_queries,bending_statistic,DLO4,16.pkl,source_query_ridge,0.6502930059417291,1901.0700376178272
heldout_queries,bending_statistic,DLO4,30.pkl,source_query_ridge,1.3349259344558655,2723.7808410922576
heldout_queries,bending_statistic,DLO4,35.pkl,source_query_ridge,0.8570651821298256,2182.4811517136422
heldout_queries,bending_statistic,DLO4,41.pkl,source_query_ridge,0.6986242356041794,1970.4499096700347
heldout_queries,bending_statistic,DLO4,5.pkl,source_query_ridge,0.311816683837807,1316.4162959136486
heldout_queries,bending_statistic,DLO4,56.pkl,source_query_ridge,0.8831588202065646,2215.455243407893
heldout_queries,bending_statistic,DLO4,58.pkl,source_query_ridge,0.9054410561777384,2243.229290940927
heldout_queries,bending_statistic,DLO4,66.pkl,source_query_ridge,1.1687778493089975,2548.6462600623377
heldout_queries,bending_statistic,DLO4,70.pkl,source_query_ridge,0.8014949412186418,2110.541850465841
heldout_queries,bending_statistic,DLO4,81.pkl,source_query_ridge,1.583698146564162,2966.7419987470143
heldout_queries,bending_statistic,DLO4,84.pkl,source_query_ridge,0.9236205715633701,2265.6372381912765
heldout_queries,bending_statistic,DLO4,93.pkl,source_query_ridge,1.1608512390525212,2539.9891423869176
heldout_queries,bending_statistic,DLO4,96.pkl,source_query_ridge,0.43988691243436745,1563.5583601666167
all_queries,squared_distance,DLO5,18.pkl,point_plugin,0.0014442829912414252,4698.415961750383
all_queries,squared_distance,DLO5,3.pkl,point_plugin,0.002651852040709828,6366.48850695439
all_queries,squared_distance,DLO5,31.pkl,point_plugin,0.006125179932937839,9675.752267161493
all_queries,squared_distance,DLO5,32.pkl,point_plugin,0.0020413718712915807,5585.8128138311295
all_queries,squared_distance,DLO5,33.pkl,point_plugin,0.00465642458847494,8436.291971324188
all_queries,squared_distance,DLO5,46.pkl,point_plugin,0.018567756076741684,16846.319224190855
all_queries,squared_distance,DLO5,56.pkl,point_plugin,0.0019683891053944923,5485.052530624751
all_queries,squared_distance,DLO5,58.pkl,point_plugin,0.002520912658054541,6207.321137982951
all_queries,squared_distance,DLO5,6.pkl,point_plugin,0.0013523222066513926,4546.376568277269
all_queries,squared_distance,DLO5,72.pkl,point_plugin,0.003783628612706312,7604.655861030012
all_queries,squared_distance,DLO5,82.pkl,point_plugin,0.0032603827111687004,7059.266955709674
all_queries,squared_distance,DLO5,85.pkl,point_plugin,0.005905808430822637,9500.905372339828
all_queries,squared_distance,DLO5,9.pkl,point_plugin,0.0014943369283834825,4779.1380900132635
all_queries,squared_distance,DLO5,99.pkl,point_plugin,0.004408725496778724,8208.841011119672
all_queries,squared_distance,DLO5,18.pkl,native_block_posterior,0.002337267447469957,5976.948586779295
all_queries,squared_distance,DLO5,3.pkl,native_block_posterior,0.0038933862647825943,7714.167437575219
all_queries,squared_distance,DLO5,31.pkl,native_block_posterior,0.006425635976747985,9910.221789823514
all_queries,squared_distance,DLO5,32.pkl,native_block_posterior,0.00225626677230862,5872.4663744085165
all_queries,squared_distance,DLO5,33.pkl,native_block_posterior,0.005215013777744576,8927.976633316568
all_queries,squared_distance,DLO5,46.pkl,native_block_posterior,0.01876804132339077,16936.933812836818
all_queries,squared_distance,DLO5,56.pkl,native_block_posterior,0.0015872451533172627,4925.465933713838
all_queries,squared_distance,DLO5,58.pkl,native_block_posterior,0.003238876646823128,7035.946345059636
all_queries,squared_distance,DLO5,6.pkl,native_block_posterior,0.0018078993482035753,5256.690878849535
all_queries,squared_distance,DLO5,72.pkl,native_block_posterior,0.004536323219664713,8326.784218265813
all_queries,squared_distance,DLO5,82.pkl,native_block_posterior,0.0041926980558195945,8005.198556929872
all_queries,squared_distance,DLO5,85.pkl,native_block_posterior,0.006482314909926002,9953.833626687287
all_queries,squared_distance,DLO5,9.pkl,native_block_posterior,0.002051593680467959,5599.780336345282
all_queries,squared_distance,DLO5,99.pkl,native_block_posterior,0.005313211652308043,9011.640809678189
all_queries,squared_distance,DLO5,18.pkl,source_coupled_posterior_extension,0.001960235806439223,5473.680876692883
all_queries,squared_distance,DLO5,3.pkl,source_coupled_posterior_extension,0.0033739004339255413,7181.107794921051
all_queries,squared_distance,DLO5,31.pkl,source_coupled_posterior_extension,0.006186858580709228,9724.34614309548
all_queries,squared_distance,DLO5,32.pkl,source_coupled_posterior_extension,0.002030527546767915,5570.956376104871
all_queries,squared_distance,DLO5,33.pkl,source_coupled_posterior_extension,0.004927489536423439,8678.370160124117
all_queries,squared_distance,DLO5,46.pkl,source_coupled_posterior_extension,0.018521013481797566,16825.101343192477
all_queries,squared_distance,DLO5,56.pkl,source_coupled_posterior_extension,0.0014766394870320582,4750.754121068934
all_queries,squared_distance,DLO5,58.pkl,source_coupled_posterior_extension,0.0029101455339129046,6669.337095428008
all_queries,squared_distance,DLO5,6.pkl,source_coupled_posterior_extension,0.0015231480754362076,4824.989559111355
all_queries,squared_distance,DLO5,72.pkl,source_coupled_posterior_extension,0.004178710833078647,7991.834365679922
all_queries,squared_distance,DLO5,82.pkl,source_coupled_posterior_extension,0.0038118358026124517,7632.949820135155
all_queries,squared_distance,DLO5,85.pkl,source_coupled_posterior_extension,0.006038016601432503,9606.661014925849
all_queries,squared_distance,DLO5,9.pkl,source_coupled_posterior_extension,0.0017167624110282812,5122.481666629393
all_queries,squared_distance,DLO5,99.pkl,source_coupled_posterior_extension,0.004934739208858775,8684.751930810538
all_queries,squared_distance,DLO5,18.pkl,empirical_global_centered,0.0015683929911008516,4896.127979659171
all_queries,squared_distance,DLO5,3.pkl,empirical_global_centered,0.0027835229449219598,6522.629610359236
all_queries,squared_distance,DLO5,31.pkl,empirical_global_centered,0.005999113214247589,9575.662789839094
all_queries,squared_distance,DLO5,32.pkl,empirical_global_centered,0.0019000371787158093,5388.977426140204
all_queries,squared_distance,DLO5,33.pkl,empirical_global_centered,0.004658956659230738,8438.585403184929
all_queries,squared_distance,DLO5,46.pkl,empirical_global_centered,0.01838297427526384,16762.284387966014
all_queries,squared_distance,DLO5,56.pkl,empirical_global_centered,0.0015857664662574662,4923.171102386597
all_queries,squared_distance,DLO5,58.pkl,empirical_global_centered,0.0025878122455852315,6289.1462876616815
all_queries,squared_distance,DLO5,6.pkl,empirical_global_centered,0.001301032593903334,4459.327853990199
all_queries,squared_distance,DLO5,72.pkl,empirical_global_centered,0.0038444197988426634,7665.504050715545
all_queries,squared_distance,DLO5,82.pkl,empirical_global_centered,0.003378442836236885,7185.940259523485
all_queries,squared_distance,DLO5,85.pkl,empirical_global_centered,0.005591077769525354,9244.279789138307
all_queries,squared_distance,DLO5,9.pkl,empirical_global_centered,0.0014419672330426177,4694.647738954843
all_queries,squared_distance,DLO5,99.pkl,empirical_global_centered,0.004527965067977653,8319.109653473428
all_queries,squared_distance,DLO5,18.pkl,empirical_horizon_centered,0.0015526106594532998,4871.43146128812
all_queries,squared_distance,DLO5,3.pkl,empirical_horizon_centered,0.0028432468901604837,6592.233794401725
all_queries,squared_distance,DLO5,31.pkl,empirical_horizon_centered,0.006000626322018102,9576.87030966423
all_queries,squared_distance,DLO5,32.pkl,empirical_horizon_centered,0.001937179291696514,5441.394631200547
all_queries,squared_distance,DLO5,33.pkl,empirical_horizon_centered,0.004734901372748607,8507.085221124578
all_queries,squared_distance,DLO5,46.pkl,empirical_horizon_centered,0.018504670707357777,16817.67654646827
all_queries,squared_distance,DLO5,56.pkl,empirical_horizon_centered,0.0016857622118765752,5076.021724023393
all_queries,squared_distance,DLO5,58.pkl,empirical_horizon_centered,0.0025601354351679397,6255.424478768904
all_queries,squared_distance,DLO5,6.pkl,empirical_horizon_centered,0.0013037778705746186,4464.030133416862
all_queries,squared_distance,DLO5,72.pkl,empirical_horizon_centered,0.0038114657370713297,7632.57929522108
all_queries,squared_distance,DLO5,82.pkl,empirical_horizon_centered,0.0033952103693707433,7203.750440964849
all_queries,squared_distance,DLO5,85.pkl,empirical_horizon_centered,0.0055854175805839365,9239.599330210134
all_queries,squared_distance,DLO5,9.pkl,empirical_horizon_centered,0.0014485527857697052,4705.355898649352
all_queries,squared_distance,DLO5,99.pkl,empirical_horizon_centered,0.004501035647899188,8294.33440850844
all_queries,squared_distance,DLO5,18.pkl,empirical_symmetric_residual,0.0015718297666403346,4901.489418082266
all_queries,squared_distance,DLO5,3.pkl,empirical_symmetric_residual,0.002786387431707494,6525.984923447386
all_queries,squared_distance,DLO5,31.pkl,empirical_symmetric_residual,0.005997180287277659,9574.120016152805
all_queries,squared_distance,DLO5,32.pkl,empirical_symmetric_residual,0.001898572741817044,5386.900272413602
all_queries,squared_distance,DLO5,33.pkl,empirical_symmetric_residual,0.004659675071587684,8439.23599416322
all_queries,squared_distance,DLO5,46.pkl,empirical_symmetric_residual,0.018380629461466597,16761.215309356845
all_queries,squared_distance,DLO5,56.pkl,empirical_symmetric_residual,0.0015805591750433024,4915.081176538961
all_queries,squared_distance,DLO5,58.pkl,empirical_symmetric_residual,0.002590576491369563,6292.504357034098
all_queries,squared_distance,DLO5,6.pkl,empirical_symmetric_residual,0.0013012372350946,4459.678547080766
all_queries,squared_distance,DLO5,72.pkl,empirical_symmetric_residual,0.00384728291299926,7668.357944093784
all_queries,squared_distance,DLO5,82.pkl,empirical_symmetric_residual,0.0033825463999389255,7190.303070472668
all_queries,squared_distance,DLO5,85.pkl,empirical_symmetric_residual,0.005586904008808253,9240.828700029264
all_queries,squared_distance,DLO5,9.pkl,empirical_symmetric_residual,0.0014417042344856198,4694.219594037266
all_queries,squared_distance,DLO5,99.pkl,empirical_symmetric_residual,0.004531480638393596,8322.338558812246
all_queries,squared_distance,DLO5,18.pkl,source_query_bias,0.0014800196164539232,4756.188414565693
all_queries,squared_distance,DLO5,3.pkl,source_query_bias,0.0025110413792858296,6195.156040038393
all_queries,squared_distance,DLO5,31.pkl,source_query_bias,0.005952418337738787,9538.323281450981
all_queries,squared_distance,DLO5,32.pkl,source_query_bias,0.001812088660483948,5262.777826386293
all_queries,squared_distance,DLO5,33.pkl,source_query_bias,0.0046306245066100515,8412.887817206381
all_queries,squared_distance,DLO5,46.pkl,source_query_bias,0.01825297910055763,16702.91200450267
all_queries,squared_distance,DLO5,56.pkl,source_query_bias,0.0014897217132750335,4771.752270037495
all_queries,squared_distance,DLO5,58.pkl,source_query_bias,0.002723526142381223,6451.951424662682
all_queries,squared_distance,DLO5,6.pkl,source_query_bias,0.001072983686333661,4049.6908832167533
all_queries,squared_distance,DLO5,72.pkl,source_query_bias,0.003865139305640972,7686.1329165524985
all_queries,squared_distance,DLO5,82.pkl,source_query_bias,0.0034684989219797347,7281.084928334445
all_queries,squared_distance,DLO5,85.pkl,source_query_bias,0.005372369556570711,9061.670254846058
all_queries,squared_distance,DLO5,9.pkl,source_query_bias,0.001287796440326807,4436.586210429637
all_queries,squared_distance,DLO5,99.pkl,source_query_bias,0.004618763785009304,8402.106669090475
all_queries,squared_distance,DLO5,18.pkl,source_query_horizon_bias,0.002178432001677864,5770.285731948803
all_queries,squared_distance,DLO5,3.pkl,source_query_horizon_bias,0.0033452228916277605,7150.523608742435
all_queries,squared_distance,DLO5,31.pkl,source_query_horizon_bias,0.006318396424169082,9827.176363089287
all_queries,squared_distance,DLO5,32.pkl,source_query_horizon_bias,0.0025140603943834324,6198.8791270873235
all_queries,squared_distance,DLO5,33.pkl,source_query_horizon_bias,0.004890164700391406,8645.43914307108
all_queries,squared_distance,DLO5,46.pkl,source_query_horizon_bias,0.020048100758235366,17504.992661748034
all_queries,squared_distance,DLO5,56.pkl,source_query_horizon_bias,0.0023065931298327106,5937.598290206031
all_queries,squared_distance,DLO5,58.pkl,source_query_horizon_bias,0.0037428169682433977,7563.531321815193
all_queries,squared_distance,DLO5,6.pkl,source_query_horizon_bias,0.0019038969819058754,5394.448329432306
all_queries,squared_distance,DLO5,72.pkl,source_query_horizon_bias,0.0042489692764755066,8058.739368338508
all_queries,squared_distance,DLO5,82.pkl,source_query_horizon_bias,0.004195425849545836,8007.802247861315
all_queries,squared_distance,DLO5,85.pkl,source_query_horizon_bias,0.005348966808393513,9041.91180020066
all_queries,squared_distance,DLO5,9.pkl,source_query_horizon_bias,0.0021917596807371105,5787.910162953228
all_queries,squared_distance,DLO5,99.pkl,source_query_horizon_bias,0.005149083589986366,8871.361689031584
all_queries,squared_distance,DLO5,18.pkl,source_query_ridge,0.0017497952802537425,5171.528653068021
all_queries,squared_distance,DLO5,3.pkl,source_query_ridge,0.0025316402862210086,6220.51460200568
all_queries,squared_distance,DLO5,31.pkl,source_query_ridge,0.005821655570203322,9432.972505650927
all_queries,squared_distance,DLO5,32.pkl,source_query_ridge,0.0018254964909350947,5282.211861353832
all_queries,squared_distance,DLO5,33.pkl,source_query_ridge,0.004630269952002139,8412.565734813805
all_queries,squared_distance,DLO5,46.pkl,source_query_ridge,0.01816326193514951,16661.812306306965
all_queries,squared_distance,DLO5,56.pkl,source_query_ridge,0.0013800704567852003,4592.78319077117
all_queries,squared_distance,DLO5,58.pkl,source_query_ridge,0.0027386803604894576,6469.876467862171
all_queries,squared_distance,DLO5,6.pkl,source_query_ridge,0.0010827447020690865,4068.0693561265766
all_queries,squared_distance,DLO5,72.pkl,source_query_ridge,0.003938300166024511,7758.534966070292
all_queries,squared_distance,DLO5,82.pkl,source_query_ridge,0.0036445391662624756,7463.570264261119
all_queries,squared_distance,DLO5,85.pkl,source_query_ridge,0.005335668635941689,9030.66516761827
all_queries,squared_distance,DLO5,9.pkl,source_query_ridge,0.0012931610615308322,4445.817432244928
all_queries,squared_distance,DLO5,99.pkl,source_query_ridge,0.004733013499411845,8505.389103372016
all_queries,bending_statistic,DLO5,18.pkl,point_plugin,0.04731143246907835,999.0541400463501
all_queries,bending_statistic,DLO5,3.pkl,point_plugin,0.10848336729105916,1512.821031835925
all_queries,bending_statistic,DLO5,31.pkl,point_plugin,0.14536056101551662,1751.173877941098
all_queries,bending_statistic,DLO5,32.pkl,point_plugin,0.054048837630341046,1067.8227131856358
all_queries,bending_statistic,DLO5,33.pkl,point_plugin,0.11290579336908578,1543.3487995230216
all_queries,bending_statistic,DLO5,46.pkl,point_plugin,0.29879356261262296,2510.6813314805736
all_queries,bending_statistic,DLO5,56.pkl,point_plugin,0.04457843546561657,969.7691988240664
all_queries,bending_statistic,DLO5,58.pkl,point_plugin,0.06854599539003424,1202.5330432442247
all_queries,bending_statistic,DLO5,6.pkl,point_plugin,0.040917571041113446,929.0966573852862
all_queries,bending_statistic,DLO5,72.pkl,point_plugin,0.15492208166684576,1807.851013374807
all_queries,bending_statistic,DLO5,82.pkl,point_plugin,0.09250439541976466,1396.9702569478654
all_queries,bending_statistic,DLO5,85.pkl,point_plugin,0.12405171129868299,1617.7349005587137
all_queries,bending_statistic,DLO5,9.pkl,point_plugin,0.0390547490643556,907.7011818669444
all_queries,bending_statistic,DLO5,99.pkl,point_plugin,0.1677103085776463,1880.9872600180172
all_queries,bending_statistic,DLO5,18.pkl,native_block_posterior,8.244886417887573,13188.58836895484
all_queries,bending_statistic,DLO5,3.pkl,native_block_posterior,11.43120077568698,15529.30076992716
all_queries,bending_statistic,DLO5,31.pkl,native_block_posterior,8.270876208357395,13209.358755247502
all_queries,bending_statistic,DLO5,32.pkl,native_block_posterior,8.181493409511075,13137.788543803495
all_queries,bending_statistic,DLO5,33.pkl,native_block_posterior,8.329044572870856,13255.727516010802
all_queries,bending_statistic,DLO5,46.pkl,native_block_posterior,10.412349658937814,14821.09690919772
all_queries,bending_statistic,DLO5,56.pkl,native_block_posterior,8.35454149803235,13276.001271767696
all_queries,bending_statistic,DLO5,58.pkl,native_block_posterior,8.450427263341197,13351.968805746237
all_queries,bending_statistic,DLO5,6.pkl,native_block_posterior,7.969001508295614,12966.057092650553
all_queries,bending_statistic,DLO5,72.pkl,native_block_posterior,9.338425506070527,14035.98205876529
all_queries,bending_statistic,DLO5,82.pkl,native_block_posterior,8.942937373940461,13735.55049445033
all_queries,bending_statistic,DLO5,85.pkl,native_block_posterior,15.730273429536501,18216.884757963333
all_queries,bending_statistic,DLO5,9.pkl,native_block_posterior,9.478411550933528,14140.792708425231
all_queries,bending_statistic,DLO5,99.pkl,native_block_posterior,9.127918217108158,13876.880398095203
all_queries,bending_statistic,DLO5,18.pkl,source_coupled_posterior_extension,2.377615384066467,7082.340067662539
all_queries,bending_statistic,DLO5,3.pkl,source_coupled_posterior_extension,3.412589978121208,8484.92544400491
all_queries,bending_statistic,DLO5,31.pkl,source_coupled_posterior_extension,2.512067996839489,7279.837253580112
all_queries,bending_statistic,DLO5,32.pkl,source_coupled_posterior_extension,2.339272233237184,7025.000475719615
all_queries,bending_statistic,DLO5,33.pkl,source_coupled_posterior_extension,2.477893131359469,7230.149226135052
all_queries,bending_statistic,DLO5,46.pkl,source_coupled_posterior_extension,3.1723530545742116,8180.818025057634
all_queries,bending_statistic,DLO5,56.pkl,source_coupled_posterior_extension,2.3956680537042345,7109.176487446549
all_queries,bending_statistic,DLO5,58.pkl,source_coupled_posterior_extension,2.3900718409868404,7100.868215182081
all_queries,bending_statistic,DLO5,6.pkl,source_coupled_posterior_extension,2.2603898844502526,6905.540117253875
all_queries,bending_statistic,DLO5,72.pkl,source_coupled_posterior_extension,2.6326950406323246,7452.573239683121
all_queries,bending_statistic,DLO5,82.pkl,source_coupled_posterior_extension,2.52196555882811,7294.164454932682
all_queries,bending_statistic,DLO5,85.pkl,source_coupled_posterior_extension,4.672867843644634,9928.821988004973
all_queries,bending_statistic,DLO5,9.pkl,source_coupled_posterior_extension,2.712379040943509,7564.516333980449
all_queries,bending_statistic,DLO5,99.pkl,source_coupled_posterior_extension,2.6298610610147026,7448.56097711567
all_queries,bending_statistic,DLO5,18.pkl,empirical_global_centered,0.05125216588315798,1039.8293860265903
all_queries,bending_statistic,DLO5,3.pkl,empirical_global_centered,0.12069960812461486,1595.7281451057024
all_queries,bending_statistic,DLO5,31.pkl,empirical_global_centered,0.15158916191824462,1788.298659544229
all_queries,bending_statistic,DLO5,32.pkl,empirical_global_centered,0.05286021397215166,1056.015842145315
all_queries,bending_statistic,DLO5,33.pkl,empirical_global_centered,0.11205280534146594,1537.5078507920468
all_queries,bending_statistic,DLO5,46.pkl,empirical_global_centered,0.29605676740584924,2499.156606419224
all_queries,bending_statistic,DLO5,56.pkl,empirical_global_centered,0.046823777745482555,993.892011429289
all_queries,bending_statistic,DLO5,58.pkl,empirical_global_centered,0.06859235962571895,1202.9396687536469
all_queries,bending_statistic,DLO5,6.pkl,empirical_global_centered,0.04307560825177005,953.2826402674038
all_queries,bending_statistic,DLO5,72.pkl,empirical_global_centered,0.13811631793283027,1706.9801506177218
all_queries,bending_statistic,DLO5,82.pkl,empirical_global_centered,0.08442500081772095,1334.5704725137848
all_queries,bending_statistic,DLO5,85.pkl,empirical_global_centered,0.11761102172172476,1575.1792656576367
all_queries,bending_statistic,DLO5,9.pkl,empirical_global_centered,0.04404418434194662,963.9405739913375
all_queries,bending_statistic,DLO5,99.pkl,empirical_global_centered,0.1593479570602078,1833.4928682499403
all_queries,bending_statistic,DLO5,18.pkl,empirical_horizon_centered,0.052120759065284815,1048.6035919717153
all_queries,bending_statistic,DLO5,3.pkl,empirical_horizon_centered,0.12117033806985163,1598.8367967339198
all_queries,bending_statistic,DLO5,31.pkl,empirical_horizon_centered,0.1537832617332868,1801.1940724502324
all_queries,bending_statistic,DLO5,32.pkl,empirical_horizon_centered,0.0571617086750258,1098.142187370284
all_queries,bending_statistic,DLO5,33.pkl,empirical_horizon_centered,0.11560513442020734,1561.6889470789238
all_queries,bending_statistic,DLO5,46.pkl,empirical_horizon_centered,0.3023772398098834,2525.6927885936657
all_queries,bending_statistic,DLO5,56.pkl,empirical_horizon_centered,0.047846097184119675,1004.6834172545019
all_queries,bending_statistic,DLO5,58.pkl,empirical_horizon_centered,0.07173005128395368,1230.1456797790793
all_queries,bending_statistic,DLO5,6.pkl,empirical_horizon_centered,0.043392762258042505,956.7855848918113
all_queries,bending_statistic,DLO5,72.pkl,empirical_horizon_centered,0.1384231863783273,1708.8753926843372
all_queries,bending_statistic,DLO5,82.pkl,empirical_horizon_centered,0.08865140450938071,1367.5675441418148
all_queries,bending_statistic,DLO5,85.pkl,empirical_horizon_centered,0.11867848804262919,1582.3114744134373
all_queries,bending_statistic,DLO5,9.pkl,empirical_horizon_centered,0.04543613687152072,979.0540643230363
all_queries,bending_statistic,DLO5,99.pkl,empirical_horizon_centered,0.16303834668728387,1854.602566263671
all_queries,bending_statistic,DLO5,18.pkl,empirical_symmetric_residual,0.05205890622758466,1047.9812069297093
all_queries,bending_statistic,DLO5,3.pkl,empirical_symmetric_residual,0.12204544299698446,1604.599893792104
all_queries,bending_statistic,DLO5,31.pkl,empirical_symmetric_residual,0.15276391782461657,1795.2145892893113
all_queries,bending_statistic,DLO5,32.pkl,empirical_symmetric_residual,0.0535196115350181,1062.5819916037005
all_queries,bending_statistic,DLO5,33.pkl,empirical_symmetric_residual,0.11279219283860538,1542.5721814225474
all_queries,bending_statistic,DLO5,46.pkl,empirical_symmetric_residual,0.29658781401913015,2501.397011275259
all_queries,bending_statistic,DLO5,56.pkl,empirical_symmetric_residual,0.04758474195445353,1001.9356609832471
all_queries,bending_statistic,DLO5,58.pkl,empirical_symmetric_residual,0.06925136028464021,1208.7044731306187
all_queries,bending_statistic,DLO5,6.pkl,empirical_symmetric_residual,0.04387183075258392,962.0526803631518
all_queries,bending_statistic,DLO5,72.pkl,empirical_symmetric_residual,0.13796882358533782,1706.068465527121
all_queries,bending_statistic,DLO5,82.pkl,empirical_symmetric_residual,0.08460456652416168,1335.9889847846844
all_queries,bending_statistic,DLO5,85.pkl,empirical_symmetric_residual,0.11796166756039891,1577.525640085541
all_queries,bending_statistic,DLO5,9.pkl,empirical_symmetric_residual,0.04497977364809491,974.1248174546773
all_queries,bending_statistic,DLO5,99.pkl,empirical_symmetric_residual,0.1597079498412198,1835.5627781585927
all_queries,bending_statistic,DLO5,18.pkl,source_query_bias,0.034670934739630344,855.2414680550249
all_queries,bending_statistic,DLO5,3.pkl,source_query_bias,0.10519628511437072,1489.7252428880063
all_queries,bending_statistic,DLO5,31.pkl,source_query_bias,0.14901989175646907,1773.0790437927049
all_queries,bending_statistic,DLO5,32.pkl,source_query_bias,0.04136260663605941,934.1356033730569
all_queries,bending_statistic,DLO5,33.pkl,source_query_bias,0.10117111757124285,1460.946286170899
all_queries,bending_statistic,DLO5,46.pkl,source_query_bias,0.2918430369512084,2481.307813153655
all_queries,bending_statistic,DLO5,56.pkl,source_query_bias,0.03879872230100021,904.7210331337393
all_queries,bending_statistic,DLO5,58.pkl,source_query_bias,0.06637031410035793,1183.2946788481875
all_queries,bending_statistic,DLO5,6.pkl,source_query_bias,0.035056937697777305,859.9891330515298
all_queries,bending_statistic,DLO5,72.pkl,source_query_bias,0.12232064752878204,1606.4080092406307
all_queries,bending_statistic,DLO5,82.pkl,source_query_bias,0.07311053668869878,1241.9266915172407
all_queries,bending_statistic,DLO5,85.pkl,source_query_bias,0.11374676578025582,1549.0859092961016
all_queries,bending_statistic,DLO5,9.pkl,source_query_bias,0.03220652223256808,824.2859369465108
all_queries,bending_statistic,DLO5,99.pkl,source_query_bias,0.14959571365162744,1776.5013834018948
all_queries,bending_statistic,DLO5,18.pkl,source_query_horizon_bias,0.05219109054530566,1049.3108435664692
all_queries,bending_statistic,DLO5,3.pkl,source_query_horizon_bias,0.12478260744127254,1622.4936405547778
all_queries,bending_statistic,DLO5,31.pkl,source_query_horizon_bias,0.15846171728602235,1828.3871237301553
all_queries,bending_statistic,DLO5,32.pkl,source_query_horizon_bias,0.06223479310970002,1145.8363622294453
all_queries,bending_statistic,DLO5,33.pkl,source_query_horizon_bias,0.10943984354773115,1519.4755171683014
all_queries,bending_statistic,DLO5,46.pkl,source_query_horizon_bias,0.31571440756455443,2580.793021481223
all_queries,bending_statistic,DLO5,56.pkl,source_query_horizon_bias,0.04884597117663425,1015.1269306820715
all_queries,bending_statistic,DLO5,58.pkl,source_query_horizon_bias,0.08647327111121154,1350.6627386568475
all_queries,bending_statistic,DLO5,6.pkl,source_query_horizon_bias,0.05255360586919503,1052.9487537760863
all_queries,bending_statistic,DLO5,72.pkl,source_query_horizon_bias,0.13378851073972828,1680.023608870928
all_queries,bending_statistic,DLO5,82.pkl,source_query_horizon_bias,0.0903684383359742,1380.7478120115516
all_queries,bending_statistic,DLO5,85.pkl,source_query_horizon_bias,0.11549714895397216,1560.9593985626238
all_queries,bending_statistic,DLO5,9.pkl,source_query_horizon_bias,0.04675670064718065,993.1798595220207
all_queries,bending_statistic,DLO5,99.pkl,source_query_horizon_bias,0.16774364385630558,1881.1741898480166
all_queries,bending_statistic,DLO5,18.pkl,source_query_ridge,0.044893608182020095,973.1913294822821
all_queries,bending_statistic,DLO5,3.pkl,source_query_ridge,0.10380950157513556,1479.873277212759
all_queries,bending_statistic,DLO5,31.pkl,source_query_ridge,0.14468963184379655,1747.12782683916
all_queries,bending_statistic,DLO5,32.pkl,source_query_ridge,0.048878405761878345,1015.4639058333075
all_queries,bending_statistic,DLO5,33.pkl,source_query_ridge,0.10995682531414772,1523.0602062255045
all_queries,bending_statistic,DLO5,46.pkl,source_query_ridge,0.2955951879269782,2497.2076400250016
all_queries,bending_statistic,DLO5,56.pkl,source_query_ridge,0.04428060973027844,966.5242863374577
all_queries,bending_statistic,DLO5,58.pkl,source_query_ridge,0.07423869717022319,1251.472024899509
all_queries,bending_statistic,DLO5,6.pkl,source_query_ridge,0.03550450296915828,865.4613816915963
all_queries,bending_statistic,DLO5,72.pkl,source_query_ridge,0.1469385170247773,1760.6531225057495
all_queries,bending_statistic,DLO5,82.pkl,source_query_ridge,0.0852937732803647,1341.4195724537692
all_queries,bending_statistic,DLO5,85.pkl,source_query_ridge,0.11784341512488196,1576.734734752241
all_queries,bending_statistic,DLO5,9.pkl,source_query_ridge,0.0371685647761533,885.5108173306052
all_queries,bending_statistic,DLO5,99.pkl,source_query_ridge,0.16401934169938037,1860.173732063425
heldout_queries,squared_distance,DLO5,18.pkl,point_plugin,0.010584668740760248,6345.123739450821
heldout_queries,squared_distance,DLO5,3.pkl,point_plugin,0.01917335836339033,8539.85615082271
heldout_queries,squared_distance,DLO5,31.pkl,point_plugin,0.04590896812152684,13214.48450981852
heldout_queries,squared_distance,DLO5,32.pkl,point_plugin,0.015238330968954003,7613.251232839593
heldout_queries,squared_distance,DLO5,33.pkl,point_plugin,0.03532855658729011,11592.161084257536
heldout_queries,squared_distance,DLO5,46.pkl,point_plugin,0.14224854266057385,23260.838894419216
heldout_queries,squared_distance,DLO5,56.pkl,point_plugin,0.014132856487122102,7331.898345114831
heldout_queries,squared_distance,DLO5,58.pkl,point_plugin,0.01793383616047695,8259.20145564316
heldout_queries,squared_distance,DLO5,6.pkl,point_plugin,0.010453784036143223,6305.771399412885
heldout_queries,squared_distance,DLO5,72.pkl,point_plugin,0.027157346980172938,10163.543050252054
heldout_queries,squared_distance,DLO5,82.pkl,point_plugin,0.024382474505318556,9630.311831233126
heldout_queries,squared_distance,DLO5,85.pkl,point_plugin,0.04598053977389433,13224.78112724181
heldout_queries,squared_distance,DLO5,9.pkl,point_plugin,0.011139499504848695,6509.300180318267
heldout_queries,squared_distance,DLO5,99.pkl,point_plugin,0.031926993902313586,11019.971596683432
heldout_queries,squared_distance,DLO5,18.pkl,native_block_posterior,0.012730022334481046,6958.506596897348
heldout_queries,squared_distance,DLO5,3.pkl,native_block_posterior,0.02107550569740715,8953.451028617541
heldout_queries,squared_distance,DLO5,31.pkl,native_block_posterior,0.04502134449694745,13086.113739779226
heldout_queries,squared_distance,DLO5,32.pkl,native_block_posterior,0.01432812558262529,7382.375816569885
heldout_queries,squared_distance,DLO5,33.pkl,native_block_posterior,0.03634140694641059,11757.157306295281
heldout_queries,squared_distance,DLO5,46.pkl,native_block_posterior,0.14039226435589328,23108.56885473194
heldout_queries,squared_distance,DLO5,56.pkl,native_block_posterior,0.010298580093298582,6258.786482887881
heldout_queries,squared_distance,DLO5,58.pkl,native_block_posterior,0.020604904774578273,8852.924620700982
heldout_queries,squared_distance,DLO5,6.pkl,native_block_posterior,0.009658479344031735,6061.161251631854
heldout_queries,squared_distance,DLO5,72.pkl,native_block_posterior,0.029765946488006144,10640.482182434287
heldout_queries,squared_distance,DLO5,82.pkl,native_block_posterior,0.027964888251690693,10313.545873137204
heldout_queries,squared_distance,DLO5,85.pkl,native_block_posterior,0.04413662537531214,12956.897488737033
heldout_queries,squared_distance,DLO5,9.pkl,native_block_posterior,0.010874597476165546,6431.4375321409725
heldout_queries,squared_distance,DLO5,99.pkl,native_block_posterior,0.035392881028975205,11602.709494038001
heldout_queries,squared_distance,DLO5,18.pkl,source_coupled_posterior_extension,0.012143071273721374,6796.193453428774
heldout_queries,squared_distance,DLO5,3.pkl,source_coupled_posterior_extension,0.020429791528700007,8815.225533258983
heldout_queries,squared_distance,DLO5,31.pkl,source_coupled_posterior_extension,0.04492915114361056,13072.70819859779
heldout_queries,squared_distance,DLO5,32.pkl,source_coupled_posterior_extension,0.014221118793490074,7354.757242719592
heldout_queries,squared_distance,DLO5,33.pkl,source_coupled_posterior_extension,0.03594795262286931,11693.339010260708
heldout_queries,squared_distance,DLO5,46.pkl,source_coupled_posterior_extension,0.14046245624976417,23114.344926257792
heldout_queries,squared_distance,DLO5,56.pkl,source_coupled_posterior_extension,0.010638307531579105,6361.180674259892
heldout_queries,squared_distance,DLO5,58.pkl,source_coupled_posterior_extension,0.019915697603958445,8703.605985992854
heldout_queries,squared_distance,DLO5,6.pkl,source_coupled_posterior_extension,0.009541853149354245,6024.455831749773
heldout_queries,squared_distance,DLO5,72.pkl,source_coupled_posterior_extension,0.029064190870469804,10514.305194988028
heldout_queries,squared_distance,DLO5,82.pkl,source_coupled_posterior_extension,0.02713416475625399,10159.204190607223
heldout_queries,squared_distance,DLO5,85.pkl,source_coupled_posterior_extension,0.04402000051265449,12939.767770351424
heldout_queries,squared_distance,DLO5,9.pkl,source_coupled_posterior_extension,0.010618117477198244,6355.14148155341
heldout_queries,squared_distance,DLO5,99.pkl,source_coupled_posterior_extension,0.03456709881538849,11466.554143316283
heldout_queries,squared_distance,DLO5,18.pkl,empirical_global_centered,0.011149641053029557,6512.262582853366
heldout_queries,squared_distance,DLO5,3.pkl,empirical_global_centered,0.01937627888372582,8584.92783498084
heldout_queries,squared_distance,DLO5,31.pkl,empirical_global_centered,0.044858471899067755,13062.421638733005
heldout_queries,squared_distance,DLO5,32.pkl,empirical_global_centered,0.014301147495023857,7375.422491857911
heldout_queries,squared_distance,DLO5,33.pkl,empirical_global_centered,0.03531144953771834,11589.35412431097
heldout_queries,squared_distance,DLO5,46.pkl,empirical_global_centered,0.14088459601229394,23149.052292747794
heldout_queries,squared_distance,DLO5,56.pkl,empirical_global_centered,0.011820520227050301,6705.323814940244
heldout_queries,squared_distance,DLO5,58.pkl,empirical_global_centered,0.018645527726505517,8421.487345075018
heldout_queries,squared_distance,DLO5,6.pkl,empirical_global_centered,0.009635188975158132,6053.848926311529
heldout_queries,squared_distance,DLO5,72.pkl,empirical_global_centered,0.027865444472036902,10295.191939822433
heldout_queries,squared_distance,DLO5,82.pkl,empirical_global_centered,0.02536360846563865,9822.159464640737
heldout_queries,squared_distance,DLO5,85.pkl,empirical_global_centered,0.04365184397255128,12885.543980536957
heldout_queries,squared_distance,DLO5,9.pkl,empirical_global_centered,0.010469579355729217,6310.533506552251
heldout_queries,squared_distance,DLO5,99.pkl,empirical_global_centered,0.032952972636106796,11195.635726858833
heldout_queries,squared_distance,DLO5,18.pkl,empirical_horizon_centered,0.0110004879586975,6468.557387893879
heldout_queries,squared_distance,DLO5,3.pkl,empirical_horizon_centered,0.019875388596386916,8694.793555047601
heldout_queries,squared_distance,DLO5,31.pkl,empirical_horizon_centered,0.04489313085751141,13067.466867597039
heldout_queries,squared_distance,DLO5,32.pkl,empirical_horizon_centered,0.014536445476839625,7435.849177655903
heldout_queries,squared_distance,DLO5,33.pkl,empirical_horizon_centered,0.03574275986952554,11659.91816126888
heldout_queries,squared_distance,DLO5,46.pkl,empirical_horizon_centered,0.14181873115806562,23225.670380347245
heldout_queries,squared_distance,DLO5,56.pkl,empirical_horizon_centered,0.012462454039744953,6884.988914523443
heldout_queries,squared_distance,DLO5,58.pkl,empirical_horizon_centered,0.018399789693577577,8365.807942237041
heldout_queries,squared_distance,DLO5,6.pkl,empirical_horizon_centered,0.009662833146136914,6062.527208034536
heldout_queries,squared_distance,DLO5,72.pkl,empirical_horizon_centered,0.02750268148265848,10227.959038480565
heldout_queries,squared_distance,DLO5,82.pkl,empirical_horizon_centered,0.02529978004966514,9809.792773941515
heldout_queries,squared_distance,DLO5,85.pkl,empirical_horizon_centered,0.0435210253645496,12866.221386126861
heldout_queries,squared_distance,DLO5,9.pkl,empirical_horizon_centered,0.010506161132386421,6321.548716294958
heldout_queries,squared_distance,DLO5,99.pkl,empirical_horizon_centered,0.03277761397361787,11165.807302068803
heldout_queries,squared_distance,DLO5,18.pkl,empirical_symmetric_residual,0.011165897968060732,6517.008508572542
heldout_queries,squared_distance,DLO5,3.pkl,empirical_symmetric_residual,0.0193808384673211,8585.937868791423
heldout_queries,squared_distance,DLO5,31.pkl,empirical_symmetric_residual,0.04484099388695409,13059.876663428555
heldout_queries,squared_distance,DLO5,32.pkl,empirical_symmetric_residual,0.014288896709962839,7372.262812743531
heldout_queries,squared_distance,DLO5,33.pkl,empirical_symmetric_residual,0.035314196048073475,11589.80482320065
heldout_queries,squared_distance,DLO5,46.pkl,empirical_symmetric_residual,0.14086480931568227,23147.426638236007
heldout_queries,squared_distance,DLO5,56.pkl,empirical_symmetric_residual,0.011784199481021612,6695.014212278339
heldout_queries,squared_distance,DLO5,58.pkl,empirical_symmetric_residual,0.018666238417631906,8426.163169204265
heldout_queries,squared_distance,DLO5,6.pkl,empirical_symmetric_residual,0.009625323700247953,6050.748925929031
heldout_queries,squared_distance,DLO5,72.pkl,empirical_symmetric_residual,0.027886119844570838,10299.010602396824
heldout_queries,squared_distance,DLO5,82.pkl,empirical_symmetric_residual,0.025392769198177546,9827.804148195506
heldout_queries,squared_distance,DLO5,85.pkl,empirical_symmetric_residual,0.04361643221744898,12880.316339903606
heldout_queries,squared_distance,DLO5,9.pkl,empirical_symmetric_residual,0.010459743650744651,6307.568577004054
heldout_queries,squared_distance,DLO5,99.pkl,empirical_symmetric_residual,0.03297824298881777,11199.927652930492
heldout_queries,squared_distance,DLO5,18.pkl,source_query_bias,0.010825837958905139,6417.00269428708
heldout_queries,squared_distance,DLO5,3.pkl,source_query_bias,0.018907420326437416,8480.42465532799
heldout_queries,squared_distance,DLO5,31.pkl,source_query_bias,0.04488485288499684,13066.262038300212
heldout_queries,squared_distance,DLO5,32.pkl,source_query_bias,0.014362119300766904,7391.12803364137
heldout_queries,squared_distance,DLO5,33.pkl,source_query_bias,0.035111840448187125,11556.551464697826
heldout_queries,squared_distance,DLO5,46.pkl,source_query_bias,0.14085477384781128,23146.6020909453
heldout_queries,squared_distance,DLO5,56.pkl,source_query_bias,0.012288772355864714,6836.844623513719
heldout_queries,squared_distance,DLO5,58.pkl,source_query_bias,0.018528165536691746,8394.94145128366
heldout_queries,squared_distance,DLO5,6.pkl,source_query_bias,0.009481056018633346,6005.232368418965
heldout_queries,squared_distance,DLO5,72.pkl,source_query_bias,0.0276284629160721,10251.320756689625
heldout_queries,squared_distance,DLO5,82.pkl,source_query_bias,0.025172873727658994,9785.158373685066
heldout_queries,squared_distance,DLO5,85.pkl,source_query_bias,0.04381577125399338,12909.716073012813
heldout_queries,squared_distance,DLO5,9.pkl,source_query_bias,0.010339696643161584,6271.267978480583
heldout_queries,squared_distance,DLO5,99.pkl,source_query_bias,0.03267602166337816,11148.489987634639
heldout_queries,squared_distance,DLO5,18.pkl,source_query_horizon_bias,0.011339368125944771,6567.436583066253
heldout_queries,squared_distance,DLO5,3.pkl,source_query_horizon_bias,0.018794525589425192,8455.068770957803
heldout_queries,squared_distance,DLO5,31.pkl,source_query_horizon_bias,0.0448879373648177,13066.710986292986
heldout_queries,squared_distance,DLO5,32.pkl,source_query_horizon_bias,0.014493629034441584,7424.890123209582
heldout_queries,squared_distance,DLO5,33.pkl,source_query_horizon_bias,0.035143962417646654,11561.836495688398
heldout_queries,squared_distance,DLO5,46.pkl,source_query_horizon_bias,0.14085719678527536,23146.801170204955
heldout_queries,squared_distance,DLO5,56.pkl,source_query_horizon_bias,0.012332562646633545,6849.015130351021
heldout_queries,squared_distance,DLO5,58.pkl,source_query_horizon_bias,0.019450210256243234,8601.290399332169
heldout_queries,squared_distance,DLO5,6.pkl,source_query_horizon_bias,0.009628852768307897,6051.858059944302
heldout_queries,squared_distance,DLO5,72.pkl,source_query_horizon_bias,0.027917089398819102,10304.727913779794
heldout_queries,squared_distance,DLO5,82.pkl,source_query_horizon_bias,0.02516105925858219,9782.86185363052
heldout_queries,squared_distance,DLO5,85.pkl,source_query_horizon_bias,0.04376487956430121,12902.216625544308
heldout_queries,squared_distance,DLO5,9.pkl,source_query_horizon_bias,0.010569305931919017,6340.517344961823
heldout_queries,squared_distance,DLO5,99.pkl,source_query_horizon_bias,0.03180432628186183,10998.781148263952
heldout_queries,squared_distance,DLO5,18.pkl,source_query_ridge,0.012726756804922867,6957.614034975104
heldout_queries,squared_distance,DLO5,3.pkl,source_query_ridge,0.01838441492213131,8362.311998329436
heldout_queries,squared_distance,DLO5,31.pkl,source_query_ridge,0.04346863053011272,12858.474250693285
heldout_queries,squared_distance,DLO5,32.pkl,source_query_ridge,0.01361656073482845,7196.729415029535
heldout_queries,squared_distance,DLO5,33.pkl,source_query_ridge,0.03528992436701235,11585.821263756194
heldout_queries,squared_distance,DLO5,46.pkl,source_query_ridge,0.1391191524540182,23003.553116103365
heldout_queries,squared_distance,DLO5,56.pkl,source_query_ridge,0.00980138113451917,6105.83549434724
heldout_queries,squared_distance,DLO5,58.pkl,source_query_ridge,0.02022378549186583,8770.668278881087
heldout_queries,squared_distance,DLO5,6.pkl,source_query_ridge,0.008030721408949677,5526.863524088277
heldout_queries,squared_distance,DLO5,72.pkl,source_query_ridge,0.028664030621138398,10441.673040430032
heldout_queries,squared_distance,DLO5,82.pkl,source_query_ridge,0.027840192577006883,10290.52608870739
heldout_queries,squared_distance,DLO5,85.pkl,source_query_ridge,0.04071026178274734,12443.811049446003
heldout_queries,squared_distance,DLO5,9.pkl,source_query_ridge,0.009565517576066265,6031.921730033994
heldout_queries,squared_distance,DLO5,99.pkl,source_query_ridge,0.03472569758261628,11492.829130340673
heldout_queries,bending_statistic,DLO5,18.pkl,point_plugin,0.03790277121624796,980.6345025447274
heldout_queries,bending_statistic,DLO5,3.pkl,point_plugin,0.08598111543466154,1476.9752737501599
heldout_queries,bending_statistic,DLO5,31.pkl,point_plugin,0.08755023252541924,1490.3914115655336
heldout_queries,bending_statistic,DLO5,32.pkl,point_plugin,0.035443569036119824,948.2883408252495
heldout_queries,bending_statistic,DLO5,33.pkl,point_plugin,0.07653287690306412,1393.4638509864728
heldout_queries,bending_statistic,DLO5,46.pkl,point_plugin,0.26349179381934396,2585.5636554249577
heldout_queries,bending_statistic,DLO5,56.pkl,point_plugin,0.032724452725567586,911.1877730746871
heldout_queries,bending_statistic,DLO5,58.pkl,point_plugin,0.049321234671542404,1118.6356537010304
heldout_queries,bending_statistic,DLO5,6.pkl,point_plugin,0.045976507463200415,1080.0395921038505
heldout_queries,bending_statistic,DLO5,72.pkl,point_plugin,0.10385846363352867,1623.276996295053
heldout_queries,bending_statistic,DLO5,82.pkl,point_plugin,0.07128899259151754,1344.878114034716
heldout_queries,bending_statistic,DLO5,85.pkl,point_plugin,0.07481760163334752,1377.7600208369913
heldout_queries,bending_statistic,DLO5,9.pkl,point_plugin,0.02946591056291703,864.6326286489034
heldout_queries,bending_statistic,DLO5,99.pkl,point_plugin,0.09712044125939606,1569.7374182287895
heldout_queries,bending_statistic,DLO5,18.pkl,native_block_posterior,6.91972593869228,13250.007815216795
heldout_queries,bending_statistic,DLO5,3.pkl,native_block_posterior,9.145269482606585,15232.456304041723
heldout_queries,bending_statistic,DLO5,31.pkl,native_block_posterior,6.964107807849081,13292.431474941879
heldout_queries,bending_statistic,DLO5,32.pkl,native_block_posterior,6.995265462301213,13322.133684396276
heldout_queries,bending_statistic,DLO5,33.pkl,native_block_posterior,7.0605676142191705,13384.171580154072
heldout_queries,bending_statistic,DLO5,46.pkl,native_block_posterior,8.748069764133321,14897.99438383181
heldout_queries,bending_statistic,DLO5,56.pkl,native_block_posterior,7.238680316228956,13551.937370316882
heldout_queries,bending_statistic,DLO5,58.pkl,native_block_posterior,7.238615988048494,13551.877153994881
heldout_queries,bending_statistic,DLO5,6.pkl,native_block_posterior,6.444720189606034,12787.148845308624
heldout_queries,bending_statistic,DLO5,72.pkl,native_block_posterior,8.257955500793605,14474.646176141827
heldout_queries,bending_statistic,DLO5,82.pkl,native_block_posterior,7.711705777894299,13987.719451658772
heldout_queries,bending_statistic,DLO5,85.pkl,native_block_posterior,13.160572990915465,18272.9676947982
heldout_queries,bending_statistic,DLO5,9.pkl,native_block_posterior,7.928608904896671,14183.068005620418
heldout_queries,bending_statistic,DLO5,99.pkl,native_block_posterior,7.94558753462292,14198.245969455576
heldout_queries,bending_statistic,DLO5,18.pkl,source_coupled_posterior_extension,2.0036328503263228,7129.856007805975
heldout_queries,bending_statistic,DLO5,3.pkl,source_coupled_posterior_extension,2.6243470219336813,8159.852686840654
heldout_queries,bending_statistic,DLO5,31.pkl,source_coupled_posterior_extension,2.1123124132588074,7320.668865588719
heldout_queries,bending_statistic,DLO5,32.pkl,source_coupled_posterior_extension,2.0430536325951616,7199.653095215643
heldout_queries,bending_statistic,DLO5,33.pkl,source_coupled_posterior_extension,2.116101757766513,7327.232313820477
heldout_queries,bending_statistic,DLO5,46.pkl,source_coupled_posterior_extension,2.6854798166377782,8254.345321164616
heldout_queries,bending_statistic,DLO5,56.pkl,source_coupled_posterior_extension,2.134983661516025,7359.8500356156255
heldout_queries,bending_statistic,DLO5,58.pkl,source_coupled_posterior_extension,2.089460657557348,7280.962368878969
heldout_queries,bending_statistic,DLO5,6.pkl,source_coupled_posterior_extension,1.7864308194769174,6732.32058860179
heldout_queries,bending_statistic,DLO5,72.pkl,source_coupled_posterior_extension,2.4310212297441804,7853.550904705565
heldout_queries,bending_statistic,DLO5,82.pkl,source_coupled_posterior_extension,2.240554530716307,7539.619803029652
heldout_queries,bending_statistic,DLO5,85.pkl,source_coupled_posterior_extension,3.9243501638205345,9978.277168747907
heldout_queries,bending_statistic,DLO5,9.pkl,source_coupled_posterior_extension,2.278041218032715,7602.43080839753
heldout_queries,bending_statistic,DLO5,99.pkl,source_coupled_posterior_extension,2.3528401757981525,7726.234778442239
heldout_queries,bending_statistic,DLO5,18.pkl,empirical_global_centered,0.04299858196522723,1044.4766945901345
heldout_queries,bending_statistic,DLO5,3.pkl,empirical_global_centered,0.08217654440902818,1443.928288052533
heldout_queries,bending_statistic,DLO5,31.pkl,empirical_global_centered,0.09717607017542332,1570.1869131508856
heldout_queries,bending_statistic,DLO5,32.pkl,empirical_global_centered,0.04269095446116794,1040.7337046978403
heldout_queries,bending_statistic,DLO5,33.pkl,empirical_global_centered,0.08073863636470438,1431.239759695249
heldout_queries,bending_statistic,DLO5,46.pkl,empirical_global_centered,0.2640173270520845,2588.140818742739
heldout_queries,bending_statistic,DLO5,56.pkl,empirical_global_centered,0.04381999378928452,1054.405938307852
heldout_queries,bending_statistic,DLO5,58.pkl,empirical_global_centered,0.0575948194318878,1208.8249016651137
heldout_queries,bending_statistic,DLO5,6.pkl,empirical_global_centered,0.04121709369839433,1022.6107882322423
heldout_queries,bending_statistic,DLO5,72.pkl,empirical_global_centered,0.10772695331113767,1653.2322784983546
heldout_queries,bending_statistic,DLO5,82.pkl,empirical_global_centered,0.07616533425738178,1390.1138281580609
heldout_queries,bending_statistic,DLO5,85.pkl,empirical_global_centered,0.08227711133902002,1444.8115512521936
heldout_queries,bending_statistic,DLO5,9.pkl,empirical_global_centered,0.03577613620410003,952.7268503832036
heldout_queries,bending_statistic,DLO5,99.pkl,empirical_global_centered,0.10467709996938862,1629.661960667877
heldout_queries,bending_statistic,DLO5,18.pkl,empirical_horizon_centered,0.04252527204250581,1038.712212027446
heldout_queries,bending_statistic,DLO5,3.pkl,empirical_horizon_centered,0.08264814548555775,1448.06562401385
heldout_queries,bending_statistic,DLO5,31.pkl,empirical_horizon_centered,0.09661600257274723,1565.6555424687053
heldout_queries,bending_statistic,DLO5,32.pkl,empirical_horizon_centered,0.04490271824273431,1067.3528240625772
heldout_queries,bending_statistic,DLO5,33.pkl,empirical_horizon_centered,0.08206649645849297,1442.9611350504547
heldout_queries,bending_statistic,DLO5,46.pkl,empirical_horizon_centered,0.265381815251119,2594.820184371561
heldout_queries,bending_statistic,DLO5,56.pkl,empirical_horizon_centered,0.04376820340759457,1053.7826585444643
heldout_queries,bending_statistic,DLO5,58.pkl,empirical_horizon_centered,0.05593232896037416,1191.2506179909676
heldout_queries,bending_statistic,DLO5,6.pkl,empirical_horizon_centered,0.04375058581714398,1053.5705527411496
heldout_queries,bending_statistic,DLO5,72.pkl,empirical_horizon_centered,0.10867039952971719,1660.4557987981277
heldout_queries,bending_statistic,DLO5,82.pkl,empirical_horizon_centered,0.07854890321442243,1411.6978392664341
heldout_queries,bending_statistic,DLO5,85.pkl,empirical_horizon_centered,0.08147327189036878,1437.736393124415
heldout_queries,bending_statistic,DLO5,9.pkl,empirical_horizon_centered,0.03611912566901718,957.282901318933
heldout_queries,bending_statistic,DLO5,99.pkl,empirical_horizon_centered,0.10165156398777098,1605.937797486291
heldout_queries,bending_statistic,DLO5,18.pkl,empirical_symmetric_residual,0.04388686530731916,1055.2101698900838
heldout_queries,bending_statistic,DLO5,3.pkl,empirical_symmetric_residual,0.08280901857105688,1449.474255346236
heldout_queries,bending_statistic,DLO5,31.pkl,empirical_symmetric_residual,0.09820013549681439,1578.438738072309
heldout_queries,bending_statistic,DLO5,32.pkl,empirical_symmetric_residual,0.0436753750441181,1052.6645769873235
heldout_queries,bending_statistic,DLO5,33.pkl,empirical_symmetric_residual,0.08150413306969773,1438.0086667098644
heldout_queries,bending_statistic,DLO5,46.pkl,empirical_symmetric_residual,0.2644778797816391,2590.3972160089434
heldout_queries,bending_statistic,DLO5,56.pkl,empirical_symmetric_residual,0.044959855292697234,1068.0316916895424
heldout_queries,bending_statistic,DLO5,58.pkl,empirical_symmetric_residual,0.05853542448859101,1218.6558381677205
heldout_queries,bending_statistic,DLO5,6.pkl,empirical_symmetric_residual,0.04157312218791379,1027.0178885630776
heldout_queries,bending_statistic,DLO5,72.pkl,empirical_symmetric_residual,0.10864349568187405,1660.2502441317636
heldout_queries,bending_statistic,DLO5,82.pkl,empirical_symmetric_residual,0.07700478691499356,1397.7533732825932
heldout_queries,bending_statistic,DLO5,85.pkl,empirical_symmetric_residual,0.08318584542680048,1452.7684669329742
heldout_queries,bending_statistic,DLO5,9.pkl,empirical_symmetric_residual,0.0367257093844842,965.2877258904235
heldout_queries,bending_statistic,DLO5,99.pkl,empirical_symmetric_residual,0.10572663743316821,1637.8114287073186
heldout_queries,bending_statistic,DLO5,18.pkl,source_query_bias,0.04262956629419611,1039.9851653498845
heldout_queries,bending_statistic,DLO5,3.pkl,source_query_bias,0.08244590961190217,1446.292866850327
heldout_queries,bending_statistic,DLO5,31.pkl,source_query_bias,0.09889306432193337,1583.9979108016769
heldout_queries,bending_statistic,DLO5,32.pkl,source_query_bias,0.043997203310546185,1056.5358136081447
heldout_queries,bending_statistic,DLO5,33.pkl,source_query_bias,0.07962612460526053,1421.3449045261007
heldout_queries,bending_statistic,DLO5,46.pkl,source_query_bias,0.26230701028921605,2579.744148671973
heldout_queries,bending_statistic,DLO5,56.pkl,source_query_bias,0.04699835883827808,1091.9758501670967
heldout_queries,bending_statistic,DLO5,58.pkl,source_query_bias,0.06065472872488421,1240.5207118169258
heldout_queries,bending_statistic,DLO5,6.pkl,source_query_bias,0.038615192320381235,989.8076097713395
heldout_queries,bending_statistic,DLO5,72.pkl,source_query_bias,0.10815662560540606,1656.5259816150572
heldout_queries,bending_statistic,DLO5,82.pkl,source_query_bias,0.07721197675328685,1399.6325146207666
heldout_queries,bending_statistic,DLO5,85.pkl,source_query_bias,0.08267135392142133,1448.268925485255
heldout_queries,bending_statistic,DLO5,9.pkl,source_query_bias,0.0368314344559203,966.6761506829826
heldout_queries,bending_statistic,DLO5,99.pkl,source_query_bias,0.107324698144156,1650.1427861797597
heldout_queries,bending_statistic,DLO5,18.pkl,source_query_horizon_bias,0.0432134451235828,1047.0830585016643
heldout_queries,bending_statistic,DLO5,3.pkl,source_query_horizon_bias,0.08749783544779849,1489.9453599682208
heldout_queries,bending_statistic,DLO5,31.pkl,source_query_horizon_bias,0.10199593379233989,1608.6557531603094
heldout_queries,bending_statistic,DLO5,32.pkl,source_query_horizon_bias,0.04776229147691921,1100.8148121695667
heldout_queries,bending_statistic,DLO5,33.pkl,source_query_horizon_bias,0.0804214183594123,1428.4253583699438
heldout_queries,bending_statistic,DLO5,46.pkl,source_query_horizon_bias,0.26063013766167037,2571.485051490795
heldout_queries,bending_statistic,DLO5,56.pkl,source_query_horizon_bias,0.049761075710655335,1123.6125139444694
heldout_queries,bending_statistic,DLO5,58.pkl,source_query_horizon_bias,0.06098236767794212,1243.8666629246106
heldout_queries,bending_statistic,DLO5,6.pkl,source_query_horizon_bias,0.03946536249561007,1000.6443221305382
heldout_queries,bending_statistic,DLO5,72.pkl,source_query_horizon_bias,0.10748351894597764,1651.3632886372163
heldout_queries,bending_statistic,DLO5,82.pkl,source_query_horizon_bias,0.08100557627933416,1433.6038060036096
heldout_queries,bending_statistic,DLO5,85.pkl,source_query_horizon_bias,0.08432302847473341,1462.6647169564503
heldout_queries,bending_statistic,DLO5,9.pkl,source_query_horizon_bias,0.03906685498998808,995.5794246107
heldout_queries,bending_statistic,DLO5,99.pkl,source_query_horizon_bias,0.10442602853422521,1627.7063886806336
heldout_queries,bending_statistic,DLO5,18.pkl,source_query_ridge,0.03808642813482755,983.0074513333194
heldout_queries,bending_statistic,DLO5,3.pkl,source_query_ridge,0.06668800480040486,1300.7551361675787
heldout_queries,bending_statistic,DLO5,31.pkl,source_query_ridge,0.09836792981209767,1579.786699580004
heldout_queries,bending_statistic,DLO5,32.pkl,source_query_ridge,0.04173286041782137,1028.9890748129617
heldout_queries,bending_statistic,DLO5,33.pkl,source_query_ridge,0.08365332452176011,1456.8448059895004
heldout_queries,bending_statistic,DLO5,46.pkl,source_query_ridge,0.2712205261903393,2623.209427240779
heldout_queries,bending_statistic,DLO5,56.pkl,source_query_ridge,0.05613939164654353,1193.4535987230943
heldout_queries,bending_statistic,DLO5,58.pkl,source_query_ridge,0.06301736659758715,1264.4504422792622
heldout_queries,bending_statistic,DLO5,6.pkl,source_query_ridge,0.03170644261746851,896.9029373617692
heldout_queries,bending_statistic,DLO5,72.pkl,source_query_ridge,0.1093093438227223,1665.330096862719
heldout_queries,bending_statistic,DLO5,82.pkl,source_query_ridge,0.08356065842884412,1456.0376801287523
heldout_queries,bending_statistic,DLO5,85.pkl,source_query_ridge,0.08495449271570295,1468.1311818273407
heldout_queries,bending_statistic,DLO5,9.pkl,source_query_ridge,0.036678697035387876,964.6696986771113
heldout_queries,bending_statistic,DLO5,99.pkl,source_query_ridge,0.1122917269606029,1687.8955485385984
