schema,group_id,scenario,method_id,solver_admissible,solver_reason,risk_score,guard_threshold,guard_accepted,exact_fallback,baseline_rmse_m,raw_rmse_m,deployed_rmse_m,raw_harmful,harmful_accepted,raw_improvement_fraction,deployed_improvement_fraction,coverage_90,predictive_width_rms_m,nominal_probability,identifiable_fraction,query_sensitivity_fraction,fixed_point_converged
bayesian-phystwin-prob4d-controlled-decisive-trial,target-nominal_correlated-318420804,nominal_correlated,B0_physical_fallback,False,physical-fallback-reference,1e+300,-1e+300,False,True,0.003173077289673415,0.003173077289673415,0.003173077289673415,False,False,0.0,0.0,,,1.0,0.0,0.0,True
bayesian-phystwin-prob4d-controlled-decisive-trial,target-nominal_correlated-318420805,nominal_correlated,B0_physical_fallback,False,physical-fallback-reference,1e+300,-1e+300,False,True,0.0034597442387149036,0.0034597442387149036,0.0034597442387149036,False,False,0.0,0.0,,,1.0,0.0,0.0,True
bayesian-phystwin-prob4d-controlled-decisive-trial,target-nominal_correlated-318420806,nominal_correlated,B0_physical_fallback,False,physical-fallback-reference,1e+300,-1e+300,False,True,0.00252557343092159,0.00252557343092159,0.00252557343092159,False,False,0.0,0.0,,,1.0,0.0,0.0,True
bayesian-phystwin-prob4d-controlled-decisive-trial,target-nominal_correlated-318420807,nominal_correlated,B0_physical_fallback,False,physical-fallback-reference,1e+300,-1e+300,False,True,0.00363734890911544,0.00363734890911544,0.00363734890911544,False,False,0.0,0.0,,,1.0,0.0,0.0,True
bayesian-phystwin-prob4d-controlled-decisive-trial,target-nominal_correlated-318420808,nominal_correlated,B0_physical_fallback,False,physical-fallback-reference,1e+300,-1e+300,False,True,0.006618358675767432,0.006618358675767432,0.006618358675767432,False,False,0.0,0.0,,,1.0,0.0,0.0,True
bayesian-phystwin-prob4d-controlled-decisive-trial,target-nominal_correlated-318420809,nominal_correlated,B0_physical_fallback,False,physical-fallback-reference,1e+300,-1e+300,False,True,0.008763860558339342,0.008763860558339342,0.008763860558339342,False,False,0.0,0.0,,,1.0,0.0,0.0,True
bayesian-phystwin-prob4d-controlled-decisive-trial,target-nominal_correlated-318420810,nominal_correlated,B0_physical_fallback,False,physical-fallback-reference,1e+300,-1e+300,False,True,0.0033459813777053566,0.0033459813777053566,0.0033459813777053566,False,False,0.0,0.0,,,1.0,0.0,0.0,True
bayesian-phystwin-prob4d-controlled-decisive-trial,target-nominal_correlated-318420811,nominal_correlated,B0_physical_fallback,False,physical-fallback-reference,1e+300,-1e+300,False,True,0.0056739267504122975,0.0056739267504122975,0.0056739267504122975,False,False,0.0,0.0,,,1.0,0.0,0.0,True
bayesian-phystwin-prob4d-controlled-decisive-trial,target-nominal_correlated-318420812,nominal_correlated,B0_physical_fallback,False,physical-fallback-reference,1e+300,-1e+300,False,True,0.007466767888902175,0.007466767888902175,0.007466767888902175,False,False,0.0,0.0,,,1.0,0.0,0.0,True
bayesian-phystwin-prob4d-controlled-decisive-trial,target-nominal_correlated-318420813,nominal_correlated,B0_physical_fallback,False,physical-fallback-reference,1e+300,-1e+300,False,True,0.008442699271924396,0.008442699271924396,0.008442699271924396,False,False,0.0,0.0,,,1.0,0.0,0.0,True
bayesian-phystwin-prob4d-controlled-decisive-trial,target-nominal_correlated-318420814,nominal_correlated,B0_physical_fallback,False,physical-fallback-reference,1e+300,-1e+300,False,True,0.004317973572073503,0.004317973572073503,0.004317973572073503,False,False,0.0,0.0,,,1.0,0.0,0.0,True
bayesian-phystwin-prob4d-controlled-decisive-trial,target-nominal_correlated-318420815,nominal_correlated,B0_physical_fallback,False,physical-fallback-reference,1e+300,-1e+300,False,True,0.010172673345607102,0.010172673345607102,0.010172673345607102,False,False,0.0,0.0,,,1.0,0.0,0.0,True
bayesian-phystwin-prob4d-controlled-decisive-trial,target-nominal_correlated-318420816,nominal_correlated,B0_physical_fallback,False,physical-fallback-reference,1e+300,-1e+300,False,True,0.00785667791141908,0.00785667791141908,0.00785667791141908,False,False,0.0,0.0,,,1.0,0.0,0.0,True
bayesian-phystwin-prob4d-controlled-decisive-trial,target-nominal_correlated-318420817,nominal_correlated,B0_physical_fallback,False,physical-fallback-reference,1e+300,-1e+300,False,True,0.004334707914304273,0.004334707914304273,0.004334707914304273,False,False,0.0,0.0,,,1.0,0.0,0.0,True
bayesian-phystwin-prob4d-controlled-decisive-trial,target-nominal_correlated-318420818,nominal_correlated,B0_physical_fallback,False,physical-fallback-reference,1e+300,-1e+300,False,True,0.009666424147654874,0.009666424147654874,0.009666424147654874,False,False,0.0,0.0,,,1.0,0.0,0.0,True
bayesian-phystwin-prob4d-controlled-decisive-trial,target-nominal_correlated-318420819,nominal_correlated,B0_physical_fallback,False,physical-fallback-reference,1e+300,-1e+300,False,True,0.0057574935397624325,0.0057574935397624325,0.0057574935397624325,False,False,0.0,0.0,,,1.0,0.0,0.0,True
bayesian-phystwin-prob4d-controlled-decisive-trial,target-nominal_correlated-318420820,nominal_correlated,B0_physical_fallback,False,physical-fallback-reference,1e+300,-1e+300,False,True,0.00620721418676249,0.00620721418676249,0.00620721418676249,False,False,0.0,0.0,,,1.0,0.0,0.0,True
bayesian-phystwin-prob4d-controlled-decisive-trial,target-nominal_correlated-318420821,nominal_correlated,B0_physical_fallback,False,physical-fallback-reference,1e+300,-1e+300,False,True,0.004190129178468414,0.004190129178468414,0.004190129178468414,False,False,0.0,0.0,,,1.0,0.0,0.0,True
bayesian-phystwin-prob4d-controlled-decisive-trial,target-nominal_correlated-318420822,nominal_correlated,B0_physical_fallback,False,physical-fallback-reference,1e+300,-1e+300,False,True,0.003993383847544752,0.003993383847544752,0.003993383847544752,False,False,0.0,0.0,,,1.0,0.0,0.0,True
bayesian-phystwin-prob4d-controlled-decisive-trial,target-nominal_correlated-318420823,nominal_correlated,B0_physical_fallback,False,physical-fallback-reference,1e+300,-1e+300,False,True,0.008532107459452256,0.008532107459452256,0.008532107459452256,False,False,0.0,0.0,,,1.0,0.0,0.0,True
bayesian-phystwin-prob4d-controlled-decisive-trial,target-nominal_correlated-318420824,nominal_correlated,B0_physical_fallback,False,physical-fallback-reference,1e+300,-1e+300,False,True,0.0018661135759485605,0.0018661135759485605,0.0018661135759485605,False,False,0.0,0.0,,,1.0,0.0,0.0,True
bayesian-phystwin-prob4d-controlled-decisive-trial,target-nominal_correlated-318420825,nominal_correlated,B0_physical_fallback,False,physical-fallback-reference,1e+300,-1e+300,False,True,0.007769231007067137,0.007769231007067137,0.007769231007067137,False,False,0.0,0.0,,,1.0,0.0,0.0,True
bayesian-phystwin-prob4d-controlled-decisive-trial,target-nominal_correlated-318420826,nominal_correlated,B0_physical_fallback,False,physical-fallback-reference,1e+300,-1e+300,False,True,0.01132785141254362,0.01132785141254362,0.01132785141254362,False,False,0.0,0.0,,,1.0,0.0,0.0,True
bayesian-phystwin-prob4d-controlled-decisive-trial,target-nominal_correlated-318420827,nominal_correlated,B0_physical_fallback,False,physical-fallback-reference,1e+300,-1e+300,False,True,0.009779337645973576,0.009779337645973576,0.009779337645973576,False,False,0.0,0.0,,,1.0,0.0,0.0,True
bayesian-phystwin-prob4d-controlled-decisive-trial,target-nominal_correlated-318420828,nominal_correlated,B0_physical_fallback,False,physical-fallback-reference,1e+300,-1e+300,False,True,0.003873676638452656,0.003873676638452656,0.003873676638452656,False,False,0.0,0.0,,,1.0,0.0,0.0,True
bayesian-phystwin-prob4d-controlled-decisive-trial,target-nominal_correlated-318420829,nominal_correlated,B0_physical_fallback,False,physical-fallback-reference,1e+300,-1e+300,False,True,0.0016554947117872892,0.0016554947117872892,0.0016554947117872892,False,False,0.0,0.0,,,1.0,0.0,0.0,True
bayesian-phystwin-prob4d-controlled-decisive-trial,target-nominal_correlated-318420830,nominal_correlated,B0_physical_fallback,False,physical-fallback-reference,1e+300,-1e+300,False,True,0.0066812451148761404,0.0066812451148761404,0.0066812451148761404,False,False,0.0,0.0,,,1.0,0.0,0.0,True
bayesian-phystwin-prob4d-controlled-decisive-trial,target-nominal_correlated-318420831,nominal_correlated,B0_physical_fallback,False,physical-fallback-reference,1e+300,-1e+300,False,True,0.005988667301689113,0.005988667301689113,0.005988667301689113,False,False,0.0,0.0,,,1.0,0.0,0.0,True
bayesian-phystwin-prob4d-controlled-decisive-trial,target-nominal_correlated-318420832,nominal_correlated,B0_physical_fallback,False,physical-fallback-reference,1e+300,-1e+300,False,True,0.007976006260119869,0.007976006260119869,0.007976006260119869,False,False,0.0,0.0,,,1.0,0.0,0.0,True
bayesian-phystwin-prob4d-controlled-decisive-trial,target-nominal_correlated-318420833,nominal_correlated,B0_physical_fallback,False,physical-fallback-reference,1e+300,-1e+300,False,True,0.007599787596001098,0.007599787596001098,0.007599787596001098,False,False,0.0,0.0,,,1.0,0.0,0.0,True
bayesian-phystwin-prob4d-controlled-decisive-trial,target-nominal_correlated-318420834,nominal_correlated,B0_physical_fallback,False,physical-fallback-reference,1e+300,-1e+300,False,True,0.0068543984492612205,0.0068543984492612205,0.0068543984492612205,False,False,0.0,0.0,,,1.0,0.0,0.0,True
bayesian-phystwin-prob4d-controlled-decisive-trial,target-nominal_correlated-318420835,nominal_correlated,B0_physical_fallback,False,physical-fallback-reference,1e+300,-1e+300,False,True,0.007911399760523028,0.007911399760523028,0.007911399760523028,False,False,0.0,0.0,,,1.0,0.0,0.0,True
bayesian-phystwin-prob4d-controlled-decisive-trial,target-nominal_correlated-318420836,nominal_correlated,B0_physical_fallback,False,physical-fallback-reference,1e+300,-1e+300,False,True,0.004338076701578592,0.004338076701578592,0.004338076701578592,False,False,0.0,0.0,,,1.0,0.0,0.0,True
bayesian-phystwin-prob4d-controlled-decisive-trial,target-nominal_correlated-318420837,nominal_correlated,B0_physical_fallback,False,physical-fallback-reference,1e+300,-1e+300,False,True,0.005788416764574352,0.005788416764574352,0.005788416764574352,False,False,0.0,0.0,,,1.0,0.0,0.0,True
bayesian-phystwin-prob4d-controlled-decisive-trial,target-nominal_correlated-318420838,nominal_correlated,B0_physical_fallback,False,physical-fallback-reference,1e+300,-1e+300,False,True,0.00322990555711752,0.00322990555711752,0.00322990555711752,False,False,0.0,0.0,,,1.0,0.0,0.0,True
bayesian-phystwin-prob4d-controlled-decisive-trial,target-nominal_correlated-318420839,nominal_correlated,B0_physical_fallback,False,physical-fallback-reference,1e+300,-1e+300,False,True,0.008061808264819762,0.008061808264819762,0.008061808264819762,False,False,0.0,0.0,,,1.0,0.0,0.0,True
bayesian-phystwin-prob4d-controlled-decisive-trial,target-nominal_correlated-318420840,nominal_correlated,B0_physical_fallback,False,physical-fallback-reference,1e+300,-1e+300,False,True,0.007779908530677194,0.007779908530677194,0.007779908530677194,False,False,0.0,0.0,,,1.0,0.0,0.0,True
bayesian-phystwin-prob4d-controlled-decisive-trial,target-nominal_correlated-318420841,nominal_correlated,B0_physical_fallback,False,physical-fallback-reference,1e+300,-1e+300,False,True,0.009599464061503114,0.009599464061503114,0.009599464061503114,False,False,0.0,0.0,,,1.0,0.0,0.0,True
bayesian-phystwin-prob4d-controlled-decisive-trial,target-nominal_correlated-318420842,nominal_correlated,B0_physical_fallback,False,physical-fallback-reference,1e+300,-1e+300,False,True,0.008020848441902775,0.008020848441902775,0.008020848441902775,False,False,0.0,0.0,,,1.0,0.0,0.0,True
bayesian-phystwin-prob4d-controlled-decisive-trial,target-nominal_correlated-318420843,nominal_correlated,B0_physical_fallback,False,physical-fallback-reference,1e+300,-1e+300,False,True,0.0067555980064415285,0.0067555980064415285,0.0067555980064415285,False,False,0.0,0.0,,,1.0,0.0,0.0,True
bayesian-phystwin-prob4d-controlled-decisive-trial,target-nominal_correlated-318420844,nominal_correlated,B0_physical_fallback,False,physical-fallback-reference,1e+300,-1e+300,False,True,0.007189264568316358,0.007189264568316358,0.007189264568316358,False,False,0.0,0.0,,,1.0,0.0,0.0,True
bayesian-phystwin-prob4d-controlled-decisive-trial,target-nominal_correlated-318420845,nominal_correlated,B0_physical_fallback,False,physical-fallback-reference,1e+300,-1e+300,False,True,0.007879015720960681,0.007879015720960681,0.007879015720960681,False,False,0.0,0.0,,,1.0,0.0,0.0,True
bayesian-phystwin-prob4d-controlled-decisive-trial,target-nominal_correlated-318420846,nominal_correlated,B0_physical_fallback,False,physical-fallback-reference,1e+300,-1e+300,False,True,0.009072618011926355,0.009072618011926355,0.009072618011926355,False,False,0.0,0.0,,,1.0,0.0,0.0,True
bayesian-phystwin-prob4d-controlled-decisive-trial,target-nominal_correlated-318420847,nominal_correlated,B0_physical_fallback,False,physical-fallback-reference,1e+300,-1e+300,False,True,0.005209733742007863,0.005209733742007863,0.005209733742007863,False,False,0.0,0.0,,,1.0,0.0,0.0,True
bayesian-phystwin-prob4d-controlled-decisive-trial,target-nominal_correlated-318420848,nominal_correlated,B0_physical_fallback,False,physical-fallback-reference,1e+300,-1e+300,False,True,0.005187469140182476,0.005187469140182476,0.005187469140182476,False,False,0.0,0.0,,,1.0,0.0,0.0,True
bayesian-phystwin-prob4d-controlled-decisive-trial,target-nominal_correlated-318420849,nominal_correlated,B0_physical_fallback,False,physical-fallback-reference,1e+300,-1e+300,False,True,0.005456036487691015,0.005456036487691015,0.005456036487691015,False,False,0.0,0.0,,,1.0,0.0,0.0,True
bayesian-phystwin-prob4d-controlled-decisive-trial,target-nominal_correlated-318420850,nominal_correlated,B0_physical_fallback,False,physical-fallback-reference,1e+300,-1e+300,False,True,0.0056243790137171425,0.0056243790137171425,0.0056243790137171425,False,False,0.0,0.0,,,1.0,0.0,0.0,True
bayesian-phystwin-prob4d-controlled-decisive-trial,target-nominal_correlated-318420851,nominal_correlated,B0_physical_fallback,False,physical-fallback-reference,1e+300,-1e+300,False,True,0.010289740879883203,0.010289740879883203,0.010289740879883203,False,False,0.0,0.0,,,1.0,0.0,0.0,True
bayesian-phystwin-prob4d-controlled-decisive-trial,target-nominal_correlated-318420852,nominal_correlated,B0_physical_fallback,False,physical-fallback-reference,1e+300,-1e+300,False,True,0.005625340219712845,0.005625340219712845,0.005625340219712845,False,False,0.0,0.0,,,1.0,0.0,0.0,True
bayesian-phystwin-prob4d-controlled-decisive-trial,target-nominal_correlated-318420853,nominal_correlated,B0_physical_fallback,False,physical-fallback-reference,1e+300,-1e+300,False,True,0.007022886670104842,0.007022886670104842,0.007022886670104842,False,False,0.0,0.0,,,1.0,0.0,0.0,True
bayesian-phystwin-prob4d-controlled-decisive-trial,target-nominal_correlated-318420854,nominal_correlated,B0_physical_fallback,False,physical-fallback-reference,1e+300,-1e+300,False,True,0.005892903898858267,0.005892903898858267,0.005892903898858267,False,False,0.0,0.0,,,1.0,0.0,0.0,True
bayesian-phystwin-prob4d-controlled-decisive-trial,target-nominal_correlated-318420855,nominal_correlated,B0_physical_fallback,False,physical-fallback-reference,1e+300,-1e+300,False,True,0.009438678596719444,0.009438678596719444,0.009438678596719444,False,False,0.0,0.0,,,1.0,0.0,0.0,True
bayesian-phystwin-prob4d-controlled-decisive-trial,target-nominal_correlated-318420856,nominal_correlated,B0_physical_fallback,False,physical-fallback-reference,1e+300,-1e+300,False,True,0.008312606936155476,0.008312606936155476,0.008312606936155476,False,False,0.0,0.0,,,1.0,0.0,0.0,True
bayesian-phystwin-prob4d-controlled-decisive-trial,target-nominal_correlated-318420857,nominal_correlated,B0_physical_fallback,False,physical-fallback-reference,1e+300,-1e+300,False,True,0.01026698975283368,0.01026698975283368,0.01026698975283368,False,False,0.0,0.0,,,1.0,0.0,0.0,True
bayesian-phystwin-prob4d-controlled-decisive-trial,target-nominal_correlated-318420858,nominal_correlated,B0_physical_fallback,False,physical-fallback-reference,1e+300,-1e+300,False,True,0.008605389275677278,0.008605389275677278,0.008605389275677278,False,False,0.0,0.0,,,1.0,0.0,0.0,True
bayesian-phystwin-prob4d-controlled-decisive-trial,target-nominal_correlated-318420859,nominal_correlated,B0_physical_fallback,False,physical-fallback-reference,1e+300,-1e+300,False,True,0.004802092746801631,0.004802092746801631,0.004802092746801631,False,False,0.0,0.0,,,1.0,0.0,0.0,True
bayesian-phystwin-prob4d-controlled-decisive-trial,target-nominal_correlated-318420860,nominal_correlated,B0_physical_fallback,False,physical-fallback-reference,1e+300,-1e+300,False,True,0.0065673887562010015,0.0065673887562010015,0.0065673887562010015,False,False,0.0,0.0,,,1.0,0.0,0.0,True
bayesian-phystwin-prob4d-controlled-decisive-trial,target-nominal_correlated-318420861,nominal_correlated,B0_physical_fallback,False,physical-fallback-reference,1e+300,-1e+300,False,True,0.00692682173300754,0.00692682173300754,0.00692682173300754,False,False,0.0,0.0,,,1.0,0.0,0.0,True
bayesian-phystwin-prob4d-controlled-decisive-trial,target-nominal_correlated-318420862,nominal_correlated,B0_physical_fallback,False,physical-fallback-reference,1e+300,-1e+300,False,True,0.005027365504812286,0.005027365504812286,0.005027365504812286,False,False,0.0,0.0,,,1.0,0.0,0.0,True
bayesian-phystwin-prob4d-controlled-decisive-trial,target-nominal_correlated-318420863,nominal_correlated,B0_physical_fallback,False,physical-fallback-reference,1e+300,-1e+300,False,True,0.005410818776371862,0.005410818776371862,0.005410818776371862,False,False,0.0,0.0,,,1.0,0.0,0.0,True
bayesian-phystwin-prob4d-controlled-decisive-trial,target-nominal_correlated-318420864,nominal_correlated,B0_physical_fallback,False,physical-fallback-reference,1e+300,-1e+300,False,True,0.008272976578144997,0.008272976578144997,0.008272976578144997,False,False,0.0,0.0,,,1.0,0.0,0.0,True
bayesian-phystwin-prob4d-controlled-decisive-trial,target-nominal_correlated-318420865,nominal_correlated,B0_physical_fallback,False,physical-fallback-reference,1e+300,-1e+300,False,True,0.003765042519536687,0.003765042519536687,0.003765042519536687,False,False,0.0,0.0,,,1.0,0.0,0.0,True
bayesian-phystwin-prob4d-controlled-decisive-trial,target-nominal_correlated-318420866,nominal_correlated,B0_physical_fallback,False,physical-fallback-reference,1e+300,-1e+300,False,True,0.007675964475566049,0.007675964475566049,0.007675964475566049,False,False,0.0,0.0,,,1.0,0.0,0.0,True
bayesian-phystwin-prob4d-controlled-decisive-trial,target-nominal_correlated-318420867,nominal_correlated,B0_physical_fallback,False,physical-fallback-reference,1e+300,-1e+300,False,True,0.008714120594407451,0.008714120594407451,0.008714120594407451,False,False,0.0,0.0,,,1.0,0.0,0.0,True
bayesian-phystwin-prob4d-controlled-decisive-trial,target-common_mode_bias-318520804,common_mode_bias,B0_physical_fallback,False,physical-fallback-reference,1e+300,-1e+300,False,True,0.006295163382284109,0.006295163382284109,0.006295163382284109,False,False,0.0,0.0,,,1.0,0.0,0.0,True
bayesian-phystwin-prob4d-controlled-decisive-trial,target-common_mode_bias-318520805,common_mode_bias,B0_physical_fallback,False,physical-fallback-reference,1e+300,-1e+300,False,True,0.004014819144346342,0.004014819144346342,0.004014819144346342,False,False,0.0,0.0,,,1.0,0.0,0.0,True
bayesian-phystwin-prob4d-controlled-decisive-trial,target-common_mode_bias-318520806,common_mode_bias,B0_physical_fallback,False,physical-fallback-reference,1e+300,-1e+300,False,True,0.009788929661137867,0.009788929661137867,0.009788929661137867,False,False,0.0,0.0,,,1.0,0.0,0.0,True
bayesian-phystwin-prob4d-controlled-decisive-trial,target-common_mode_bias-318520807,common_mode_bias,B0_physical_fallback,False,physical-fallback-reference,1e+300,-1e+300,False,True,0.008952025647914825,0.008952025647914825,0.008952025647914825,False,False,0.0,0.0,,,1.0,0.0,0.0,True
bayesian-phystwin-prob4d-controlled-decisive-trial,target-common_mode_bias-318520808,common_mode_bias,B0_physical_fallback,False,physical-fallback-reference,1e+300,-1e+300,False,True,0.003080500920836963,0.003080500920836963,0.003080500920836963,False,False,0.0,0.0,,,1.0,0.0,0.0,True
bayesian-phystwin-prob4d-controlled-decisive-trial,target-common_mode_bias-318520809,common_mode_bias,B0_physical_fallback,False,physical-fallback-reference,1e+300,-1e+300,False,True,0.0036316706600353593,0.0036316706600353593,0.0036316706600353593,False,False,0.0,0.0,,,1.0,0.0,0.0,True
bayesian-phystwin-prob4d-controlled-decisive-trial,target-common_mode_bias-318520810,common_mode_bias,B0_physical_fallback,False,physical-fallback-reference,1e+300,-1e+300,False,True,0.004979774051487603,0.004979774051487603,0.004979774051487603,False,False,0.0,0.0,,,1.0,0.0,0.0,True
bayesian-phystwin-prob4d-controlled-decisive-trial,target-common_mode_bias-318520811,common_mode_bias,B0_physical_fallback,False,physical-fallback-reference,1e+300,-1e+300,False,True,0.004910896070034872,0.004910896070034872,0.004910896070034872,False,False,0.0,0.0,,,1.0,0.0,0.0,True
bayesian-phystwin-prob4d-controlled-decisive-trial,target-common_mode_bias-318520812,common_mode_bias,B0_physical_fallback,False,physical-fallback-reference,1e+300,-1e+300,False,True,0.005215908475252118,0.005215908475252118,0.005215908475252118,False,False,0.0,0.0,,,1.0,0.0,0.0,True
bayesian-phystwin-prob4d-controlled-decisive-trial,target-common_mode_bias-318520813,common_mode_bias,B0_physical_fallback,False,physical-fallback-reference,1e+300,-1e+300,False,True,0.004887678880295078,0.004887678880295078,0.004887678880295078,False,False,0.0,0.0,,,1.0,0.0,0.0,True
bayesian-phystwin-prob4d-controlled-decisive-trial,target-common_mode_bias-318520814,common_mode_bias,B0_physical_fallback,False,physical-fallback-reference,1e+300,-1e+300,False,True,0.001806819755430712,0.001806819755430712,0.001806819755430712,False,False,0.0,0.0,,,1.0,0.0,0.0,True
bayesian-phystwin-prob4d-controlled-decisive-trial,target-common_mode_bias-318520815,common_mode_bias,B0_physical_fallback,False,physical-fallback-reference,1e+300,-1e+300,False,True,0.007037644852962149,0.007037644852962149,0.007037644852962149,False,False,0.0,0.0,,,1.0,0.0,0.0,True
bayesian-phystwin-prob4d-controlled-decisive-trial,target-common_mode_bias-318520816,common_mode_bias,B0_physical_fallback,False,physical-fallback-reference,1e+300,-1e+300,False,True,0.007448841755349864,0.007448841755349864,0.007448841755349864,False,False,0.0,0.0,,,1.0,0.0,0.0,True
bayesian-phystwin-prob4d-controlled-decisive-trial,target-common_mode_bias-318520817,common_mode_bias,B0_physical_fallback,False,physical-fallback-reference,1e+300,-1e+300,False,True,0.008080443224969454,0.008080443224969454,0.008080443224969454,False,False,0.0,0.0,,,1.0,0.0,0.0,True
bayesian-phystwin-prob4d-controlled-decisive-trial,target-common_mode_bias-318520818,common_mode_bias,B0_physical_fallback,False,physical-fallback-reference,1e+300,-1e+300,False,True,0.00675776480890649,0.00675776480890649,0.00675776480890649,False,False,0.0,0.0,,,1.0,0.0,0.0,True
bayesian-phystwin-prob4d-controlled-decisive-trial,target-common_mode_bias-318520819,common_mode_bias,B0_physical_fallback,False,physical-fallback-reference,1e+300,-1e+300,False,True,0.0054213892441629325,0.0054213892441629325,0.0054213892441629325,False,False,0.0,0.0,,,1.0,0.0,0.0,True
bayesian-phystwin-prob4d-controlled-decisive-trial,target-common_mode_bias-318520820,common_mode_bias,B0_physical_fallback,False,physical-fallback-reference,1e+300,-1e+300,False,True,0.006181235941782645,0.006181235941782645,0.006181235941782645,False,False,0.0,0.0,,,1.0,0.0,0.0,True
bayesian-phystwin-prob4d-controlled-decisive-trial,target-common_mode_bias-318520821,common_mode_bias,B0_physical_fallback,False,physical-fallback-reference,1e+300,-1e+300,False,True,0.006102723876932564,0.006102723876932564,0.006102723876932564,False,False,0.0,0.0,,,1.0,0.0,0.0,True
bayesian-phystwin-prob4d-controlled-decisive-trial,target-common_mode_bias-318520822,common_mode_bias,B0_physical_fallback,False,physical-fallback-reference,1e+300,-1e+300,False,True,0.00706136357321453,0.00706136357321453,0.00706136357321453,False,False,0.0,0.0,,,1.0,0.0,0.0,True
bayesian-phystwin-prob4d-controlled-decisive-trial,target-common_mode_bias-318520823,common_mode_bias,B0_physical_fallback,False,physical-fallback-reference,1e+300,-1e+300,False,True,0.0030996312359180232,0.0030996312359180232,0.0030996312359180232,False,False,0.0,0.0,,,1.0,0.0,0.0,True
bayesian-phystwin-prob4d-controlled-decisive-trial,target-common_mode_bias-318520824,common_mode_bias,B0_physical_fallback,False,physical-fallback-reference,1e+300,-1e+300,False,True,0.0035633836040291503,0.0035633836040291503,0.0035633836040291503,False,False,0.0,0.0,,,1.0,0.0,0.0,True
bayesian-phystwin-prob4d-controlled-decisive-trial,target-common_mode_bias-318520825,common_mode_bias,B0_physical_fallback,False,physical-fallback-reference,1e+300,-1e+300,False,True,0.0042749463424532315,0.0042749463424532315,0.0042749463424532315,False,False,0.0,0.0,,,1.0,0.0,0.0,True
bayesian-phystwin-prob4d-controlled-decisive-trial,target-common_mode_bias-318520826,common_mode_bias,B0_physical_fallback,False,physical-fallback-reference,1e+300,-1e+300,False,True,0.008328662380558656,0.008328662380558656,0.008328662380558656,False,False,0.0,0.0,,,1.0,0.0,0.0,True
bayesian-phystwin-prob4d-controlled-decisive-trial,target-common_mode_bias-318520827,common_mode_bias,B0_physical_fallback,False,physical-fallback-reference,1e+300,-1e+300,False,True,0.005246726521101587,0.005246726521101587,0.005246726521101587,False,False,0.0,0.0,,,1.0,0.0,0.0,True
bayesian-phystwin-prob4d-controlled-decisive-trial,target-common_mode_bias-318520828,common_mode_bias,B0_physical_fallback,False,physical-fallback-reference,1e+300,-1e+300,False,True,0.004605293288079465,0.004605293288079465,0.004605293288079465,False,False,0.0,0.0,,,1.0,0.0,0.0,True
bayesian-phystwin-prob4d-controlled-decisive-trial,target-common_mode_bias-318520829,common_mode_bias,B0_physical_fallback,False,physical-fallback-reference,1e+300,-1e+300,False,True,0.004862837680346359,0.004862837680346359,0.004862837680346359,False,False,0.0,0.0,,,1.0,0.0,0.0,True
bayesian-phystwin-prob4d-controlled-decisive-trial,target-common_mode_bias-318520830,common_mode_bias,B0_physical_fallback,False,physical-fallback-reference,1e+300,-1e+300,False,True,0.0032574330022757158,0.0032574330022757158,0.0032574330022757158,False,False,0.0,0.0,,,1.0,0.0,0.0,True
bayesian-phystwin-prob4d-controlled-decisive-trial,target-common_mode_bias-318520831,common_mode_bias,B0_physical_fallback,False,physical-fallback-reference,1e+300,-1e+300,False,True,0.0010887427608259302,0.0010887427608259302,0.0010887427608259302,False,False,0.0,0.0,,,1.0,0.0,0.0,True
bayesian-phystwin-prob4d-controlled-decisive-trial,target-common_mode_bias-318520832,common_mode_bias,B0_physical_fallback,False,physical-fallback-reference,1e+300,-1e+300,False,True,0.007016307626067638,0.007016307626067638,0.007016307626067638,False,False,0.0,0.0,,,1.0,0.0,0.0,True
bayesian-phystwin-prob4d-controlled-decisive-trial,target-common_mode_bias-318520833,common_mode_bias,B0_physical_fallback,False,physical-fallback-reference,1e+300,-1e+300,False,True,0.008117973792514091,0.008117973792514091,0.008117973792514091,False,False,0.0,0.0,,,1.0,0.0,0.0,True
bayesian-phystwin-prob4d-controlled-decisive-trial,target-common_mode_bias-318520834,common_mode_bias,B0_physical_fallback,False,physical-fallback-reference,1e+300,-1e+300,False,True,0.009535587588571629,0.009535587588571629,0.009535587588571629,False,False,0.0,0.0,,,1.0,0.0,0.0,True
bayesian-phystwin-prob4d-controlled-decisive-trial,target-common_mode_bias-318520835,common_mode_bias,B0_physical_fallback,False,physical-fallback-reference,1e+300,-1e+300,False,True,0.004994584972864126,0.004994584972864126,0.004994584972864126,False,False,0.0,0.0,,,1.0,0.0,0.0,True
bayesian-phystwin-prob4d-controlled-decisive-trial,target-common_mode_bias-318520836,common_mode_bias,B0_physical_fallback,False,physical-fallback-reference,1e+300,-1e+300,False,True,0.007844945270711508,0.007844945270711508,0.007844945270711508,False,False,0.0,0.0,,,1.0,0.0,0.0,True
bayesian-phystwin-prob4d-controlled-decisive-trial,target-common_mode_bias-318520837,common_mode_bias,B0_physical_fallback,False,physical-fallback-reference,1e+300,-1e+300,False,True,0.00612137586202495,0.00612137586202495,0.00612137586202495,False,False,0.0,0.0,,,1.0,0.0,0.0,True
bayesian-phystwin-prob4d-controlled-decisive-trial,target-common_mode_bias-318520838,common_mode_bias,B0_physical_fallback,False,physical-fallback-reference,1e+300,-1e+300,False,True,0.002166868574363461,0.002166868574363461,0.002166868574363461,False,False,0.0,0.0,,,1.0,0.0,0.0,True
bayesian-phystwin-prob4d-controlled-decisive-trial,target-common_mode_bias-318520839,common_mode_bias,B0_physical_fallback,False,physical-fallback-reference,1e+300,-1e+300,False,True,0.0044778322534981445,0.0044778322534981445,0.0044778322534981445,False,False,0.0,0.0,,,1.0,0.0,0.0,True
bayesian-phystwin-prob4d-controlled-decisive-trial,target-common_mode_bias-318520840,common_mode_bias,B0_physical_fallback,False,physical-fallback-reference,1e+300,-1e+300,False,True,0.0013451416824888879,0.0013451416824888879,0.0013451416824888879,False,False,0.0,0.0,,,1.0,0.0,0.0,True
bayesian-phystwin-prob4d-controlled-decisive-trial,target-common_mode_bias-318520841,common_mode_bias,B0_physical_fallback,False,physical-fallback-reference,1e+300,-1e+300,False,True,0.0073789945348718905,0.0073789945348718905,0.0073789945348718905,False,False,0.0,0.0,,,1.0,0.0,0.0,True
bayesian-phystwin-prob4d-controlled-decisive-trial,target-common_mode_bias-318520842,common_mode_bias,B0_physical_fallback,False,physical-fallback-reference,1e+300,-1e+300,False,True,0.005111913919006046,0.005111913919006046,0.005111913919006046,False,False,0.0,0.0,,,1.0,0.0,0.0,True
bayesian-phystwin-prob4d-controlled-decisive-trial,target-common_mode_bias-318520843,common_mode_bias,B0_physical_fallback,False,physical-fallback-reference,1e+300,-1e+300,False,True,0.00773261081034473,0.00773261081034473,0.00773261081034473,False,False,0.0,0.0,,,1.0,0.0,0.0,True
bayesian-phystwin-prob4d-controlled-decisive-trial,target-common_mode_bias-318520844,common_mode_bias,B0_physical_fallback,False,physical-fallback-reference,1e+300,-1e+300,False,True,0.004234796979359111,0.004234796979359111,0.004234796979359111,False,False,0.0,0.0,,,1.0,0.0,0.0,True
bayesian-phystwin-prob4d-controlled-decisive-trial,target-common_mode_bias-318520845,common_mode_bias,B0_physical_fallback,False,physical-fallback-reference,1e+300,-1e+300,False,True,0.0028932142403625054,0.0028932142403625054,0.0028932142403625054,False,False,0.0,0.0,,,1.0,0.0,0.0,True
bayesian-phystwin-prob4d-controlled-decisive-trial,target-common_mode_bias-318520846,common_mode_bias,B0_physical_fallback,False,physical-fallback-reference,1e+300,-1e+300,False,True,0.007520380728134806,0.007520380728134806,0.007520380728134806,False,False,0.0,0.0,,,1.0,0.0,0.0,True
bayesian-phystwin-prob4d-controlled-decisive-trial,target-common_mode_bias-318520847,common_mode_bias,B0_physical_fallback,False,physical-fallback-reference,1e+300,-1e+300,False,True,0.008128999459310206,0.008128999459310206,0.008128999459310206,False,False,0.0,0.0,,,1.0,0.0,0.0,True
bayesian-phystwin-prob4d-controlled-decisive-trial,target-common_mode_bias-318520848,common_mode_bias,B0_physical_fallback,False,physical-fallback-reference,1e+300,-1e+300,False,True,0.0100899831848008,0.0100899831848008,0.0100899831848008,False,False,0.0,0.0,,,1.0,0.0,0.0,True
bayesian-phystwin-prob4d-controlled-decisive-trial,target-common_mode_bias-318520849,common_mode_bias,B0_physical_fallback,False,physical-fallback-reference,1e+300,-1e+300,False,True,0.006939794695010641,0.006939794695010641,0.006939794695010641,False,False,0.0,0.0,,,1.0,0.0,0.0,True
bayesian-phystwin-prob4d-controlled-decisive-trial,target-common_mode_bias-318520850,common_mode_bias,B0_physical_fallback,False,physical-fallback-reference,1e+300,-1e+300,False,True,0.006434460220623743,0.006434460220623743,0.006434460220623743,False,False,0.0,0.0,,,1.0,0.0,0.0,True
bayesian-phystwin-prob4d-controlled-decisive-trial,target-common_mode_bias-318520851,common_mode_bias,B0_physical_fallback,False,physical-fallback-reference,1e+300,-1e+300,False,True,0.005729999140827842,0.005729999140827842,0.005729999140827842,False,False,0.0,0.0,,,1.0,0.0,0.0,True
bayesian-phystwin-prob4d-controlled-decisive-trial,target-common_mode_bias-318520852,common_mode_bias,B0_physical_fallback,False,physical-fallback-reference,1e+300,-1e+300,False,True,0.005451392990131184,0.005451392990131184,0.005451392990131184,False,False,0.0,0.0,,,1.0,0.0,0.0,True
bayesian-phystwin-prob4d-controlled-decisive-trial,target-common_mode_bias-318520853,common_mode_bias,B0_physical_fallback,False,physical-fallback-reference,1e+300,-1e+300,False,True,0.00382477786440126,0.00382477786440126,0.00382477786440126,False,False,0.0,0.0,,,1.0,0.0,0.0,True
bayesian-phystwin-prob4d-controlled-decisive-trial,target-common_mode_bias-318520854,common_mode_bias,B0_physical_fallback,False,physical-fallback-reference,1e+300,-1e+300,False,True,0.008332760428439478,0.008332760428439478,0.008332760428439478,False,False,0.0,0.0,,,1.0,0.0,0.0,True
bayesian-phystwin-prob4d-controlled-decisive-trial,target-common_mode_bias-318520855,common_mode_bias,B0_physical_fallback,False,physical-fallback-reference,1e+300,-1e+300,False,True,0.00262642597372824,0.00262642597372824,0.00262642597372824,False,False,0.0,0.0,,,1.0,0.0,0.0,True
bayesian-phystwin-prob4d-controlled-decisive-trial,target-common_mode_bias-318520856,common_mode_bias,B0_physical_fallback,False,physical-fallback-reference,1e+300,-1e+300,False,True,0.006480846803422644,0.006480846803422644,0.006480846803422644,False,False,0.0,0.0,,,1.0,0.0,0.0,True
bayesian-phystwin-prob4d-controlled-decisive-trial,target-common_mode_bias-318520857,common_mode_bias,B0_physical_fallback,False,physical-fallback-reference,1e+300,-1e+300,False,True,0.006523742223902663,0.006523742223902663,0.006523742223902663,False,False,0.0,0.0,,,1.0,0.0,0.0,True
bayesian-phystwin-prob4d-controlled-decisive-trial,target-common_mode_bias-318520858,common_mode_bias,B0_physical_fallback,False,physical-fallback-reference,1e+300,-1e+300,False,True,0.006415563427168445,0.006415563427168445,0.006415563427168445,False,False,0.0,0.0,,,1.0,0.0,0.0,True
bayesian-phystwin-prob4d-controlled-decisive-trial,target-common_mode_bias-318520859,common_mode_bias,B0_physical_fallback,False,physical-fallback-reference,1e+300,-1e+300,False,True,0.001288023918766599,0.001288023918766599,0.001288023918766599,False,False,0.0,0.0,,,1.0,0.0,0.0,True
bayesian-phystwin-prob4d-controlled-decisive-trial,target-common_mode_bias-318520860,common_mode_bias,B0_physical_fallback,False,physical-fallback-reference,1e+300,-1e+300,False,True,0.0032444129748338746,0.0032444129748338746,0.0032444129748338746,False,False,0.0,0.0,,,1.0,0.0,0.0,True
bayesian-phystwin-prob4d-controlled-decisive-trial,target-common_mode_bias-318520861,common_mode_bias,B0_physical_fallback,False,physical-fallback-reference,1e+300,-1e+300,False,True,0.008344041886215398,0.008344041886215398,0.008344041886215398,False,False,0.0,0.0,,,1.0,0.0,0.0,True
bayesian-phystwin-prob4d-controlled-decisive-trial,target-common_mode_bias-318520862,common_mode_bias,B0_physical_fallback,False,physical-fallback-reference,1e+300,-1e+300,False,True,0.005270443916976497,0.005270443916976497,0.005270443916976497,False,False,0.0,0.0,,,1.0,0.0,0.0,True
bayesian-phystwin-prob4d-controlled-decisive-trial,target-common_mode_bias-318520863,common_mode_bias,B0_physical_fallback,False,physical-fallback-reference,1e+300,-1e+300,False,True,0.006611376573394591,0.006611376573394591,0.006611376573394591,False,False,0.0,0.0,,,1.0,0.0,0.0,True
bayesian-phystwin-prob4d-controlled-decisive-trial,target-common_mode_bias-318520864,common_mode_bias,B0_physical_fallback,False,physical-fallback-reference,1e+300,-1e+300,False,True,0.005668348769646425,0.005668348769646425,0.005668348769646425,False,False,0.0,0.0,,,1.0,0.0,0.0,True
bayesian-phystwin-prob4d-controlled-decisive-trial,target-common_mode_bias-318520865,common_mode_bias,B0_physical_fallback,False,physical-fallback-reference,1e+300,-1e+300,False,True,0.005960685588147554,0.005960685588147554,0.005960685588147554,False,False,0.0,0.0,,,1.0,0.0,0.0,True
bayesian-phystwin-prob4d-controlled-decisive-trial,target-common_mode_bias-318520866,common_mode_bias,B0_physical_fallback,False,physical-fallback-reference,1e+300,-1e+300,False,True,0.008269995405680141,0.008269995405680141,0.008269995405680141,False,False,0.0,0.0,,,1.0,0.0,0.0,True
bayesian-phystwin-prob4d-controlled-decisive-trial,target-common_mode_bias-318520867,common_mode_bias,B0_physical_fallback,False,physical-fallback-reference,1e+300,-1e+300,False,True,0.0098135573893855,0.0098135573893855,0.0098135573893855,False,False,0.0,0.0,,,1.0,0.0,0.0,True
bayesian-phystwin-prob4d-controlled-decisive-trial,target-outlier_groups-318620804,outlier_groups,B0_physical_fallback,False,physical-fallback-reference,1e+300,-1e+300,False,True,0.007023840494156033,0.007023840494156033,0.007023840494156033,False,False,0.0,0.0,,,1.0,0.0,0.0,True
bayesian-phystwin-prob4d-controlled-decisive-trial,target-outlier_groups-318620805,outlier_groups,B0_physical_fallback,False,physical-fallback-reference,1e+300,-1e+300,False,True,0.004209501043148014,0.004209501043148014,0.004209501043148014,False,False,0.0,0.0,,,1.0,0.0,0.0,True
bayesian-phystwin-prob4d-controlled-decisive-trial,target-outlier_groups-318620806,outlier_groups,B0_physical_fallback,False,physical-fallback-reference,1e+300,-1e+300,False,True,0.005482039982217522,0.005482039982217522,0.005482039982217522,False,False,0.0,0.0,,,1.0,0.0,0.0,True
bayesian-phystwin-prob4d-controlled-decisive-trial,target-outlier_groups-318620807,outlier_groups,B0_physical_fallback,False,physical-fallback-reference,1e+300,-1e+300,False,True,0.0027870019818157657,0.0027870019818157657,0.0027870019818157657,False,False,0.0,0.0,,,1.0,0.0,0.0,True
bayesian-phystwin-prob4d-controlled-decisive-trial,target-outlier_groups-318620808,outlier_groups,B0_physical_fallback,False,physical-fallback-reference,1e+300,-1e+300,False,True,0.0035276871034583754,0.0035276871034583754,0.0035276871034583754,False,False,0.0,0.0,,,1.0,0.0,0.0,True
bayesian-phystwin-prob4d-controlled-decisive-trial,target-outlier_groups-318620809,outlier_groups,B0_physical_fallback,False,physical-fallback-reference,1e+300,-1e+300,False,True,0.005699417962161836,0.005699417962161836,0.005699417962161836,False,False,0.0,0.0,,,1.0,0.0,0.0,True
bayesian-phystwin-prob4d-controlled-decisive-trial,target-outlier_groups-318620810,outlier_groups,B0_physical_fallback,False,physical-fallback-reference,1e+300,-1e+300,False,True,0.008394459291973952,0.008394459291973952,0.008394459291973952,False,False,0.0,0.0,,,1.0,0.0,0.0,True
bayesian-phystwin-prob4d-controlled-decisive-trial,target-outlier_groups-318620811,outlier_groups,B0_physical_fallback,False,physical-fallback-reference,1e+300,-1e+300,False,True,0.004938773239930861,0.004938773239930861,0.004938773239930861,False,False,0.0,0.0,,,1.0,0.0,0.0,True
bayesian-phystwin-prob4d-controlled-decisive-trial,target-outlier_groups-318620812,outlier_groups,B0_physical_fallback,False,physical-fallback-reference,1e+300,-1e+300,False,True,0.006473374229803501,0.006473374229803501,0.006473374229803501,False,False,0.0,0.0,,,1.0,0.0,0.0,True
bayesian-phystwin-prob4d-controlled-decisive-trial,target-outlier_groups-318620813,outlier_groups,B0_physical_fallback,False,physical-fallback-reference,1e+300,-1e+300,False,True,0.0033354537764697986,0.0033354537764697986,0.0033354537764697986,False,False,0.0,0.0,,,1.0,0.0,0.0,True
bayesian-phystwin-prob4d-controlled-decisive-trial,target-outlier_groups-318620814,outlier_groups,B0_physical_fallback,False,physical-fallback-reference,1e+300,-1e+300,False,True,0.0014098529851265733,0.0014098529851265733,0.0014098529851265733,False,False,0.0,0.0,,,1.0,0.0,0.0,True
bayesian-phystwin-prob4d-controlled-decisive-trial,target-outlier_groups-318620815,outlier_groups,B0_physical_fallback,False,physical-fallback-reference,1e+300,-1e+300,False,True,0.004353631756905266,0.004353631756905266,0.004353631756905266,False,False,0.0,0.0,,,1.0,0.0,0.0,True
bayesian-phystwin-prob4d-controlled-decisive-trial,target-outlier_groups-318620816,outlier_groups,B0_physical_fallback,False,physical-fallback-reference,1e+300,-1e+300,False,True,0.0032225117487154876,0.0032225117487154876,0.0032225117487154876,False,False,0.0,0.0,,,1.0,0.0,0.0,True
bayesian-phystwin-prob4d-controlled-decisive-trial,target-outlier_groups-318620817,outlier_groups,B0_physical_fallback,False,physical-fallback-reference,1e+300,-1e+300,False,True,0.005714529967902613,0.005714529967902613,0.005714529967902613,False,False,0.0,0.0,,,1.0,0.0,0.0,True
bayesian-phystwin-prob4d-controlled-decisive-trial,target-outlier_groups-318620818,outlier_groups,B0_physical_fallback,False,physical-fallback-reference,1e+300,-1e+300,False,True,0.003991418654500563,0.003991418654500563,0.003991418654500563,False,False,0.0,0.0,,,1.0,0.0,0.0,True
bayesian-phystwin-prob4d-controlled-decisive-trial,target-outlier_groups-318620819,outlier_groups,B0_physical_fallback,False,physical-fallback-reference,1e+300,-1e+300,False,True,0.006028005342670893,0.006028005342670893,0.006028005342670893,False,False,0.0,0.0,,,1.0,0.0,0.0,True
bayesian-phystwin-prob4d-controlled-decisive-trial,target-outlier_groups-318620820,outlier_groups,B0_physical_fallback,False,physical-fallback-reference,1e+300,-1e+300,False,True,0.007864563062623916,0.007864563062623916,0.007864563062623916,False,False,0.0,0.0,,,1.0,0.0,0.0,True
bayesian-phystwin-prob4d-controlled-decisive-trial,target-outlier_groups-318620821,outlier_groups,B0_physical_fallback,False,physical-fallback-reference,1e+300,-1e+300,False,True,0.005185284027451402,0.005185284027451402,0.005185284027451402,False,False,0.0,0.0,,,1.0,0.0,0.0,True
bayesian-phystwin-prob4d-controlled-decisive-trial,target-outlier_groups-318620822,outlier_groups,B0_physical_fallback,False,physical-fallback-reference,1e+300,-1e+300,False,True,0.004383958785774099,0.004383958785774099,0.004383958785774099,False,False,0.0,0.0,,,1.0,0.0,0.0,True
bayesian-phystwin-prob4d-controlled-decisive-trial,target-outlier_groups-318620823,outlier_groups,B0_physical_fallback,False,physical-fallback-reference,1e+300,-1e+300,False,True,0.008786778929080493,0.008786778929080493,0.008786778929080493,False,False,0.0,0.0,,,1.0,0.0,0.0,True
bayesian-phystwin-prob4d-controlled-decisive-trial,target-outlier_groups-318620824,outlier_groups,B0_physical_fallback,False,physical-fallback-reference,1e+300,-1e+300,False,True,0.0029386787390966434,0.0029386787390966434,0.0029386787390966434,False,False,0.0,0.0,,,1.0,0.0,0.0,True
bayesian-phystwin-prob4d-controlled-decisive-trial,target-outlier_groups-318620825,outlier_groups,B0_physical_fallback,False,physical-fallback-reference,1e+300,-1e+300,False,True,0.005846805819354886,0.005846805819354886,0.005846805819354886,False,False,0.0,0.0,,,1.0,0.0,0.0,True
bayesian-phystwin-prob4d-controlled-decisive-trial,target-outlier_groups-318620826,outlier_groups,B0_physical_fallback,False,physical-fallback-reference,1e+300,-1e+300,False,True,0.006761264262104678,0.006761264262104678,0.006761264262104678,False,False,0.0,0.0,,,1.0,0.0,0.0,True
bayesian-phystwin-prob4d-controlled-decisive-trial,target-outlier_groups-318620827,outlier_groups,B0_physical_fallback,False,physical-fallback-reference,1e+300,-1e+300,False,True,0.007094242189008854,0.007094242189008854,0.007094242189008854,False,False,0.0,0.0,,,1.0,0.0,0.0,True
bayesian-phystwin-prob4d-controlled-decisive-trial,target-outlier_groups-318620828,outlier_groups,B0_physical_fallback,False,physical-fallback-reference,1e+300,-1e+300,False,True,0.009541211456635394,0.009541211456635394,0.009541211456635394,False,False,0.0,0.0,,,1.0,0.0,0.0,True
bayesian-phystwin-prob4d-controlled-decisive-trial,target-outlier_groups-318620829,outlier_groups,B0_physical_fallback,False,physical-fallback-reference,1e+300,-1e+300,False,True,0.007783334249463878,0.007783334249463878,0.007783334249463878,False,False,0.0,0.0,,,1.0,0.0,0.0,True
bayesian-phystwin-prob4d-controlled-decisive-trial,target-outlier_groups-318620830,outlier_groups,B0_physical_fallback,False,physical-fallback-reference,1e+300,-1e+300,False,True,0.009013578109553708,0.009013578109553708,0.009013578109553708,False,False,0.0,0.0,,,1.0,0.0,0.0,True
bayesian-phystwin-prob4d-controlled-decisive-trial,target-outlier_groups-318620831,outlier_groups,B0_physical_fallback,False,physical-fallback-reference,1e+300,-1e+300,False,True,0.004055062535084113,0.004055062535084113,0.004055062535084113,False,False,0.0,0.0,,,1.0,0.0,0.0,True
bayesian-phystwin-prob4d-controlled-decisive-trial,target-outlier_groups-318620832,outlier_groups,B0_physical_fallback,False,physical-fallback-reference,1e+300,-1e+300,False,True,0.002614853293663056,0.002614853293663056,0.002614853293663056,False,False,0.0,0.0,,,1.0,0.0,0.0,True
bayesian-phystwin-prob4d-controlled-decisive-trial,target-outlier_groups-318620833,outlier_groups,B0_physical_fallback,False,physical-fallback-reference,1e+300,-1e+300,False,True,0.006288378144585268,0.006288378144585268,0.006288378144585268,False,False,0.0,0.0,,,1.0,0.0,0.0,True
bayesian-phystwin-prob4d-controlled-decisive-trial,target-outlier_groups-318620834,outlier_groups,B0_physical_fallback,False,physical-fallback-reference,1e+300,-1e+300,False,True,0.004684203327899956,0.004684203327899956,0.004684203327899956,False,False,0.0,0.0,,,1.0,0.0,0.0,True
bayesian-phystwin-prob4d-controlled-decisive-trial,target-outlier_groups-318620835,outlier_groups,B0_physical_fallback,False,physical-fallback-reference,1e+300,-1e+300,False,True,0.007868065380772645,0.007868065380772645,0.007868065380772645,False,False,0.0,0.0,,,1.0,0.0,0.0,True
bayesian-phystwin-prob4d-controlled-decisive-trial,target-outlier_groups-318620836,outlier_groups,B0_physical_fallback,False,physical-fallback-reference,1e+300,-1e+300,False,True,0.006350347350129486,0.006350347350129486,0.006350347350129486,False,False,0.0,0.0,,,1.0,0.0,0.0,True
bayesian-phystwin-prob4d-controlled-decisive-trial,target-outlier_groups-318620837,outlier_groups,B0_physical_fallback,False,physical-fallback-reference,1e+300,-1e+300,False,True,0.0008354583458070945,0.0008354583458070945,0.0008354583458070945,False,False,0.0,0.0,,,1.0,0.0,0.0,True
bayesian-phystwin-prob4d-controlled-decisive-trial,target-outlier_groups-318620838,outlier_groups,B0_physical_fallback,False,physical-fallback-reference,1e+300,-1e+300,False,True,0.004915684377988328,0.004915684377988328,0.004915684377988328,False,False,0.0,0.0,,,1.0,0.0,0.0,True
bayesian-phystwin-prob4d-controlled-decisive-trial,target-outlier_groups-318620839,outlier_groups,B0_physical_fallback,False,physical-fallback-reference,1e+300,-1e+300,False,True,0.0022628799646034056,0.0022628799646034056,0.0022628799646034056,False,False,0.0,0.0,,,1.0,0.0,0.0,True
bayesian-phystwin-prob4d-controlled-decisive-trial,target-outlier_groups-318620840,outlier_groups,B0_physical_fallback,False,physical-fallback-reference,1e+300,-1e+300,False,True,0.005601483911017078,0.005601483911017078,0.005601483911017078,False,False,0.0,0.0,,,1.0,0.0,0.0,True
bayesian-phystwin-prob4d-controlled-decisive-trial,target-outlier_groups-318620841,outlier_groups,B0_physical_fallback,False,physical-fallback-reference,1e+300,-1e+300,False,True,0.005069787761840298,0.005069787761840298,0.005069787761840298,False,False,0.0,0.0,,,1.0,0.0,0.0,True
bayesian-phystwin-prob4d-controlled-decisive-trial,target-outlier_groups-318620842,outlier_groups,B0_physical_fallback,False,physical-fallback-reference,1e+300,-1e+300,False,True,0.0024374765926138907,0.0024374765926138907,0.0024374765926138907,False,False,0.0,0.0,,,1.0,0.0,0.0,True
bayesian-phystwin-prob4d-controlled-decisive-trial,target-outlier_groups-318620843,outlier_groups,B0_physical_fallback,False,physical-fallback-reference,1e+300,-1e+300,False,True,0.01096661810052434,0.01096661810052434,0.01096661810052434,False,False,0.0,0.0,,,1.0,0.0,0.0,True
bayesian-phystwin-prob4d-controlled-decisive-trial,target-outlier_groups-318620844,outlier_groups,B0_physical_fallback,False,physical-fallback-reference,1e+300,-1e+300,False,True,0.008060665055709676,0.008060665055709676,0.008060665055709676,False,False,0.0,0.0,,,1.0,0.0,0.0,True
bayesian-phystwin-prob4d-controlled-decisive-trial,target-outlier_groups-318620845,outlier_groups,B0_physical_fallback,False,physical-fallback-reference,1e+300,-1e+300,False,True,0.0034769856246215616,0.0034769856246215616,0.0034769856246215616,False,False,0.0,0.0,,,1.0,0.0,0.0,True
bayesian-phystwin-prob4d-controlled-decisive-trial,target-outlier_groups-318620846,outlier_groups,B0_physical_fallback,False,physical-fallback-reference,1e+300,-1e+300,False,True,0.0022690001527822384,0.0022690001527822384,0.0022690001527822384,False,False,0.0,0.0,,,1.0,0.0,0.0,True
bayesian-phystwin-prob4d-controlled-decisive-trial,target-outlier_groups-318620847,outlier_groups,B0_physical_fallback,False,physical-fallback-reference,1e+300,-1e+300,False,True,0.005223493703635257,0.005223493703635257,0.005223493703635257,False,False,0.0,0.0,,,1.0,0.0,0.0,True
bayesian-phystwin-prob4d-controlled-decisive-trial,target-outlier_groups-318620848,outlier_groups,B0_physical_fallback,False,physical-fallback-reference,1e+300,-1e+300,False,True,0.008769605870200436,0.008769605870200436,0.008769605870200436,False,False,0.0,0.0,,,1.0,0.0,0.0,True
bayesian-phystwin-prob4d-controlled-decisive-trial,target-outlier_groups-318620849,outlier_groups,B0_physical_fallback,False,physical-fallback-reference,1e+300,-1e+300,False,True,0.0025200222035358507,0.0025200222035358507,0.0025200222035358507,False,False,0.0,0.0,,,1.0,0.0,0.0,True
bayesian-phystwin-prob4d-controlled-decisive-trial,target-outlier_groups-318620850,outlier_groups,B0_physical_fallback,False,physical-fallback-reference,1e+300,-1e+300,False,True,0.0068105593255386775,0.0068105593255386775,0.0068105593255386775,False,False,0.0,0.0,,,1.0,0.0,0.0,True
bayesian-phystwin-prob4d-controlled-decisive-trial,target-outlier_groups-318620851,outlier_groups,B0_physical_fallback,False,physical-fallback-reference,1e+300,-1e+300,False,True,0.008308912834170488,0.008308912834170488,0.008308912834170488,False,False,0.0,0.0,,,1.0,0.0,0.0,True
bayesian-phystwin-prob4d-controlled-decisive-trial,target-outlier_groups-318620852,outlier_groups,B0_physical_fallback,False,physical-fallback-reference,1e+300,-1e+300,False,True,0.00815946170854626,0.00815946170854626,0.00815946170854626,False,False,0.0,0.0,,,1.0,0.0,0.0,True
bayesian-phystwin-prob4d-controlled-decisive-trial,target-outlier_groups-318620853,outlier_groups,B0_physical_fallback,False,physical-fallback-reference,1e+300,-1e+300,False,True,0.00522498249783747,0.00522498249783747,0.00522498249783747,False,False,0.0,0.0,,,1.0,0.0,0.0,True
bayesian-phystwin-prob4d-controlled-decisive-trial,target-outlier_groups-318620854,outlier_groups,B0_physical_fallback,False,physical-fallback-reference,1e+300,-1e+300,False,True,0.0046747177540388115,0.0046747177540388115,0.0046747177540388115,False,False,0.0,0.0,,,1.0,0.0,0.0,True
bayesian-phystwin-prob4d-controlled-decisive-trial,target-outlier_groups-318620855,outlier_groups,B0_physical_fallback,False,physical-fallback-reference,1e+300,-1e+300,False,True,0.007766580735628449,0.007766580735628449,0.007766580735628449,False,False,0.0,0.0,,,1.0,0.0,0.0,True
bayesian-phystwin-prob4d-controlled-decisive-trial,target-outlier_groups-318620856,outlier_groups,B0_physical_fallback,False,physical-fallback-reference,1e+300,-1e+300,False,True,0.00723967364554318,0.00723967364554318,0.00723967364554318,False,False,0.0,0.0,,,1.0,0.0,0.0,True
bayesian-phystwin-prob4d-controlled-decisive-trial,target-outlier_groups-318620857,outlier_groups,B0_physical_fallback,False,physical-fallback-reference,1e+300,-1e+300,False,True,0.005611865404624781,0.005611865404624781,0.005611865404624781,False,False,0.0,0.0,,,1.0,0.0,0.0,True
bayesian-phystwin-prob4d-controlled-decisive-trial,target-outlier_groups-318620858,outlier_groups,B0_physical_fallback,False,physical-fallback-reference,1e+300,-1e+300,False,True,0.004501614660123775,0.004501614660123775,0.004501614660123775,False,False,0.0,0.0,,,1.0,0.0,0.0,True
bayesian-phystwin-prob4d-controlled-decisive-trial,target-outlier_groups-318620859,outlier_groups,B0_physical_fallback,False,physical-fallback-reference,1e+300,-1e+300,False,True,0.006392628308591071,0.006392628308591071,0.006392628308591071,False,False,0.0,0.0,,,1.0,0.0,0.0,True
bayesian-phystwin-prob4d-controlled-decisive-trial,target-outlier_groups-318620860,outlier_groups,B0_physical_fallback,False,physical-fallback-reference,1e+300,-1e+300,False,True,0.005726351765468711,0.005726351765468711,0.005726351765468711,False,False,0.0,0.0,,,1.0,0.0,0.0,True
bayesian-phystwin-prob4d-controlled-decisive-trial,target-outlier_groups-318620861,outlier_groups,B0_physical_fallback,False,physical-fallback-reference,1e+300,-1e+300,False,True,0.004273625823784311,0.004273625823784311,0.004273625823784311,False,False,0.0,0.0,,,1.0,0.0,0.0,True
bayesian-phystwin-prob4d-controlled-decisive-trial,target-outlier_groups-318620862,outlier_groups,B0_physical_fallback,False,physical-fallback-reference,1e+300,-1e+300,False,True,0.009887514540903426,0.009887514540903426,0.009887514540903426,False,False,0.0,0.0,,,1.0,0.0,0.0,True
bayesian-phystwin-prob4d-controlled-decisive-trial,target-outlier_groups-318620863,outlier_groups,B0_physical_fallback,False,physical-fallback-reference,1e+300,-1e+300,False,True,0.00308407611467401,0.00308407611467401,0.00308407611467401,False,False,0.0,0.0,,,1.0,0.0,0.0,True
bayesian-phystwin-prob4d-controlled-decisive-trial,target-outlier_groups-318620864,outlier_groups,B0_physical_fallback,False,physical-fallback-reference,1e+300,-1e+300,False,True,0.0018251786450019201,0.0018251786450019201,0.0018251786450019201,False,False,0.0,0.0,,,1.0,0.0,0.0,True
bayesian-phystwin-prob4d-controlled-decisive-trial,target-outlier_groups-318620865,outlier_groups,B0_physical_fallback,False,physical-fallback-reference,1e+300,-1e+300,False,True,0.0026002370655815923,0.0026002370655815923,0.0026002370655815923,False,False,0.0,0.0,,,1.0,0.0,0.0,True
bayesian-phystwin-prob4d-controlled-decisive-trial,target-outlier_groups-318620866,outlier_groups,B0_physical_fallback,False,physical-fallback-reference,1e+300,-1e+300,False,True,0.006381164470297762,0.006381164470297762,0.006381164470297762,False,False,0.0,0.0,,,1.0,0.0,0.0,True
bayesian-phystwin-prob4d-controlled-decisive-trial,target-outlier_groups-318620867,outlier_groups,B0_physical_fallback,False,physical-fallback-reference,1e+300,-1e+300,False,True,0.00525994850751076,0.00525994850751076,0.00525994850751076,False,False,0.0,0.0,,,1.0,0.0,0.0,True
bayesian-phystwin-prob4d-controlled-decisive-trial,target-weak_identifiability-318720804,weak_identifiability,B0_physical_fallback,False,physical-fallback-reference,1e+300,-1e+300,False,True,0.010832019976097715,0.010832019976097715,0.010832019976097715,False,False,0.0,0.0,,,1.0,0.0,0.0,True
bayesian-phystwin-prob4d-controlled-decisive-trial,target-weak_identifiability-318720805,weak_identifiability,B0_physical_fallback,False,physical-fallback-reference,1e+300,-1e+300,False,True,0.011429269540722637,0.011429269540722637,0.011429269540722637,False,False,0.0,0.0,,,1.0,0.0,0.0,True
bayesian-phystwin-prob4d-controlled-decisive-trial,target-weak_identifiability-318720806,weak_identifiability,B0_physical_fallback,False,physical-fallback-reference,1e+300,-1e+300,False,True,0.007758338809505293,0.007758338809505293,0.007758338809505293,False,False,0.0,0.0,,,1.0,0.0,0.0,True
bayesian-phystwin-prob4d-controlled-decisive-trial,target-weak_identifiability-318720807,weak_identifiability,B0_physical_fallback,False,physical-fallback-reference,1e+300,-1e+300,False,True,0.008992024054404513,0.008992024054404513,0.008992024054404513,False,False,0.0,0.0,,,1.0,0.0,0.0,True
bayesian-phystwin-prob4d-controlled-decisive-trial,target-weak_identifiability-318720808,weak_identifiability,B0_physical_fallback,False,physical-fallback-reference,1e+300,-1e+300,False,True,0.004375259120309621,0.004375259120309621,0.004375259120309621,False,False,0.0,0.0,,,1.0,0.0,0.0,True
bayesian-phystwin-prob4d-controlled-decisive-trial,target-weak_identifiability-318720809,weak_identifiability,B0_physical_fallback,False,physical-fallback-reference,1e+300,-1e+300,False,True,0.011759734922268361,0.011759734922268361,0.011759734922268361,False,False,0.0,0.0,,,1.0,0.0,0.0,True
bayesian-phystwin-prob4d-controlled-decisive-trial,target-weak_identifiability-318720810,weak_identifiability,B0_physical_fallback,False,physical-fallback-reference,1e+300,-1e+300,False,True,0.002438066949580228,0.002438066949580228,0.002438066949580228,False,False,0.0,0.0,,,1.0,0.0,0.0,True
bayesian-phystwin-prob4d-controlled-decisive-trial,target-weak_identifiability-318720811,weak_identifiability,B0_physical_fallback,False,physical-fallback-reference,1e+300,-1e+300,False,True,0.004100492522023597,0.004100492522023597,0.004100492522023597,False,False,0.0,0.0,,,1.0,0.0,0.0,True
bayesian-phystwin-prob4d-controlled-decisive-trial,target-weak_identifiability-318720812,weak_identifiability,B0_physical_fallback,False,physical-fallback-reference,1e+300,-1e+300,False,True,0.008504625643186065,0.008504625643186065,0.008504625643186065,False,False,0.0,0.0,,,1.0,0.0,0.0,True
bayesian-phystwin-prob4d-controlled-decisive-trial,target-weak_identifiability-318720813,weak_identifiability,B0_physical_fallback,False,physical-fallback-reference,1e+300,-1e+300,False,True,0.010597500123673585,0.010597500123673585,0.010597500123673585,False,False,0.0,0.0,,,1.0,0.0,0.0,True
bayesian-phystwin-prob4d-controlled-decisive-trial,target-weak_identifiability-318720814,weak_identifiability,B0_physical_fallback,False,physical-fallback-reference,1e+300,-1e+300,False,True,0.0029103265204323786,0.0029103265204323786,0.0029103265204323786,False,False,0.0,0.0,,,1.0,0.0,0.0,True
bayesian-phystwin-prob4d-controlled-decisive-trial,target-weak_identifiability-318720815,weak_identifiability,B0_physical_fallback,False,physical-fallback-reference,1e+300,-1e+300,False,True,0.007646028675287816,0.007646028675287816,0.007646028675287816,False,False,0.0,0.0,,,1.0,0.0,0.0,True
bayesian-phystwin-prob4d-controlled-decisive-trial,target-weak_identifiability-318720816,weak_identifiability,B0_physical_fallback,False,physical-fallback-reference,1e+300,-1e+300,False,True,0.012063719250199155,0.012063719250199155,0.012063719250199155,False,False,0.0,0.0,,,1.0,0.0,0.0,True
bayesian-phystwin-prob4d-controlled-decisive-trial,target-weak_identifiability-318720817,weak_identifiability,B0_physical_fallback,False,physical-fallback-reference,1e+300,-1e+300,False,True,0.004965553368754771,0.004965553368754771,0.004965553368754771,False,False,0.0,0.0,,,1.0,0.0,0.0,True
bayesian-phystwin-prob4d-controlled-decisive-trial,target-weak_identifiability-318720818,weak_identifiability,B0_physical_fallback,False,physical-fallback-reference,1e+300,-1e+300,False,True,0.002197753064924715,0.002197753064924715,0.002197753064924715,False,False,0.0,0.0,,,1.0,0.0,0.0,True
bayesian-phystwin-prob4d-controlled-decisive-trial,target-weak_identifiability-318720819,weak_identifiability,B0_physical_fallback,False,physical-fallback-reference,1e+300,-1e+300,False,True,0.0038674271681587956,0.0038674271681587956,0.0038674271681587956,False,False,0.0,0.0,,,1.0,0.0,0.0,True
bayesian-phystwin-prob4d-controlled-decisive-trial,target-weak_identifiability-318720820,weak_identifiability,B0_physical_fallback,False,physical-fallback-reference,1e+300,-1e+300,False,True,0.007226321525624406,0.007226321525624406,0.007226321525624406,False,False,0.0,0.0,,,1.0,0.0,0.0,True
bayesian-phystwin-prob4d-controlled-decisive-trial,target-weak_identifiability-318720821,weak_identifiability,B0_physical_fallback,False,physical-fallback-reference,1e+300,-1e+300,False,True,0.00904580560149366,0.00904580560149366,0.00904580560149366,False,False,0.0,0.0,,,1.0,0.0,0.0,True
bayesian-phystwin-prob4d-controlled-decisive-trial,target-weak_identifiability-318720822,weak_identifiability,B0_physical_fallback,False,physical-fallback-reference,1e+300,-1e+300,False,True,0.00768196353716127,0.00768196353716127,0.00768196353716127,False,False,0.0,0.0,,,1.0,0.0,0.0,True
bayesian-phystwin-prob4d-controlled-decisive-trial,target-weak_identifiability-318720823,weak_identifiability,B0_physical_fallback,False,physical-fallback-reference,1e+300,-1e+300,False,True,0.007436957902988697,0.007436957902988697,0.007436957902988697,False,False,0.0,0.0,,,1.0,0.0,0.0,True
bayesian-phystwin-prob4d-controlled-decisive-trial,target-weak_identifiability-318720824,weak_identifiability,B0_physical_fallback,False,physical-fallback-reference,1e+300,-1e+300,False,True,0.009116463099661682,0.009116463099661682,0.009116463099661682,False,False,0.0,0.0,,,1.0,0.0,0.0,True
bayesian-phystwin-prob4d-controlled-decisive-trial,target-weak_identifiability-318720825,weak_identifiability,B0_physical_fallback,False,physical-fallback-reference,1e+300,-1e+300,False,True,0.007844080281687885,0.007844080281687885,0.007844080281687885,False,False,0.0,0.0,,,1.0,0.0,0.0,True
bayesian-phystwin-prob4d-controlled-decisive-trial,target-weak_identifiability-318720826,weak_identifiability,B0_physical_fallback,False,physical-fallback-reference,1e+300,-1e+300,False,True,0.013177845391582819,0.013177845391582819,0.013177845391582819,False,False,0.0,0.0,,,1.0,0.0,0.0,True
bayesian-phystwin-prob4d-controlled-decisive-trial,target-weak_identifiability-318720827,weak_identifiability,B0_physical_fallback,False,physical-fallback-reference,1e+300,-1e+300,False,True,0.009029261772495972,0.009029261772495972,0.009029261772495972,False,False,0.0,0.0,,,1.0,0.0,0.0,True
bayesian-phystwin-prob4d-controlled-decisive-trial,target-weak_identifiability-318720828,weak_identifiability,B0_physical_fallback,False,physical-fallback-reference,1e+300,-1e+300,False,True,0.009711125803584532,0.009711125803584532,0.009711125803584532,False,False,0.0,0.0,,,1.0,0.0,0.0,True
bayesian-phystwin-prob4d-controlled-decisive-trial,target-weak_identifiability-318720829,weak_identifiability,B0_physical_fallback,False,physical-fallback-reference,1e+300,-1e+300,False,True,0.006194488124638477,0.006194488124638477,0.006194488124638477,False,False,0.0,0.0,,,1.0,0.0,0.0,True
bayesian-phystwin-prob4d-controlled-decisive-trial,target-weak_identifiability-318720830,weak_identifiability,B0_physical_fallback,False,physical-fallback-reference,1e+300,-1e+300,False,True,0.005978918658666037,0.005978918658666037,0.005978918658666037,False,False,0.0,0.0,,,1.0,0.0,0.0,True
bayesian-phystwin-prob4d-controlled-decisive-trial,target-weak_identifiability-318720831,weak_identifiability,B0_physical_fallback,False,physical-fallback-reference,1e+300,-1e+300,False,True,0.008363184270310874,0.008363184270310874,0.008363184270310874,False,False,0.0,0.0,,,1.0,0.0,0.0,True
bayesian-phystwin-prob4d-controlled-decisive-trial,target-weak_identifiability-318720832,weak_identifiability,B0_physical_fallback,False,physical-fallback-reference,1e+300,-1e+300,False,True,0.010990076297439475,0.010990076297439475,0.010990076297439475,False,False,0.0,0.0,,,1.0,0.0,0.0,True
bayesian-phystwin-prob4d-controlled-decisive-trial,target-weak_identifiability-318720833,weak_identifiability,B0_physical_fallback,False,physical-fallback-reference,1e+300,-1e+300,False,True,0.006918107511306053,0.006918107511306053,0.006918107511306053,False,False,0.0,0.0,,,1.0,0.0,0.0,True
bayesian-phystwin-prob4d-controlled-decisive-trial,target-weak_identifiability-318720834,weak_identifiability,B0_physical_fallback,False,physical-fallback-reference,1e+300,-1e+300,False,True,0.000784887873091406,0.000784887873091406,0.000784887873091406,False,False,0.0,0.0,,,1.0,0.0,0.0,True
bayesian-phystwin-prob4d-controlled-decisive-trial,target-weak_identifiability-318720835,weak_identifiability,B0_physical_fallback,False,physical-fallback-reference,1e+300,-1e+300,False,True,0.009723354187886965,0.009723354187886965,0.009723354187886965,False,False,0.0,0.0,,,1.0,0.0,0.0,True
bayesian-phystwin-prob4d-controlled-decisive-trial,target-weak_identifiability-318720836,weak_identifiability,B0_physical_fallback,False,physical-fallback-reference,1e+300,-1e+300,False,True,0.0071539840836954685,0.0071539840836954685,0.0071539840836954685,False,False,0.0,0.0,,,1.0,0.0,0.0,True
bayesian-phystwin-prob4d-controlled-decisive-trial,target-weak_identifiability-318720837,weak_identifiability,B0_physical_fallback,False,physical-fallback-reference,1e+300,-1e+300,False,True,0.01188577620195655,0.01188577620195655,0.01188577620195655,False,False,0.0,0.0,,,1.0,0.0,0.0,True
bayesian-phystwin-prob4d-controlled-decisive-trial,target-weak_identifiability-318720838,weak_identifiability,B0_physical_fallback,False,physical-fallback-reference,1e+300,-1e+300,False,True,0.00706815104052288,0.00706815104052288,0.00706815104052288,False,False,0.0,0.0,,,1.0,0.0,0.0,True
bayesian-phystwin-prob4d-controlled-decisive-trial,target-weak_identifiability-318720839,weak_identifiability,B0_physical_fallback,False,physical-fallback-reference,1e+300,-1e+300,False,True,0.002147096083552658,0.002147096083552658,0.002147096083552658,False,False,0.0,0.0,,,1.0,0.0,0.0,True
bayesian-phystwin-prob4d-controlled-decisive-trial,target-weak_identifiability-318720840,weak_identifiability,B0_physical_fallback,False,physical-fallback-reference,1e+300,-1e+300,False,True,0.010592373594068515,0.010592373594068515,0.010592373594068515,False,False,0.0,0.0,,,1.0,0.0,0.0,True
bayesian-phystwin-prob4d-controlled-decisive-trial,target-weak_identifiability-318720841,weak_identifiability,B0_physical_fallback,False,physical-fallback-reference,1e+300,-1e+300,False,True,0.006310984910758985,0.006310984910758985,0.006310984910758985,False,False,0.0,0.0,,,1.0,0.0,0.0,True
bayesian-phystwin-prob4d-controlled-decisive-trial,target-weak_identifiability-318720842,weak_identifiability,B0_physical_fallback,False,physical-fallback-reference,1e+300,-1e+300,False,True,0.008706663397201329,0.008706663397201329,0.008706663397201329,False,False,0.0,0.0,,,1.0,0.0,0.0,True
bayesian-phystwin-prob4d-controlled-decisive-trial,target-weak_identifiability-318720843,weak_identifiability,B0_physical_fallback,False,physical-fallback-reference,1e+300,-1e+300,False,True,0.01013784050276278,0.01013784050276278,0.01013784050276278,False,False,0.0,0.0,,,1.0,0.0,0.0,True
bayesian-phystwin-prob4d-controlled-decisive-trial,target-weak_identifiability-318720844,weak_identifiability,B0_physical_fallback,False,physical-fallback-reference,1e+300,-1e+300,False,True,0.012751653226098255,0.012751653226098255,0.012751653226098255,False,False,0.0,0.0,,,1.0,0.0,0.0,True
bayesian-phystwin-prob4d-controlled-decisive-trial,target-weak_identifiability-318720845,weak_identifiability,B0_physical_fallback,False,physical-fallback-reference,1e+300,-1e+300,False,True,0.0032760224775190984,0.0032760224775190984,0.0032760224775190984,False,False,0.0,0.0,,,1.0,0.0,0.0,True
bayesian-phystwin-prob4d-controlled-decisive-trial,target-weak_identifiability-318720846,weak_identifiability,B0_physical_fallback,False,physical-fallback-reference,1e+300,-1e+300,False,True,0.011708505014643333,0.011708505014643333,0.011708505014643333,False,False,0.0,0.0,,,1.0,0.0,0.0,True
bayesian-phystwin-prob4d-controlled-decisive-trial,target-weak_identifiability-318720847,weak_identifiability,B0_physical_fallback,False,physical-fallback-reference,1e+300,-1e+300,False,True,0.004828503931793069,0.004828503931793069,0.004828503931793069,False,False,0.0,0.0,,,1.0,0.0,0.0,True
bayesian-phystwin-prob4d-controlled-decisive-trial,target-weak_identifiability-318720848,weak_identifiability,B0_physical_fallback,False,physical-fallback-reference,1e+300,-1e+300,False,True,0.007112209845983812,0.007112209845983812,0.007112209845983812,False,False,0.0,0.0,,,1.0,0.0,0.0,True
bayesian-phystwin-prob4d-controlled-decisive-trial,target-weak_identifiability-318720849,weak_identifiability,B0_physical_fallback,False,physical-fallback-reference,1e+300,-1e+300,False,True,0.009048397130844052,0.009048397130844052,0.009048397130844052,False,False,0.0,0.0,,,1.0,0.0,0.0,True
bayesian-phystwin-prob4d-controlled-decisive-trial,target-weak_identifiability-318720850,weak_identifiability,B0_physical_fallback,False,physical-fallback-reference,1e+300,-1e+300,False,True,0.005511947407721714,0.005511947407721714,0.005511947407721714,False,False,0.0,0.0,,,1.0,0.0,0.0,True
bayesian-phystwin-prob4d-controlled-decisive-trial,target-weak_identifiability-318720851,weak_identifiability,B0_physical_fallback,False,physical-fallback-reference,1e+300,-1e+300,False,True,0.012111453522527465,0.012111453522527465,0.012111453522527465,False,False,0.0,0.0,,,1.0,0.0,0.0,True
bayesian-phystwin-prob4d-controlled-decisive-trial,target-weak_identifiability-318720852,weak_identifiability,B0_physical_fallback,False,physical-fallback-reference,1e+300,-1e+300,False,True,0.006740852314074749,0.006740852314074749,0.006740852314074749,False,False,0.0,0.0,,,1.0,0.0,0.0,True
bayesian-phystwin-prob4d-controlled-decisive-trial,target-weak_identifiability-318720853,weak_identifiability,B0_physical_fallback,False,physical-fallback-reference,1e+300,-1e+300,False,True,0.004974569985450818,0.004974569985450818,0.004974569985450818,False,False,0.0,0.0,,,1.0,0.0,0.0,True
bayesian-phystwin-prob4d-controlled-decisive-trial,target-weak_identifiability-318720854,weak_identifiability,B0_physical_fallback,False,physical-fallback-reference,1e+300,-1e+300,False,True,0.005859704643116196,0.005859704643116196,0.005859704643116196,False,False,0.0,0.0,,,1.0,0.0,0.0,True
bayesian-phystwin-prob4d-controlled-decisive-trial,target-weak_identifiability-318720855,weak_identifiability,B0_physical_fallback,False,physical-fallback-reference,1e+300,-1e+300,False,True,0.012298024176974174,0.012298024176974174,0.012298024176974174,False,False,0.0,0.0,,,1.0,0.0,0.0,True
bayesian-phystwin-prob4d-controlled-decisive-trial,target-weak_identifiability-318720856,weak_identifiability,B0_physical_fallback,False,physical-fallback-reference,1e+300,-1e+300,False,True,0.013874483808568072,0.013874483808568072,0.013874483808568072,False,False,0.0,0.0,,,1.0,0.0,0.0,True
bayesian-phystwin-prob4d-controlled-decisive-trial,target-weak_identifiability-318720857,weak_identifiability,B0_physical_fallback,False,physical-fallback-reference,1e+300,-1e+300,False,True,0.007969132026844239,0.007969132026844239,0.007969132026844239,False,False,0.0,0.0,,,1.0,0.0,0.0,True
bayesian-phystwin-prob4d-controlled-decisive-trial,target-weak_identifiability-318720858,weak_identifiability,B0_physical_fallback,False,physical-fallback-reference,1e+300,-1e+300,False,True,0.004254641942214242,0.004254641942214242,0.004254641942214242,False,False,0.0,0.0,,,1.0,0.0,0.0,True
bayesian-phystwin-prob4d-controlled-decisive-trial,target-weak_identifiability-318720859,weak_identifiability,B0_physical_fallback,False,physical-fallback-reference,1e+300,-1e+300,False,True,0.005314578892357473,0.005314578892357473,0.005314578892357473,False,False,0.0,0.0,,,1.0,0.0,0.0,True
bayesian-phystwin-prob4d-controlled-decisive-trial,target-weak_identifiability-318720860,weak_identifiability,B0_physical_fallback,False,physical-fallback-reference,1e+300,-1e+300,False,True,0.009798310728306609,0.009798310728306609,0.009798310728306609,False,False,0.0,0.0,,,1.0,0.0,0.0,True
bayesian-phystwin-prob4d-controlled-decisive-trial,target-weak_identifiability-318720861,weak_identifiability,B0_physical_fallback,False,physical-fallback-reference,1e+300,-1e+300,False,True,0.0045584441681390175,0.0045584441681390175,0.0045584441681390175,False,False,0.0,0.0,,,1.0,0.0,0.0,True
bayesian-phystwin-prob4d-controlled-decisive-trial,target-weak_identifiability-318720862,weak_identifiability,B0_physical_fallback,False,physical-fallback-reference,1e+300,-1e+300,False,True,0.004356659778849663,0.004356659778849663,0.004356659778849663,False,False,0.0,0.0,,,1.0,0.0,0.0,True
bayesian-phystwin-prob4d-controlled-decisive-trial,target-weak_identifiability-318720863,weak_identifiability,B0_physical_fallback,False,physical-fallback-reference,1e+300,-1e+300,False,True,0.004817799018330219,0.004817799018330219,0.004817799018330219,False,False,0.0,0.0,,,1.0,0.0,0.0,True
bayesian-phystwin-prob4d-controlled-decisive-trial,target-weak_identifiability-318720864,weak_identifiability,B0_physical_fallback,False,physical-fallback-reference,1e+300,-1e+300,False,True,0.008061278610256703,0.008061278610256703,0.008061278610256703,False,False,0.0,0.0,,,1.0,0.0,0.0,True
bayesian-phystwin-prob4d-controlled-decisive-trial,target-weak_identifiability-318720865,weak_identifiability,B0_physical_fallback,False,physical-fallback-reference,1e+300,-1e+300,False,True,0.007366649051283098,0.007366649051283098,0.007366649051283098,False,False,0.0,0.0,,,1.0,0.0,0.0,True
bayesian-phystwin-prob4d-controlled-decisive-trial,target-weak_identifiability-318720866,weak_identifiability,B0_physical_fallback,False,physical-fallback-reference,1e+300,-1e+300,False,True,0.009797830312356495,0.009797830312356495,0.009797830312356495,False,False,0.0,0.0,,,1.0,0.0,0.0,True
bayesian-phystwin-prob4d-controlled-decisive-trial,target-weak_identifiability-318720867,weak_identifiability,B0_physical_fallback,False,physical-fallback-reference,1e+300,-1e+300,False,True,0.009562833077892656,0.009562833077892656,0.009562833077892656,False,False,0.0,0.0,,,1.0,0.0,0.0,True
bayesian-phystwin-prob4d-controlled-decisive-trial,target-large_gauge_uncertainty-318820804,large_gauge_uncertainty,B0_physical_fallback,False,physical-fallback-reference,1e+300,-1e+300,False,True,0.003208544168013197,0.003208544168013197,0.003208544168013197,False,False,0.0,0.0,,,1.0,0.0,0.0,True
bayesian-phystwin-prob4d-controlled-decisive-trial,target-large_gauge_uncertainty-318820805,large_gauge_uncertainty,B0_physical_fallback,False,physical-fallback-reference,1e+300,-1e+300,False,True,0.006916236402730918,0.006916236402730918,0.006916236402730918,False,False,0.0,0.0,,,1.0,0.0,0.0,True
bayesian-phystwin-prob4d-controlled-decisive-trial,target-large_gauge_uncertainty-318820806,large_gauge_uncertainty,B0_physical_fallback,False,physical-fallback-reference,1e+300,-1e+300,False,True,0.008860807365412938,0.008860807365412938,0.008860807365412938,False,False,0.0,0.0,,,1.0,0.0,0.0,True
bayesian-phystwin-prob4d-controlled-decisive-trial,target-large_gauge_uncertainty-318820807,large_gauge_uncertainty,B0_physical_fallback,False,physical-fallback-reference,1e+300,-1e+300,False,True,0.008406226507531254,0.008406226507531254,0.008406226507531254,False,False,0.0,0.0,,,1.0,0.0,0.0,True
bayesian-phystwin-prob4d-controlled-decisive-trial,target-large_gauge_uncertainty-318820808,large_gauge_uncertainty,B0_physical_fallback,False,physical-fallback-reference,1e+300,-1e+300,False,True,0.0039335216063859585,0.0039335216063859585,0.0039335216063859585,False,False,0.0,0.0,,,1.0,0.0,0.0,True
bayesian-phystwin-prob4d-controlled-decisive-trial,target-large_gauge_uncertainty-318820809,large_gauge_uncertainty,B0_physical_fallback,False,physical-fallback-reference,1e+300,-1e+300,False,True,0.005187583162636318,0.005187583162636318,0.005187583162636318,False,False,0.0,0.0,,,1.0,0.0,0.0,True
bayesian-phystwin-prob4d-controlled-decisive-trial,target-large_gauge_uncertainty-318820810,large_gauge_uncertainty,B0_physical_fallback,False,physical-fallback-reference,1e+300,-1e+300,False,True,0.007870355432871672,0.007870355432871672,0.007870355432871672,False,False,0.0,0.0,,,1.0,0.0,0.0,True
bayesian-phystwin-prob4d-controlled-decisive-trial,target-large_gauge_uncertainty-318820811,large_gauge_uncertainty,B0_physical_fallback,False,physical-fallback-reference,1e+300,-1e+300,False,True,0.006064391692487632,0.006064391692487632,0.006064391692487632,False,False,0.0,0.0,,,1.0,0.0,0.0,True
bayesian-phystwin-prob4d-controlled-decisive-trial,target-large_gauge_uncertainty-318820812,large_gauge_uncertainty,B0_physical_fallback,False,physical-fallback-reference,1e+300,-1e+300,False,True,0.0022313200595366536,0.0022313200595366536,0.0022313200595366536,False,False,0.0,0.0,,,1.0,0.0,0.0,True
bayesian-phystwin-prob4d-controlled-decisive-trial,target-large_gauge_uncertainty-318820813,large_gauge_uncertainty,B0_physical_fallback,False,physical-fallback-reference,1e+300,-1e+300,False,True,0.005579671363717622,0.005579671363717622,0.005579671363717622,False,False,0.0,0.0,,,1.0,0.0,0.0,True
bayesian-phystwin-prob4d-controlled-decisive-trial,target-large_gauge_uncertainty-318820814,large_gauge_uncertainty,B0_physical_fallback,False,physical-fallback-reference,1e+300,-1e+300,False,True,0.008426253682023236,0.008426253682023236,0.008426253682023236,False,False,0.0,0.0,,,1.0,0.0,0.0,True
bayesian-phystwin-prob4d-controlled-decisive-trial,target-large_gauge_uncertainty-318820815,large_gauge_uncertainty,B0_physical_fallback,False,physical-fallback-reference,1e+300,-1e+300,False,True,0.00703920566495709,0.00703920566495709,0.00703920566495709,False,False,0.0,0.0,,,1.0,0.0,0.0,True
bayesian-phystwin-prob4d-controlled-decisive-trial,target-large_gauge_uncertainty-318820816,large_gauge_uncertainty,B0_physical_fallback,False,physical-fallback-reference,1e+300,-1e+300,False,True,0.006032023134716629,0.006032023134716629,0.006032023134716629,False,False,0.0,0.0,,,1.0,0.0,0.0,True
bayesian-phystwin-prob4d-controlled-decisive-trial,target-large_gauge_uncertainty-318820817,large_gauge_uncertainty,B0_physical_fallback,False,physical-fallback-reference,1e+300,-1e+300,False,True,0.009518834591408046,0.009518834591408046,0.009518834591408046,False,False,0.0,0.0,,,1.0,0.0,0.0,True
bayesian-phystwin-prob4d-controlled-decisive-trial,target-large_gauge_uncertainty-318820818,large_gauge_uncertainty,B0_physical_fallback,False,physical-fallback-reference,1e+300,-1e+300,False,True,0.007572083243515794,0.007572083243515794,0.007572083243515794,False,False,0.0,0.0,,,1.0,0.0,0.0,True
bayesian-phystwin-prob4d-controlled-decisive-trial,target-large_gauge_uncertainty-318820819,large_gauge_uncertainty,B0_physical_fallback,False,physical-fallback-reference,1e+300,-1e+300,False,True,0.009971296972132579,0.009971296972132579,0.009971296972132579,False,False,0.0,0.0,,,1.0,0.0,0.0,True
bayesian-phystwin-prob4d-controlled-decisive-trial,target-large_gauge_uncertainty-318820820,large_gauge_uncertainty,B0_physical_fallback,False,physical-fallback-reference,1e+300,-1e+300,False,True,0.004300627029193142,0.004300627029193142,0.004300627029193142,False,False,0.0,0.0,,,1.0,0.0,0.0,True
bayesian-phystwin-prob4d-controlled-decisive-trial,target-large_gauge_uncertainty-318820821,large_gauge_uncertainty,B0_physical_fallback,False,physical-fallback-reference,1e+300,-1e+300,False,True,0.006233141565414859,0.006233141565414859,0.006233141565414859,False,False,0.0,0.0,,,1.0,0.0,0.0,True
bayesian-phystwin-prob4d-controlled-decisive-trial,target-large_gauge_uncertainty-318820822,large_gauge_uncertainty,B0_physical_fallback,False,physical-fallback-reference,1e+300,-1e+300,False,True,0.002110666113158798,0.002110666113158798,0.002110666113158798,False,False,0.0,0.0,,,1.0,0.0,0.0,True
bayesian-phystwin-prob4d-controlled-decisive-trial,target-large_gauge_uncertainty-318820823,large_gauge_uncertainty,B0_physical_fallback,False,physical-fallback-reference,1e+300,-1e+300,False,True,0.005255020669681619,0.005255020669681619,0.005255020669681619,False,False,0.0,0.0,,,1.0,0.0,0.0,True
bayesian-phystwin-prob4d-controlled-decisive-trial,target-large_gauge_uncertainty-318820824,large_gauge_uncertainty,B0_physical_fallback,False,physical-fallback-reference,1e+300,-1e+300,False,True,0.008645058496188364,0.008645058496188364,0.008645058496188364,False,False,0.0,0.0,,,1.0,0.0,0.0,True
bayesian-phystwin-prob4d-controlled-decisive-trial,target-large_gauge_uncertainty-318820825,large_gauge_uncertainty,B0_physical_fallback,False,physical-fallback-reference,1e+300,-1e+300,False,True,0.001581112223102546,0.001581112223102546,0.001581112223102546,False,False,0.0,0.0,,,1.0,0.0,0.0,True
bayesian-phystwin-prob4d-controlled-decisive-trial,target-large_gauge_uncertainty-318820826,large_gauge_uncertainty,B0_physical_fallback,False,physical-fallback-reference,1e+300,-1e+300,False,True,0.006236229621879177,0.006236229621879177,0.006236229621879177,False,False,0.0,0.0,,,1.0,0.0,0.0,True
bayesian-phystwin-prob4d-controlled-decisive-trial,target-large_gauge_uncertainty-318820827,large_gauge_uncertainty,B0_physical_fallback,False,physical-fallback-reference,1e+300,-1e+300,False,True,0.003888762769784036,0.003888762769784036,0.003888762769784036,False,False,0.0,0.0,,,1.0,0.0,0.0,True
bayesian-phystwin-prob4d-controlled-decisive-trial,target-large_gauge_uncertainty-318820828,large_gauge_uncertainty,B0_physical_fallback,False,physical-fallback-reference,1e+300,-1e+300,False,True,0.008685361805923742,0.008685361805923742,0.008685361805923742,False,False,0.0,0.0,,,1.0,0.0,0.0,True
bayesian-phystwin-prob4d-controlled-decisive-trial,target-large_gauge_uncertainty-318820829,large_gauge_uncertainty,B0_physical_fallback,False,physical-fallback-reference,1e+300,-1e+300,False,True,0.006897989913279833,0.006897989913279833,0.006897989913279833,False,False,0.0,0.0,,,1.0,0.0,0.0,True
bayesian-phystwin-prob4d-controlled-decisive-trial,target-large_gauge_uncertainty-318820830,large_gauge_uncertainty,B0_physical_fallback,False,physical-fallback-reference,1e+300,-1e+300,False,True,0.005022418521652246,0.005022418521652246,0.005022418521652246,False,False,0.0,0.0,,,1.0,0.0,0.0,True
bayesian-phystwin-prob4d-controlled-decisive-trial,target-large_gauge_uncertainty-318820831,large_gauge_uncertainty,B0_physical_fallback,False,physical-fallback-reference,1e+300,-1e+300,False,True,0.006324305137501519,0.006324305137501519,0.006324305137501519,False,False,0.0,0.0,,,1.0,0.0,0.0,True
bayesian-phystwin-prob4d-controlled-decisive-trial,target-large_gauge_uncertainty-318820832,large_gauge_uncertainty,B0_physical_fallback,False,physical-fallback-reference,1e+300,-1e+300,False,True,0.005013513387207691,0.005013513387207691,0.005013513387207691,False,False,0.0,0.0,,,1.0,0.0,0.0,True
bayesian-phystwin-prob4d-controlled-decisive-trial,target-large_gauge_uncertainty-318820833,large_gauge_uncertainty,B0_physical_fallback,False,physical-fallback-reference,1e+300,-1e+300,False,True,0.005652409049342764,0.005652409049342764,0.005652409049342764,False,False,0.0,0.0,,,1.0,0.0,0.0,True
bayesian-phystwin-prob4d-controlled-decisive-trial,target-large_gauge_uncertainty-318820834,large_gauge_uncertainty,B0_physical_fallback,False,physical-fallback-reference,1e+300,-1e+300,False,True,0.00650226565184264,0.00650226565184264,0.00650226565184264,False,False,0.0,0.0,,,1.0,0.0,0.0,True
bayesian-phystwin-prob4d-controlled-decisive-trial,target-large_gauge_uncertainty-318820835,large_gauge_uncertainty,B0_physical_fallback,False,physical-fallback-reference,1e+300,-1e+300,False,True,0.006434855856801756,0.006434855856801756,0.006434855856801756,False,False,0.0,0.0,,,1.0,0.0,0.0,True
bayesian-phystwin-prob4d-controlled-decisive-trial,target-large_gauge_uncertainty-318820836,large_gauge_uncertainty,B0_physical_fallback,False,physical-fallback-reference,1e+300,-1e+300,False,True,0.007610867052853091,0.007610867052853091,0.007610867052853091,False,False,0.0,0.0,,,1.0,0.0,0.0,True
bayesian-phystwin-prob4d-controlled-decisive-trial,target-large_gauge_uncertainty-318820837,large_gauge_uncertainty,B0_physical_fallback,False,physical-fallback-reference,1e+300,-1e+300,False,True,0.006484737254868813,0.006484737254868813,0.006484737254868813,False,False,0.0,0.0,,,1.0,0.0,0.0,True
bayesian-phystwin-prob4d-controlled-decisive-trial,target-large_gauge_uncertainty-318820838,large_gauge_uncertainty,B0_physical_fallback,False,physical-fallback-reference,1e+300,-1e+300,False,True,0.004805794897438854,0.004805794897438854,0.004805794897438854,False,False,0.0,0.0,,,1.0,0.0,0.0,True
bayesian-phystwin-prob4d-controlled-decisive-trial,target-large_gauge_uncertainty-318820839,large_gauge_uncertainty,B0_physical_fallback,False,physical-fallback-reference,1e+300,-1e+300,False,True,0.0023631404348923987,0.0023631404348923987,0.0023631404348923987,False,False,0.0,0.0,,,1.0,0.0,0.0,True
bayesian-phystwin-prob4d-controlled-decisive-trial,target-large_gauge_uncertainty-318820840,large_gauge_uncertainty,B0_physical_fallback,False,physical-fallback-reference,1e+300,-1e+300,False,True,0.003289812336650303,0.003289812336650303,0.003289812336650303,False,False,0.0,0.0,,,1.0,0.0,0.0,True
bayesian-phystwin-prob4d-controlled-decisive-trial,target-large_gauge_uncertainty-318820841,large_gauge_uncertainty,B0_physical_fallback,False,physical-fallback-reference,1e+300,-1e+300,False,True,0.007063471508786917,0.007063471508786917,0.007063471508786917,False,False,0.0,0.0,,,1.0,0.0,0.0,True
bayesian-phystwin-prob4d-controlled-decisive-trial,target-large_gauge_uncertainty-318820842,large_gauge_uncertainty,B0_physical_fallback,False,physical-fallback-reference,1e+300,-1e+300,False,True,0.005211124837933684,0.005211124837933684,0.005211124837933684,False,False,0.0,0.0,,,1.0,0.0,0.0,True
bayesian-phystwin-prob4d-controlled-decisive-trial,target-large_gauge_uncertainty-318820843,large_gauge_uncertainty,B0_physical_fallback,False,physical-fallback-reference,1e+300,-1e+300,False,True,0.007316871318338119,0.007316871318338119,0.007316871318338119,False,False,0.0,0.0,,,1.0,0.0,0.0,True
bayesian-phystwin-prob4d-controlled-decisive-trial,target-large_gauge_uncertainty-318820844,large_gauge_uncertainty,B0_physical_fallback,False,physical-fallback-reference,1e+300,-1e+300,False,True,0.010486765824421004,0.010486765824421004,0.010486765824421004,False,False,0.0,0.0,,,1.0,0.0,0.0,True
bayesian-phystwin-prob4d-controlled-decisive-trial,target-large_gauge_uncertainty-318820845,large_gauge_uncertainty,B0_physical_fallback,False,physical-fallback-reference,1e+300,-1e+300,False,True,0.0029775568493492516,0.0029775568493492516,0.0029775568493492516,False,False,0.0,0.0,,,1.0,0.0,0.0,True
bayesian-phystwin-prob4d-controlled-decisive-trial,target-large_gauge_uncertainty-318820846,large_gauge_uncertainty,B0_physical_fallback,False,physical-fallback-reference,1e+300,-1e+300,False,True,0.0025425345516235306,0.0025425345516235306,0.0025425345516235306,False,False,0.0,0.0,,,1.0,0.0,0.0,True
bayesian-phystwin-prob4d-controlled-decisive-trial,target-large_gauge_uncertainty-318820847,large_gauge_uncertainty,B0_physical_fallback,False,physical-fallback-reference,1e+300,-1e+300,False,True,0.005437260320502768,0.005437260320502768,0.005437260320502768,False,False,0.0,0.0,,,1.0,0.0,0.0,True
bayesian-phystwin-prob4d-controlled-decisive-trial,target-large_gauge_uncertainty-318820848,large_gauge_uncertainty,B0_physical_fallback,False,physical-fallback-reference,1e+300,-1e+300,False,True,0.010211946488097081,0.010211946488097081,0.010211946488097081,False,False,0.0,0.0,,,1.0,0.0,0.0,True
bayesian-phystwin-prob4d-controlled-decisive-trial,target-large_gauge_uncertainty-318820849,large_gauge_uncertainty,B0_physical_fallback,False,physical-fallback-reference,1e+300,-1e+300,False,True,0.0024715237386950923,0.0024715237386950923,0.0024715237386950923,False,False,0.0,0.0,,,1.0,0.0,0.0,True
bayesian-phystwin-prob4d-controlled-decisive-trial,target-large_gauge_uncertainty-318820850,large_gauge_uncertainty,B0_physical_fallback,False,physical-fallback-reference,1e+300,-1e+300,False,True,0.006717968335600244,0.006717968335600244,0.006717968335600244,False,False,0.0,0.0,,,1.0,0.0,0.0,True
bayesian-phystwin-prob4d-controlled-decisive-trial,target-large_gauge_uncertainty-318820851,large_gauge_uncertainty,B0_physical_fallback,False,physical-fallback-reference,1e+300,-1e+300,False,True,0.0009552741580587617,0.0009552741580587617,0.0009552741580587617,False,False,0.0,0.0,,,1.0,0.0,0.0,True
bayesian-phystwin-prob4d-controlled-decisive-trial,target-large_gauge_uncertainty-318820852,large_gauge_uncertainty,B0_physical_fallback,False,physical-fallback-reference,1e+300,-1e+300,False,True,0.00709944720288371,0.00709944720288371,0.00709944720288371,False,False,0.0,0.0,,,1.0,0.0,0.0,True
bayesian-phystwin-prob4d-controlled-decisive-trial,target-large_gauge_uncertainty-318820853,large_gauge_uncertainty,B0_physical_fallback,False,physical-fallback-reference,1e+300,-1e+300,False,True,0.008458536144158972,0.008458536144158972,0.008458536144158972,False,False,0.0,0.0,,,1.0,0.0,0.0,True
bayesian-phystwin-prob4d-controlled-decisive-trial,target-large_gauge_uncertainty-318820854,large_gauge_uncertainty,B0_physical_fallback,False,physical-fallback-reference,1e+300,-1e+300,False,True,0.00821438844713705,0.00821438844713705,0.00821438844713705,False,False,0.0,0.0,,,1.0,0.0,0.0,True
bayesian-phystwin-prob4d-controlled-decisive-trial,target-large_gauge_uncertainty-318820855,large_gauge_uncertainty,B0_physical_fallback,False,physical-fallback-reference,1e+300,-1e+300,False,True,0.00952465845083217,0.00952465845083217,0.00952465845083217,False,False,0.0,0.0,,,1.0,0.0,0.0,True
bayesian-phystwin-prob4d-controlled-decisive-trial,target-large_gauge_uncertainty-318820856,large_gauge_uncertainty,B0_physical_fallback,False,physical-fallback-reference,1e+300,-1e+300,False,True,0.0075035069910854135,0.0075035069910854135,0.0075035069910854135,False,False,0.0,0.0,,,1.0,0.0,0.0,True
bayesian-phystwin-prob4d-controlled-decisive-trial,target-large_gauge_uncertainty-318820857,large_gauge_uncertainty,B0_physical_fallback,False,physical-fallback-reference,1e+300,-1e+300,False,True,0.009330560717990356,0.009330560717990356,0.009330560717990356,False,False,0.0,0.0,,,1.0,0.0,0.0,True
bayesian-phystwin-prob4d-controlled-decisive-trial,target-large_gauge_uncertainty-318820858,large_gauge_uncertainty,B0_physical_fallback,False,physical-fallback-reference,1e+300,-1e+300,False,True,0.009117919351208736,0.009117919351208736,0.009117919351208736,False,False,0.0,0.0,,,1.0,0.0,0.0,True
bayesian-phystwin-prob4d-controlled-decisive-trial,target-large_gauge_uncertainty-318820859,large_gauge_uncertainty,B0_physical_fallback,False,physical-fallback-reference,1e+300,-1e+300,False,True,0.008360857045296724,0.008360857045296724,0.008360857045296724,False,False,0.0,0.0,,,1.0,0.0,0.0,True
bayesian-phystwin-prob4d-controlled-decisive-trial,target-large_gauge_uncertainty-318820860,large_gauge_uncertainty,B0_physical_fallback,False,physical-fallback-reference,1e+300,-1e+300,False,True,0.005971258625941111,0.005971258625941111,0.005971258625941111,False,False,0.0,0.0,,,1.0,0.0,0.0,True
bayesian-phystwin-prob4d-controlled-decisive-trial,target-large_gauge_uncertainty-318820861,large_gauge_uncertainty,B0_physical_fallback,False,physical-fallback-reference,1e+300,-1e+300,False,True,0.003522802795236866,0.003522802795236866,0.003522802795236866,False,False,0.0,0.0,,,1.0,0.0,0.0,True
bayesian-phystwin-prob4d-controlled-decisive-trial,target-large_gauge_uncertainty-318820862,large_gauge_uncertainty,B0_physical_fallback,False,physical-fallback-reference,1e+300,-1e+300,False,True,0.005195257763743167,0.005195257763743167,0.005195257763743167,False,False,0.0,0.0,,,1.0,0.0,0.0,True
bayesian-phystwin-prob4d-controlled-decisive-trial,target-large_gauge_uncertainty-318820863,large_gauge_uncertainty,B0_physical_fallback,False,physical-fallback-reference,1e+300,-1e+300,False,True,0.00621319358371174,0.00621319358371174,0.00621319358371174,False,False,0.0,0.0,,,1.0,0.0,0.0,True
bayesian-phystwin-prob4d-controlled-decisive-trial,target-large_gauge_uncertainty-318820864,large_gauge_uncertainty,B0_physical_fallback,False,physical-fallback-reference,1e+300,-1e+300,False,True,0.006772358656203738,0.006772358656203738,0.006772358656203738,False,False,0.0,0.0,,,1.0,0.0,0.0,True
bayesian-phystwin-prob4d-controlled-decisive-trial,target-large_gauge_uncertainty-318820865,large_gauge_uncertainty,B0_physical_fallback,False,physical-fallback-reference,1e+300,-1e+300,False,True,0.0038006367014175053,0.0038006367014175053,0.0038006367014175053,False,False,0.0,0.0,,,1.0,0.0,0.0,True
bayesian-phystwin-prob4d-controlled-decisive-trial,target-large_gauge_uncertainty-318820866,large_gauge_uncertainty,B0_physical_fallback,False,physical-fallback-reference,1e+300,-1e+300,False,True,0.008980113215636038,0.008980113215636038,0.008980113215636038,False,False,0.0,0.0,,,1.0,0.0,0.0,True
bayesian-phystwin-prob4d-controlled-decisive-trial,target-large_gauge_uncertainty-318820867,large_gauge_uncertainty,B0_physical_fallback,False,physical-fallback-reference,1e+300,-1e+300,False,True,0.002621174491785892,0.002621174491785892,0.002621174491785892,False,False,0.0,0.0,,,1.0,0.0,0.0,True
bayesian-phystwin-prob4d-controlled-decisive-trial,target-mixed_stress-318920804,mixed_stress,B0_physical_fallback,False,physical-fallback-reference,1e+300,-1e+300,False,True,0.004257484019844301,0.004257484019844301,0.004257484019844301,False,False,0.0,0.0,,,1.0,0.0,0.0,True
bayesian-phystwin-prob4d-controlled-decisive-trial,target-mixed_stress-318920805,mixed_stress,B0_physical_fallback,False,physical-fallback-reference,1e+300,-1e+300,False,True,0.008249428258314363,0.008249428258314363,0.008249428258314363,False,False,0.0,0.0,,,1.0,0.0,0.0,True
bayesian-phystwin-prob4d-controlled-decisive-trial,target-mixed_stress-318920806,mixed_stress,B0_physical_fallback,False,physical-fallback-reference,1e+300,-1e+300,False,True,0.009047445800643058,0.009047445800643058,0.009047445800643058,False,False,0.0,0.0,,,1.0,0.0,0.0,True
bayesian-phystwin-prob4d-controlled-decisive-trial,target-mixed_stress-318920807,mixed_stress,B0_physical_fallback,False,physical-fallback-reference,1e+300,-1e+300,False,True,0.0068395487857424485,0.0068395487857424485,0.0068395487857424485,False,False,0.0,0.0,,,1.0,0.0,0.0,True
bayesian-phystwin-prob4d-controlled-decisive-trial,target-mixed_stress-318920808,mixed_stress,B0_physical_fallback,False,physical-fallback-reference,1e+300,-1e+300,False,True,0.007504565343587711,0.007504565343587711,0.007504565343587711,False,False,0.0,0.0,,,1.0,0.0,0.0,True
bayesian-phystwin-prob4d-controlled-decisive-trial,target-mixed_stress-318920809,mixed_stress,B0_physical_fallback,False,physical-fallback-reference,1e+300,-1e+300,False,True,0.007853150002300262,0.007853150002300262,0.007853150002300262,False,False,0.0,0.0,,,1.0,0.0,0.0,True
bayesian-phystwin-prob4d-controlled-decisive-trial,target-mixed_stress-318920810,mixed_stress,B0_physical_fallback,False,physical-fallback-reference,1e+300,-1e+300,False,True,0.0022596819915972756,0.0022596819915972756,0.0022596819915972756,False,False,0.0,0.0,,,1.0,0.0,0.0,True
bayesian-phystwin-prob4d-controlled-decisive-trial,target-mixed_stress-318920811,mixed_stress,B0_physical_fallback,False,physical-fallback-reference,1e+300,-1e+300,False,True,0.0022713007412238093,0.0022713007412238093,0.0022713007412238093,False,False,0.0,0.0,,,1.0,0.0,0.0,True
bayesian-phystwin-prob4d-controlled-decisive-trial,target-mixed_stress-318920812,mixed_stress,B0_physical_fallback,False,physical-fallback-reference,1e+300,-1e+300,False,True,0.006065894510441812,0.006065894510441812,0.006065894510441812,False,False,0.0,0.0,,,1.0,0.0,0.0,True
bayesian-phystwin-prob4d-controlled-decisive-trial,target-mixed_stress-318920813,mixed_stress,B0_physical_fallback,False,physical-fallback-reference,1e+300,-1e+300,False,True,0.005196554670634641,0.005196554670634641,0.005196554670634641,False,False,0.0,0.0,,,1.0,0.0,0.0,True
bayesian-phystwin-prob4d-controlled-decisive-trial,target-mixed_stress-318920814,mixed_stress,B0_physical_fallback,False,physical-fallback-reference,1e+300,-1e+300,False,True,0.004000548116104895,0.004000548116104895,0.004000548116104895,False,False,0.0,0.0,,,1.0,0.0,0.0,True
bayesian-phystwin-prob4d-controlled-decisive-trial,target-mixed_stress-318920815,mixed_stress,B0_physical_fallback,False,physical-fallback-reference,1e+300,-1e+300,False,True,0.0036569750609246323,0.0036569750609246323,0.0036569750609246323,False,False,0.0,0.0,,,1.0,0.0,0.0,True
bayesian-phystwin-prob4d-controlled-decisive-trial,target-mixed_stress-318920816,mixed_stress,B0_physical_fallback,False,physical-fallback-reference,1e+300,-1e+300,False,True,0.0031286479700473506,0.0031286479700473506,0.0031286479700473506,False,False,0.0,0.0,,,1.0,0.0,0.0,True
bayesian-phystwin-prob4d-controlled-decisive-trial,target-mixed_stress-318920817,mixed_stress,B0_physical_fallback,False,physical-fallback-reference,1e+300,-1e+300,False,True,0.009844958256679992,0.009844958256679992,0.009844958256679992,False,False,0.0,0.0,,,1.0,0.0,0.0,True
bayesian-phystwin-prob4d-controlled-decisive-trial,target-mixed_stress-318920818,mixed_stress,B0_physical_fallback,False,physical-fallback-reference,1e+300,-1e+300,False,True,0.004738162015447977,0.004738162015447977,0.004738162015447977,False,False,0.0,0.0,,,1.0,0.0,0.0,True
bayesian-phystwin-prob4d-controlled-decisive-trial,target-mixed_stress-318920819,mixed_stress,B0_physical_fallback,False,physical-fallback-reference,1e+300,-1e+300,False,True,0.004361678906036321,0.004361678906036321,0.004361678906036321,False,False,0.0,0.0,,,1.0,0.0,0.0,True
bayesian-phystwin-prob4d-controlled-decisive-trial,target-mixed_stress-318920820,mixed_stress,B0_physical_fallback,False,physical-fallback-reference,1e+300,-1e+300,False,True,0.006556581742314347,0.006556581742314347,0.006556581742314347,False,False,0.0,0.0,,,1.0,0.0,0.0,True
bayesian-phystwin-prob4d-controlled-decisive-trial,target-mixed_stress-318920821,mixed_stress,B0_physical_fallback,False,physical-fallback-reference,1e+300,-1e+300,False,True,0.0016691815698563152,0.0016691815698563152,0.0016691815698563152,False,False,0.0,0.0,,,1.0,0.0,0.0,True
bayesian-phystwin-prob4d-controlled-decisive-trial,target-mixed_stress-318920822,mixed_stress,B0_physical_fallback,False,physical-fallback-reference,1e+300,-1e+300,False,True,0.003042062866155528,0.003042062866155528,0.003042062866155528,False,False,0.0,0.0,,,1.0,0.0,0.0,True
bayesian-phystwin-prob4d-controlled-decisive-trial,target-mixed_stress-318920823,mixed_stress,B0_physical_fallback,False,physical-fallback-reference,1e+300,-1e+300,False,True,0.006831596039747789,0.006831596039747789,0.006831596039747789,False,False,0.0,0.0,,,1.0,0.0,0.0,True
bayesian-phystwin-prob4d-controlled-decisive-trial,target-mixed_stress-318920824,mixed_stress,B0_physical_fallback,False,physical-fallback-reference,1e+300,-1e+300,False,True,0.008372421099677377,0.008372421099677377,0.008372421099677377,False,False,0.0,0.0,,,1.0,0.0,0.0,True
bayesian-phystwin-prob4d-controlled-decisive-trial,target-mixed_stress-318920825,mixed_stress,B0_physical_fallback,False,physical-fallback-reference,1e+300,-1e+300,False,True,0.008011887347319231,0.008011887347319231,0.008011887347319231,False,False,0.0,0.0,,,1.0,0.0,0.0,True
bayesian-phystwin-prob4d-controlled-decisive-trial,target-mixed_stress-318920826,mixed_stress,B0_physical_fallback,False,physical-fallback-reference,1e+300,-1e+300,False,True,0.007749819701490868,0.007749819701490868,0.007749819701490868,False,False,0.0,0.0,,,1.0,0.0,0.0,True
bayesian-phystwin-prob4d-controlled-decisive-trial,target-mixed_stress-318920827,mixed_stress,B0_physical_fallback,False,physical-fallback-reference,1e+300,-1e+300,False,True,0.002346844974378024,0.002346844974378024,0.002346844974378024,False,False,0.0,0.0,,,1.0,0.0,0.0,True
bayesian-phystwin-prob4d-controlled-decisive-trial,target-mixed_stress-318920828,mixed_stress,B0_physical_fallback,False,physical-fallback-reference,1e+300,-1e+300,False,True,0.0020669497441323137,0.0020669497441323137,0.0020669497441323137,False,False,0.0,0.0,,,1.0,0.0,0.0,True
bayesian-phystwin-prob4d-controlled-decisive-trial,target-mixed_stress-318920829,mixed_stress,B0_physical_fallback,False,physical-fallback-reference,1e+300,-1e+300,False,True,0.0060399368315731455,0.0060399368315731455,0.0060399368315731455,False,False,0.0,0.0,,,1.0,0.0,0.0,True
bayesian-phystwin-prob4d-controlled-decisive-trial,target-mixed_stress-318920830,mixed_stress,B0_physical_fallback,False,physical-fallback-reference,1e+300,-1e+300,False,True,0.00223087529381282,0.00223087529381282,0.00223087529381282,False,False,0.0,0.0,,,1.0,0.0,0.0,True
bayesian-phystwin-prob4d-controlled-decisive-trial,target-mixed_stress-318920831,mixed_stress,B0_physical_fallback,False,physical-fallback-reference,1e+300,-1e+300,False,True,0.0027991236151480494,0.0027991236151480494,0.0027991236151480494,False,False,0.0,0.0,,,1.0,0.0,0.0,True
bayesian-phystwin-prob4d-controlled-decisive-trial,target-mixed_stress-318920832,mixed_stress,B0_physical_fallback,False,physical-fallback-reference,1e+300,-1e+300,False,True,0.0034366604146397507,0.0034366604146397507,0.0034366604146397507,False,False,0.0,0.0,,,1.0,0.0,0.0,True
bayesian-phystwin-prob4d-controlled-decisive-trial,target-mixed_stress-318920833,mixed_stress,B0_physical_fallback,False,physical-fallback-reference,1e+300,-1e+300,False,True,0.006649591135228967,0.006649591135228967,0.006649591135228967,False,False,0.0,0.0,,,1.0,0.0,0.0,True
bayesian-phystwin-prob4d-controlled-decisive-trial,target-mixed_stress-318920834,mixed_stress,B0_physical_fallback,False,physical-fallback-reference,1e+300,-1e+300,False,True,0.003934798931674845,0.003934798931674845,0.003934798931674845,False,False,0.0,0.0,,,1.0,0.0,0.0,True
bayesian-phystwin-prob4d-controlled-decisive-trial,target-mixed_stress-318920835,mixed_stress,B0_physical_fallback,False,physical-fallback-reference,1e+300,-1e+300,False,True,0.005526274303523965,0.005526274303523965,0.005526274303523965,False,False,0.0,0.0,,,1.0,0.0,0.0,True
bayesian-phystwin-prob4d-controlled-decisive-trial,target-mixed_stress-318920836,mixed_stress,B0_physical_fallback,False,physical-fallback-reference,1e+300,-1e+300,False,True,0.006196451883297416,0.006196451883297416,0.006196451883297416,False,False,0.0,0.0,,,1.0,0.0,0.0,True
bayesian-phystwin-prob4d-controlled-decisive-trial,target-mixed_stress-318920837,mixed_stress,B0_physical_fallback,False,physical-fallback-reference,1e+300,-1e+300,False,True,0.00352754526515169,0.00352754526515169,0.00352754526515169,False,False,0.0,0.0,,,1.0,0.0,0.0,True
bayesian-phystwin-prob4d-controlled-decisive-trial,target-mixed_stress-318920838,mixed_stress,B0_physical_fallback,False,physical-fallback-reference,1e+300,-1e+300,False,True,0.007015176076499218,0.007015176076499218,0.007015176076499218,False,False,0.0,0.0,,,1.0,0.0,0.0,True
bayesian-phystwin-prob4d-controlled-decisive-trial,target-mixed_stress-318920839,mixed_stress,B0_physical_fallback,False,physical-fallback-reference,1e+300,-1e+300,False,True,0.004379132243090214,0.004379132243090214,0.004379132243090214,False,False,0.0,0.0,,,1.0,0.0,0.0,True
bayesian-phystwin-prob4d-controlled-decisive-trial,target-mixed_stress-318920840,mixed_stress,B0_physical_fallback,False,physical-fallback-reference,1e+300,-1e+300,False,True,0.0026645807706204487,0.0026645807706204487,0.0026645807706204487,False,False,0.0,0.0,,,1.0,0.0,0.0,True
bayesian-phystwin-prob4d-controlled-decisive-trial,target-mixed_stress-318920841,mixed_stress,B0_physical_fallback,False,physical-fallback-reference,1e+300,-1e+300,False,True,0.004093070025326843,0.004093070025326843,0.004093070025326843,False,False,0.0,0.0,,,1.0,0.0,0.0,True
bayesian-phystwin-prob4d-controlled-decisive-trial,target-mixed_stress-318920842,mixed_stress,B0_physical_fallback,False,physical-fallback-reference,1e+300,-1e+300,False,True,0.00634360703649337,0.00634360703649337,0.00634360703649337,False,False,0.0,0.0,,,1.0,0.0,0.0,True
bayesian-phystwin-prob4d-controlled-decisive-trial,target-mixed_stress-318920843,mixed_stress,B0_physical_fallback,False,physical-fallback-reference,1e+300,-1e+300,False,True,0.005201324542105712,0.005201324542105712,0.005201324542105712,False,False,0.0,0.0,,,1.0,0.0,0.0,True
bayesian-phystwin-prob4d-controlled-decisive-trial,target-mixed_stress-318920844,mixed_stress,B0_physical_fallback,False,physical-fallback-reference,1e+300,-1e+300,False,True,0.006709477650524742,0.006709477650524742,0.006709477650524742,False,False,0.0,0.0,,,1.0,0.0,0.0,True
bayesian-phystwin-prob4d-controlled-decisive-trial,target-mixed_stress-318920845,mixed_stress,B0_physical_fallback,False,physical-fallback-reference,1e+300,-1e+300,False,True,0.0022912518172043873,0.0022912518172043873,0.0022912518172043873,False,False,0.0,0.0,,,1.0,0.0,0.0,True
bayesian-phystwin-prob4d-controlled-decisive-trial,target-mixed_stress-318920846,mixed_stress,B0_physical_fallback,False,physical-fallback-reference,1e+300,-1e+300,False,True,0.002843688801480675,0.002843688801480675,0.002843688801480675,False,False,0.0,0.0,,,1.0,0.0,0.0,True
bayesian-phystwin-prob4d-controlled-decisive-trial,target-mixed_stress-318920847,mixed_stress,B0_physical_fallback,False,physical-fallback-reference,1e+300,-1e+300,False,True,0.00570951558554897,0.00570951558554897,0.00570951558554897,False,False,0.0,0.0,,,1.0,0.0,0.0,True
bayesian-phystwin-prob4d-controlled-decisive-trial,target-mixed_stress-318920848,mixed_stress,B0_physical_fallback,False,physical-fallback-reference,1e+300,-1e+300,False,True,0.0042197131799195705,0.0042197131799195705,0.0042197131799195705,False,False,0.0,0.0,,,1.0,0.0,0.0,True
bayesian-phystwin-prob4d-controlled-decisive-trial,target-mixed_stress-318920849,mixed_stress,B0_physical_fallback,False,physical-fallback-reference,1e+300,-1e+300,False,True,0.0031150288266262116,0.0031150288266262116,0.0031150288266262116,False,False,0.0,0.0,,,1.0,0.0,0.0,True
bayesian-phystwin-prob4d-controlled-decisive-trial,target-mixed_stress-318920850,mixed_stress,B0_physical_fallback,False,physical-fallback-reference,1e+300,-1e+300,False,True,0.004974919279476662,0.004974919279476662,0.004974919279476662,False,False,0.0,0.0,,,1.0,0.0,0.0,True
bayesian-phystwin-prob4d-controlled-decisive-trial,target-mixed_stress-318920851,mixed_stress,B0_physical_fallback,False,physical-fallback-reference,1e+300,-1e+300,False,True,0.00045059617520858835,0.00045059617520858835,0.00045059617520858835,False,False,0.0,0.0,,,1.0,0.0,0.0,True
bayesian-phystwin-prob4d-controlled-decisive-trial,target-mixed_stress-318920852,mixed_stress,B0_physical_fallback,False,physical-fallback-reference,1e+300,-1e+300,False,True,0.005097926767824955,0.005097926767824955,0.005097926767824955,False,False,0.0,0.0,,,1.0,0.0,0.0,True
bayesian-phystwin-prob4d-controlled-decisive-trial,target-mixed_stress-318920853,mixed_stress,B0_physical_fallback,False,physical-fallback-reference,1e+300,-1e+300,False,True,0.005679649698083115,0.005679649698083115,0.005679649698083115,False,False,0.0,0.0,,,1.0,0.0,0.0,True
bayesian-phystwin-prob4d-controlled-decisive-trial,target-mixed_stress-318920854,mixed_stress,B0_physical_fallback,False,physical-fallback-reference,1e+300,-1e+300,False,True,0.0070584770070194845,0.0070584770070194845,0.0070584770070194845,False,False,0.0,0.0,,,1.0,0.0,0.0,True
bayesian-phystwin-prob4d-controlled-decisive-trial,target-mixed_stress-318920855,mixed_stress,B0_physical_fallback,False,physical-fallback-reference,1e+300,-1e+300,False,True,0.008395289054847306,0.008395289054847306,0.008395289054847306,False,False,0.0,0.0,,,1.0,0.0,0.0,True
bayesian-phystwin-prob4d-controlled-decisive-trial,target-mixed_stress-318920856,mixed_stress,B0_physical_fallback,False,physical-fallback-reference,1e+300,-1e+300,False,True,0.006064975277261084,0.006064975277261084,0.006064975277261084,False,False,0.0,0.0,,,1.0,0.0,0.0,True
bayesian-phystwin-prob4d-controlled-decisive-trial,target-mixed_stress-318920857,mixed_stress,B0_physical_fallback,False,physical-fallback-reference,1e+300,-1e+300,False,True,0.003531143553359264,0.003531143553359264,0.003531143553359264,False,False,0.0,0.0,,,1.0,0.0,0.0,True
bayesian-phystwin-prob4d-controlled-decisive-trial,target-mixed_stress-318920858,mixed_stress,B0_physical_fallback,False,physical-fallback-reference,1e+300,-1e+300,False,True,0.008459358529487008,0.008459358529487008,0.008459358529487008,False,False,0.0,0.0,,,1.0,0.0,0.0,True
bayesian-phystwin-prob4d-controlled-decisive-trial,target-mixed_stress-318920859,mixed_stress,B0_physical_fallback,False,physical-fallback-reference,1e+300,-1e+300,False,True,0.005269284923542608,0.005269284923542608,0.005269284923542608,False,False,0.0,0.0,,,1.0,0.0,0.0,True
bayesian-phystwin-prob4d-controlled-decisive-trial,target-mixed_stress-318920860,mixed_stress,B0_physical_fallback,False,physical-fallback-reference,1e+300,-1e+300,False,True,0.008722250546636598,0.008722250546636598,0.008722250546636598,False,False,0.0,0.0,,,1.0,0.0,0.0,True
bayesian-phystwin-prob4d-controlled-decisive-trial,target-mixed_stress-318920861,mixed_stress,B0_physical_fallback,False,physical-fallback-reference,1e+300,-1e+300,False,True,0.007755448498105406,0.007755448498105406,0.007755448498105406,False,False,0.0,0.0,,,1.0,0.0,0.0,True
bayesian-phystwin-prob4d-controlled-decisive-trial,target-mixed_stress-318920862,mixed_stress,B0_physical_fallback,False,physical-fallback-reference,1e+300,-1e+300,False,True,0.006220063163305213,0.006220063163305213,0.006220063163305213,False,False,0.0,0.0,,,1.0,0.0,0.0,True
bayesian-phystwin-prob4d-controlled-decisive-trial,target-mixed_stress-318920863,mixed_stress,B0_physical_fallback,False,physical-fallback-reference,1e+300,-1e+300,False,True,0.006795958514221737,0.006795958514221737,0.006795958514221737,False,False,0.0,0.0,,,1.0,0.0,0.0,True
bayesian-phystwin-prob4d-controlled-decisive-trial,target-mixed_stress-318920864,mixed_stress,B0_physical_fallback,False,physical-fallback-reference,1e+300,-1e+300,False,True,0.006320217354846661,0.006320217354846661,0.006320217354846661,False,False,0.0,0.0,,,1.0,0.0,0.0,True
bayesian-phystwin-prob4d-controlled-decisive-trial,target-mixed_stress-318920865,mixed_stress,B0_physical_fallback,False,physical-fallback-reference,1e+300,-1e+300,False,True,0.008174092081910209,0.008174092081910209,0.008174092081910209,False,False,0.0,0.0,,,1.0,0.0,0.0,True
bayesian-phystwin-prob4d-controlled-decisive-trial,target-mixed_stress-318920866,mixed_stress,B0_physical_fallback,False,physical-fallback-reference,1e+300,-1e+300,False,True,0.005438184295940302,0.005438184295940302,0.005438184295940302,False,False,0.0,0.0,,,1.0,0.0,0.0,True
bayesian-phystwin-prob4d-controlled-decisive-trial,target-mixed_stress-318920867,mixed_stress,B0_physical_fallback,False,physical-fallback-reference,1e+300,-1e+300,False,True,0.009543632283449845,0.009543632283449845,0.009543632283449845,False,False,0.0,0.0,,,1.0,0.0,0.0,True
bayesian-phystwin-prob4d-controlled-decisive-trial,target-nominal_correlated-318420804,nominal_correlated,B1_naive_last_frame_state,True,naive-last-frame-admissible,1.102232627358759,-1e+300,False,True,0.003173077289673415,0.0005628424796376885,0.003173077289673415,False,False,0.8226193602439421,0.0,1.0,0.0036908834978932365,1.0,1.0,1.0,True
bayesian-phystwin-prob4d-controlled-decisive-trial,target-nominal_correlated-318420805,nominal_correlated,B1_naive_last_frame_state,True,naive-last-frame-admissible,1.0214742167453292,-1e+300,False,True,0.0034597442387149036,0.00036635694154032924,0.0034597442387149036,False,False,0.894108663455305,0.0,1.0,0.002870372238861451,1.0,1.0,1.0,True
bayesian-phystwin-prob4d-controlled-decisive-trial,target-nominal_correlated-318420806,nominal_correlated,B1_naive_last_frame_state,True,naive-last-frame-admissible,1.0875721992715934,-1e+300,False,True,0.00252557343092159,0.0006730015573493857,0.00252557343092159,False,False,0.7335252465402262,0.0,1.0,0.0033301677719575055,1.0,1.0,1.0,True
bayesian-phystwin-prob4d-controlled-decisive-trial,target-nominal_correlated-318420807,nominal_correlated,B1_naive_last_frame_state,True,naive-last-frame-admissible,1.1654533451309241,-1e+300,False,True,0.00363734890911544,0.00043679634620041045,0.00363734890911544,False,False,0.8799135422214324,0.0,1.0,0.00549417481454893,1.0,1.0,1.0,True
bayesian-phystwin-prob4d-controlled-decisive-trial,target-nominal_correlated-318420808,nominal_correlated,B1_naive_last_frame_state,True,naive-last-frame-admissible,0.7593001702602981,-1e+300,False,True,0.006618358675767432,0.0006732531127092297,0.006618358675767432,False,False,0.8982749129063842,0.0,1.0,0.002054013293319438,1.0,1.0,1.0,True
bayesian-phystwin-prob4d-controlled-decisive-trial,target-nominal_correlated-318420809,nominal_correlated,B1_naive_last_frame_state,True,naive-last-frame-admissible,0.6682614415990463,-1e+300,False,True,0.008763860558339342,0.0004391708324548229,0.008763860558339342,False,False,0.9498884276476849,0.0,1.0,0.0022506105583921378,1.0,1.0,1.0,True
bayesian-phystwin-prob4d-controlled-decisive-trial,target-nominal_correlated-318420810,nominal_correlated,B1_naive_last_frame_state,True,naive-last-frame-admissible,0.9412205583488477,-1e+300,False,True,0.0033459813777053566,0.0006686232909499159,0.0033459813777053566,False,False,0.8001712456007596,0.0,1.0,0.0020143864524904548,1.0,1.0,1.0,True
bayesian-phystwin-prob4d-controlled-decisive-trial,target-nominal_correlated-318420811,nominal_correlated,B1_naive_last_frame_state,True,naive-last-frame-admissible,1.0081561244830533,-1e+300,False,True,0.0056739267504122975,0.0007230301707731186,0.0056739267504122975,False,False,0.8725697030331632,0.0,1.0,0.0036443213032572638,1.0,1.0,1.0,True
bayesian-phystwin-prob4d-controlled-decisive-trial,target-nominal_correlated-318420812,nominal_correlated,B1_naive_last_frame_state,True,naive-last-frame-admissible,0.9331475014496036,-1e+300,False,True,0.007466767888902175,0.0006683451302180672,0.007466767888902175,False,False,0.910490704925832,0.0,1.0,0.003408843187116877,1.0,1.0,1.0,True
bayesian-phystwin-prob4d-controlled-decisive-trial,target-nominal_correlated-318420813,nominal_correlated,B1_naive_last_frame_state,True,naive-last-frame-admissible,0.6606080127318829,-1e+300,False,True,0.008442699271924396,0.0008512460556751034,0.008442699271924396,False,False,0.8991737087561721,0.0,1.0,0.001930708408236168,1.0,1.0,1.0,True
bayesian-phystwin-prob4d-controlled-decisive-trial,target-nominal_correlated-318420814,nominal_correlated,B1_naive_last_frame_state,True,naive-last-frame-admissible,1.0935080426740391,-1e+300,False,True,0.004317973572073503,0.0003091231959544992,0.004317973572073503,False,False,0.9284101232222092,0.0,1.0,0.0039756151855879955,1.0,1.0,1.0,True
bayesian-phystwin-prob4d-controlled-decisive-trial,target-nominal_correlated-318420815,nominal_correlated,B1_naive_last_frame_state,True,naive-last-frame-admissible,0.6802690351031038,-1e+300,False,True,0.010172673345607102,0.000846321162023935,0.010172673345607102,False,False,0.9168044492071099,0.0,1.0,0.0025596857862506587,1.0,1.0,1.0,True
bayesian-phystwin-prob4d-controlled-decisive-trial,target-nominal_correlated-318420816,nominal_correlated,B1_naive_last_frame_state,True,naive-last-frame-admissible,0.8645126327886805,-1e+300,False,True,0.00785667791141908,0.0006326124772129502,0.00785667791141908,False,False,0.9194809200090159,0.0,1.0,0.0030588357491767304,1.0,1.0,1.0,True
bayesian-phystwin-prob4d-controlled-decisive-trial,target-nominal_correlated-318420817,nominal_correlated,B1_naive_last_frame_state,True,naive-last-frame-admissible,0.9529874346982908,-1e+300,False,True,0.004334707914304273,0.000827985494025649,0.004334707914304273,False,False,0.8089870158740461,0.0,1.0,0.002439068913240825,1.0,1.0,1.0,True
bayesian-phystwin-prob4d-controlled-decisive-trial,target-nominal_correlated-318420818,nominal_correlated,B1_naive_last_frame_state,True,naive-last-frame-admissible,0.510982354655937,-1e+300,False,True,0.009666424147654874,0.0010577641231376048,0.009666424147654874,False,False,0.8905733798786158,0.0,1.0,0.0015558206068879586,1.0,1.0,1.0,True
bayesian-phystwin-prob4d-controlled-decisive-trial,target-nominal_correlated-318420819,nominal_correlated,B1_naive_last_frame_state,True,naive-last-frame-admissible,0.5269564225071172,-1e+300,False,True,0.0057574935397624325,0.0011043611262520848,0.0057574935397624325,False,False,0.8081871705760257,0.0,0.0,0.0009630286716816868,1.0,1.0,1.0,True
bayesian-phystwin-prob4d-controlled-decisive-trial,target-nominal_correlated-318420820,nominal_correlated,B1_naive_last_frame_state,True,naive-last-frame-admissible,0.6305755080299134,-1e+300,False,True,0.00620721418676249,0.0008618644713626461,0.00620721418676249,False,False,0.8611511629161019,0.0,1.0,0.0013941617881142725,1.0,1.0,1.0,True
bayesian-phystwin-prob4d-controlled-decisive-trial,target-nominal_correlated-318420821,nominal_correlated,B1_naive_last_frame_state,True,naive-last-frame-admissible,0.9514032526223981,-1e+300,False,True,0.004190129178468414,0.0010566156486138466,0.004190129178468414,False,False,0.747832201917922,0.0,1.0,0.002225201113022273,1.0,1.0,1.0,True
bayesian-phystwin-prob4d-controlled-decisive-trial,target-nominal_correlated-318420822,nominal_correlated,B1_naive_last_frame_state,True,naive-last-frame-admissible,1.0758628490259468,-1e+300,False,True,0.003993383847544752,0.0010991876934678252,0.003993383847544752,False,False,0.7247477990016818,0.0,1.0,0.0037842927786753966,1.0,1.0,1.0,True
bayesian-phystwin-prob4d-controlled-decisive-trial,target-nominal_correlated-318420823,nominal_correlated,B1_naive_last_frame_state,True,naive-last-frame-admissible,0.6158689170232867,-1e+300,False,True,0.008532107459452256,0.00038551227088232603,0.008532107459452256,False,False,0.9548162897954082,0.0,1.0,0.001965643001947568,1.0,1.0,1.0,True
bayesian-phystwin-prob4d-controlled-decisive-trial,target-nominal_correlated-318420824,nominal_correlated,B1_naive_last_frame_state,True,naive-last-frame-admissible,1.1635093078290606,-1e+300,False,True,0.0018661135759485605,0.0004149511826582142,0.0018661135759485605,False,False,0.7776388382752689,0.0,1.0,0.00420417462824879,1.0,1.0,1.0,True
bayesian-phystwin-prob4d-controlled-decisive-trial,target-nominal_correlated-318420825,nominal_correlated,B1_naive_last_frame_state,True,naive-last-frame-admissible,0.7233376530923316,-1e+300,False,True,0.007769231007067137,0.000874246965794805,0.007769231007067137,False,False,0.8874731662632296,0.0,1.0,0.002111933460159088,1.0,1.0,1.0,True
bayesian-phystwin-prob4d-controlled-decisive-trial,target-nominal_correlated-318420826,nominal_correlated,B1_naive_last_frame_state,True,naive-last-frame-admissible,1.0230975827370177,-1e+300,False,True,0.01132785141254362,0.0009815306404505628,0.01132785141254362,False,False,0.9133524439273905,0.0,1.0,0.005486007845764442,1.0,1.0,1.0,True
bayesian-phystwin-prob4d-controlled-decisive-trial,target-nominal_correlated-318420827,nominal_correlated,B1_naive_last_frame_state,True,naive-last-frame-admissible,0.8064833684687759,-1e+300,False,True,0.009779337645973576,0.0011970427515808257,0.009779337645973576,False,False,0.8775947006928755,0.0,1.0,0.003049514313027945,1.0,1.0,1.0,True
bayesian-phystwin-prob4d-controlled-decisive-trial,target-nominal_correlated-318420828,nominal_correlated,B1_naive_last_frame_state,True,naive-last-frame-admissible,1.0729229150058657,-1e+300,False,True,0.003873676638452656,0.0005360067828621555,0.003873676638452656,False,False,0.8616284132905156,0.0,1.0,0.003791802291776345,1.0,1.0,1.0,True
bayesian-phystwin-prob4d-controlled-decisive-trial,target-nominal_correlated-318420829,nominal_correlated,B1_naive_last_frame_state,True,naive-last-frame-admissible,1.0778327176226385,-1e+300,False,True,0.0016554947117872892,0.00032867336989134593,0.0016554947117872892,False,False,0.8014651647322348,0.0,1.0,0.0029544697550250225,1.0,1.0,1.0,True
bayesian-phystwin-prob4d-controlled-decisive-trial,target-nominal_correlated-318420830,nominal_correlated,B1_naive_last_frame_state,True,naive-last-frame-admissible,0.9350372513221137,-1e+300,False,True,0.0066812451148761404,0.000938599197807243,0.0066812451148761404,False,False,0.859517323243028,0.0,1.0,0.0031627278453378524,1.0,1.0,1.0,True
bayesian-phystwin-prob4d-controlled-decisive-trial,target-nominal_correlated-318420831,nominal_correlated,B1_naive_last_frame_state,True,naive-last-frame-admissible,0.9525036259926067,-1e+300,False,True,0.005988667301689113,0.0003822974569530319,0.005988667301689113,False,False,0.9361631832769864,0.0,1.0,0.0033833195138215522,1.0,1.0,1.0,True
bayesian-phystwin-prob4d-controlled-decisive-trial,target-nominal_correlated-318420832,nominal_correlated,B1_naive_last_frame_state,True,naive-last-frame-admissible,0.8482831759933439,-1e+300,False,True,0.007976006260119869,0.0009590386530223775,0.007976006260119869,False,False,0.8797595410854198,0.0,1.0,0.002943622316448782,1.0,1.0,1.0,True
bayesian-phystwin-prob4d-controlled-decisive-trial,target-nominal_correlated-318420833,nominal_correlated,B1_naive_last_frame_state,True,naive-last-frame-admissible,0.9407735964504621,-1e+300,False,True,0.007599787596001098,0.0005695872864120593,0.007599787596001098,False,False,0.925052209786525,0.0,1.0,0.0037223563475662653,1.0,1.0,1.0,True
bayesian-phystwin-prob4d-controlled-decisive-trial,target-nominal_correlated-318420834,nominal_correlated,B1_naive_last_frame_state,True,naive-last-frame-admissible,0.9000105509028277,-1e+300,False,True,0.0068543984492612205,0.0011984373044430028,0.0068543984492612205,False,False,0.8251579167283203,0.0,1.0,0.0027428979779298705,1.0,1.0,1.0,True
bayesian-phystwin-prob4d-controlled-decisive-trial,target-nominal_correlated-318420835,nominal_correlated,B1_naive_last_frame_state,True,naive-last-frame-admissible,0.8669209530157778,-1e+300,False,True,0.007911399760523028,0.000981953451201201,0.007911399760523028,False,False,0.8758811991651546,0.0,1.0,0.0029058576127107562,1.0,1.0,1.0,True
bayesian-phystwin-prob4d-controlled-decisive-trial,target-nominal_correlated-318420836,nominal_correlated,B1_naive_last_frame_state,True,naive-last-frame-admissible,0.9378838428765942,-1e+300,False,True,0.004338076701578592,0.00034768590972022214,0.004338076701578592,False,False,0.9198525213734229,0.0,1.0,0.002309003933190798,1.0,1.0,1.0,True
bayesian-phystwin-prob4d-controlled-decisive-trial,target-nominal_correlated-318420837,nominal_correlated,B1_naive_last_frame_state,True,naive-last-frame-admissible,0.684114736764227,-1e+300,False,True,0.005788416764574352,0.0005583968801901278,0.005788416764574352,False,False,0.9035320187019759,0.0,1.0,0.0015493954798021156,1.0,1.0,1.0,True
bayesian-phystwin-prob4d-controlled-decisive-trial,target-nominal_correlated-318420838,nominal_correlated,B1_naive_last_frame_state,True,naive-last-frame-admissible,1.0230074273632386,-1e+300,False,True,0.00322990555711752,0.0006648214112565707,0.00322990555711752,False,False,0.7941669192798688,0.0,1.0,0.002398068066211707,1.0,1.0,1.0,True
bayesian-phystwin-prob4d-controlled-decisive-trial,target-nominal_correlated-318420839,nominal_correlated,B1_naive_last_frame_state,True,naive-last-frame-admissible,0.7799133628513452,-1e+300,False,True,0.008061808264819762,0.000610567263849537,0.008061808264819762,False,False,0.9242642290918851,0.0,1.0,0.0025734418860268067,1.0,1.0,1.0,True
bayesian-phystwin-prob4d-controlled-decisive-trial,target-nominal_correlated-318420840,nominal_correlated,B1_naive_last_frame_state,True,naive-last-frame-admissible,0.8653852571865398,-1e+300,False,True,0.007779908530677194,0.0009621175118599124,0.007779908530677194,False,False,0.8763330560936343,0.0,1.0,0.0029289772774887656,1.0,1.0,1.0,True
bayesian-phystwin-prob4d-controlled-decisive-trial,target-nominal_correlated-318420841,nominal_correlated,B1_naive_last_frame_state,True,naive-last-frame-admissible,0.9566182004109769,-1e+300,False,True,0.009599464061503114,0.0002804876419107134,0.009599464061503114,False,False,0.9707809060887516,0.0,1.0,0.0046090521233430925,1.0,1.0,1.0,True
bayesian-phystwin-prob4d-controlled-decisive-trial,target-nominal_correlated-318420842,nominal_correlated,B1_naive_last_frame_state,True,naive-last-frame-admissible,0.7168747311591968,-1e+300,False,True,0.008020848441902775,0.0008030481638591416,0.008020848441902775,False,False,0.8998798980337502,0.0,1.0,0.002161240681524677,1.0,1.0,1.0,True
bayesian-phystwin-prob4d-controlled-decisive-trial,target-nominal_correlated-318420843,nominal_correlated,B1_naive_last_frame_state,True,naive-last-frame-admissible,0.9269732885764533,-1e+300,False,True,0.0067555980064415285,0.000334994557998731,0.0067555980064415285,False,False,0.950412301371498,0.0,1.0,0.003347693699662844,1.0,1.0,1.0,True
bayesian-phystwin-prob4d-controlled-decisive-trial,target-nominal_correlated-318420844,nominal_correlated,B1_naive_last_frame_state,True,naive-last-frame-admissible,0.8978070739857781,-1e+300,False,True,0.007189264568316358,0.0006001709315105063,0.007189264568316358,False,False,0.9165184525054891,0.0,1.0,0.0031871624991130806,1.0,1.0,1.0,True
bayesian-phystwin-prob4d-controlled-decisive-trial,target-nominal_correlated-318420845,nominal_correlated,B1_naive_last_frame_state,True,naive-last-frame-admissible,0.8272828937508532,-1e+300,False,True,0.007879015720960681,0.0009867782476199421,0.007879015720960681,False,False,0.8747586903533142,0.0,1.0,0.00273903503022283,1.0,1.0,1.0,True
bayesian-phystwin-prob4d-controlled-decisive-trial,target-nominal_correlated-318420846,nominal_correlated,B1_naive_last_frame_state,True,naive-last-frame-admissible,0.8000643928010681,-1e+300,False,True,0.009072618011926355,0.0011526475096249166,0.009072618011926355,False,False,0.8729531533114575,0.0,1.0,0.0027737619541691703,1.0,1.0,1.0,True
bayesian-phystwin-prob4d-controlled-decisive-trial,target-nominal_correlated-318420847,nominal_correlated,B1_naive_last_frame_state,True,naive-last-frame-admissible,1.022872982821947,-1e+300,False,True,0.005209733742007863,0.0008576329745611688,0.005209733742007863,False,False,0.8353787319981862,0.0,1.0,0.0032613822813220565,1.0,1.0,1.0,True
bayesian-phystwin-prob4d-controlled-decisive-trial,target-nominal_correlated-318420848,nominal_correlated,B1_naive_last_frame_state,True,naive-last-frame-admissible,0.7361527993227099,-1e+300,False,True,0.005187469140182476,0.00028445315471821545,0.005187469140182476,False,False,0.9451653307168957,0.0,1.0,0.001622995977578091,1.0,1.0,1.0,True
bayesian-phystwin-prob4d-controlled-decisive-trial,target-nominal_correlated-318420849,nominal_correlated,B1_naive_last_frame_state,True,naive-last-frame-admissible,0.9843212287177822,-1e+300,False,True,0.005456036487691015,0.0003860752015465035,0.005456036487691015,False,False,0.9292388893627268,0.0,1.0,0.0032775727357616884,1.0,1.0,1.0,True
bayesian-phystwin-prob4d-controlled-decisive-trial,target-nominal_correlated-318420850,nominal_correlated,B1_naive_last_frame_state,True,naive-last-frame-admissible,0.776233064504536,-1e+300,False,True,0.0056243790137171425,0.000722111443215943,0.0056243790137171425,False,False,0.871610458424867,0.0,1.0,0.0018388175631745098,1.0,1.0,1.0,True
bayesian-phystwin-prob4d-controlled-decisive-trial,target-nominal_correlated-318420851,nominal_correlated,B1_naive_last_frame_state,True,naive-last-frame-admissible,0.6867893520861553,-1e+300,False,True,0.010289740879883203,0.0008561454926773384,0.010289740879883203,False,False,0.9167962048149209,0.0,1.0,0.002586033375350138,1.0,1.0,1.0,True
bayesian-phystwin-prob4d-controlled-decisive-trial,target-nominal_correlated-318420852,nominal_correlated,B1_naive_last_frame_state,True,naive-last-frame-admissible,0.8180927526524924,-1e+300,False,True,0.005625340219712845,0.0011778626520788983,0.005625340219712845,False,False,0.7906148595330605,0.0,1.0,0.0019440302233358772,1.0,1.0,1.0,True
bayesian-phystwin-prob4d-controlled-decisive-trial,target-nominal_correlated-318420853,nominal_correlated,B1_naive_last_frame_state,True,naive-last-frame-admissible,0.8897090063560232,-1e+300,False,True,0.007022886670104842,0.00044231992722185127,0.007022886670104842,False,False,0.9370173622330078,0.0,1.0,0.003056319913371089,1.0,1.0,1.0,True
bayesian-phystwin-prob4d-controlled-decisive-trial,target-nominal_correlated-318420854,nominal_correlated,B1_naive_last_frame_state,True,naive-last-frame-admissible,0.5644038633346724,-1e+300,False,True,0.005892903898858267,0.0002559551588284502,0.005892903898858267,False,False,0.9565655297928682,0.0,1.0,0.0012480031139787586,1.0,1.0,1.0,True
bayesian-phystwin-prob4d-controlled-decisive-trial,target-nominal_correlated-318420855,nominal_correlated,B1_naive_last_frame_state,True,naive-last-frame-admissible,0.8120446849821654,-1e+300,False,True,0.009438678596719444,0.00018472243332011152,0.009438678596719444,False,False,0.9804292061195605,0.0,1.0,0.0031898891750221053,1.0,1.0,1.0,True
bayesian-phystwin-prob4d-controlled-decisive-trial,target-nominal_correlated-318420856,nominal_correlated,B1_naive_last_frame_state,True,naive-last-frame-admissible,0.48190207950871256,-1e+300,False,True,0.008312606936155476,0.0006457418808948627,0.008312606936155476,False,False,0.9223177655512347,0.0,1.0,0.0013499517956118018,1.0,1.0,1.0,True
bayesian-phystwin-prob4d-controlled-decisive-trial,target-nominal_correlated-318420857,nominal_correlated,B1_naive_last_frame_state,True,naive-last-frame-admissible,0.8341697472156543,-1e+300,False,True,0.01026698975283368,0.0007221627191363617,0.01026698975283368,False,False,0.9296616889154832,0.0,1.0,0.003564072929358148,1.0,1.0,1.0,True
bayesian-phystwin-prob4d-controlled-decisive-trial,target-nominal_correlated-318420858,nominal_correlated,B1_naive_last_frame_state,True,naive-last-frame-admissible,0.8283621270573827,-1e+300,False,True,0.008605389275677278,0.0008900398106404952,0.008605389275677278,False,False,0.8965718130664757,0.0,1.0,0.002908873315146909,1.0,1.0,1.0,True
bayesian-phystwin-prob4d-controlled-decisive-trial,target-nominal_correlated-318420859,nominal_correlated,B1_naive_last_frame_state,True,naive-last-frame-admissible,0.9215135412996449,-1e+300,False,True,0.004802092746801631,0.0009405073704913401,0.004802092746801631,False,False,0.8041463544997642,0.0,1.0,0.0021926651214025134,1.0,1.0,1.0,True
bayesian-phystwin-prob4d-controlled-decisive-trial,target-nominal_correlated-318420860,nominal_correlated,B1_naive_last_frame_state,True,naive-last-frame-admissible,0.9187018074674199,-1e+300,False,True,0.0065673887562010015,0.0008685522585308352,0.0065673887562010015,False,False,0.8677477014421084,0.0,1.0,0.00289166027466153,1.0,1.0,1.0,True
bayesian-phystwin-prob4d-controlled-decisive-trial,target-nominal_correlated-318420861,nominal_correlated,B1_naive_last_frame_state,True,naive-last-frame-admissible,1.0814541529149528,-1e+300,False,True,0.00692682173300754,0.000862669124276629,0.00692682173300754,False,False,0.875459603620827,0.0,1.0,0.0052492637186920465,1.0,1.0,1.0,True
bayesian-phystwin-prob4d-controlled-decisive-trial,target-nominal_correlated-318420862,nominal_correlated,B1_naive_last_frame_state,True,naive-last-frame-admissible,0.9345766241698237,-1e+300,False,True,0.005027365504812286,0.0006306074506380836,0.005027365504812286,False,False,0.8745650281376092,0.0,1.0,0.002486450011887213,1.0,1.0,1.0,True
bayesian-phystwin-prob4d-controlled-decisive-trial,target-nominal_correlated-318420863,nominal_correlated,B1_naive_last_frame_state,True,naive-last-frame-admissible,0.885289523964658,-1e+300,False,True,0.005410818776371862,0.0003811606097223694,0.005410818776371862,False,False,0.9295558351747366,0.0,1.0,0.0024793393339781413,1.0,1.0,1.0,True
bayesian-phystwin-prob4d-controlled-decisive-trial,target-nominal_correlated-318420864,nominal_correlated,B1_naive_last_frame_state,True,naive-last-frame-admissible,0.7643538484458529,-1e+300,False,True,0.008272976578144997,0.0010764606344375593,0.008272976578144997,False,False,0.869882306051575,0.0,1.0,0.0025025279112856663,1.0,1.0,1.0,True
bayesian-phystwin-prob4d-controlled-decisive-trial,target-nominal_correlated-318420865,nominal_correlated,B1_naive_last_frame_state,True,naive-last-frame-admissible,0.9599902471925825,-1e+300,False,True,0.003765042519536687,0.0003019991138109759,0.003765042519536687,False,False,0.9197886578321727,0.0,1.0,0.002472608867827968,1.0,1.0,1.0,True
bayesian-phystwin-prob4d-controlled-decisive-trial,target-nominal_correlated-318420866,nominal_correlated,B1_naive_last_frame_state,True,naive-last-frame-admissible,0.9198708021836892,-1e+300,False,True,0.007675964475566049,0.0010638923725402964,0.007675964475566049,False,False,0.8613995184674377,0.0,1.0,0.0033031777820326288,1.0,1.0,1.0,True
bayesian-phystwin-prob4d-controlled-decisive-trial,target-nominal_correlated-318420867,nominal_correlated,B1_naive_last_frame_state,True,naive-last-frame-admissible,0.8880277540437059,-1e+300,False,True,0.008714120594407451,0.00044832978913208576,0.008714120594407451,False,False,0.9485513444213963,0.0,1.0,0.003647600476695228,1.0,1.0,1.0,True
bayesian-phystwin-prob4d-controlled-decisive-trial,target-common_mode_bias-318520804,common_mode_bias,B1_naive_last_frame_state,True,naive-last-frame-admissible,1.1669208211279039,-1e+300,False,True,0.006295163382284109,0.00045591513374699816,0.006295163382284109,False,False,0.9275769180145447,0.0,1.0,0.006995347306087561,1.0,1.0,1.0,True
bayesian-phystwin-prob4d-controlled-decisive-trial,target-common_mode_bias-318520805,common_mode_bias,B1_naive_last_frame_state,True,naive-last-frame-admissible,1.257296377778183,-1e+300,False,True,0.004014819144346342,0.0005025273478788443,0.004014819144346342,False,False,0.8748318841244687,0.0,1.0,0.00758494984454879,1.0,1.0,1.0,True
bayesian-phystwin-prob4d-controlled-decisive-trial,target-common_mode_bias-318520806,common_mode_bias,B1_naive_last_frame_state,True,naive-last-frame-admissible,1.009607697505099,-1e+300,False,True,0.009788929661137867,0.0010109162851350791,0.009788929661137867,False,False,0.8967286189471332,0.0,1.0,0.005371892728246015,1.0,1.0,1.0,True
bayesian-phystwin-prob4d-controlled-decisive-trial,target-common_mode_bias-318520807,common_mode_bias,B1_naive_last_frame_state,True,naive-last-frame-admissible,1.00526189914105,-1e+300,False,True,0.008952025647914825,0.0007271889593059069,0.008952025647914825,False,False,0.9187682220866638,0.0,1.0,0.004837655697935087,1.0,1.0,1.0,True
bayesian-phystwin-prob4d-controlled-decisive-trial,target-common_mode_bias-318520808,common_mode_bias,B1_naive_last_frame_state,True,naive-last-frame-admissible,1.222018626040423,-1e+300,False,True,0.003080500920836963,0.0003998674278079315,0.003080500920836963,False,False,0.8701940242565197,0.0,1.0,0.007839595961409271,1.0,1.0,1.0,True
bayesian-phystwin-prob4d-controlled-decisive-trial,target-common_mode_bias-318520809,common_mode_bias,B1_naive_last_frame_state,True,naive-last-frame-admissible,0.9805255569676525,-1e+300,False,True,0.0036316706600353593,0.0003884550706984995,0.0036316706600353593,False,False,0.8930368122381678,0.0,1.0,0.0022003600977385865,1.0,1.0,1.0,True
bayesian-phystwin-prob4d-controlled-decisive-trial,target-common_mode_bias-318520810,common_mode_bias,B1_naive_last_frame_state,True,naive-last-frame-admissible,1.1320764880568515,-1e+300,False,True,0.004979774051487603,0.0006972921891441148,0.004979774051487603,False,False,0.8599751350293066,0.0,1.0,0.005904478176498422,1.0,1.0,1.0,True
bayesian-phystwin-prob4d-controlled-decisive-trial,target-common_mode_bias-318520811,common_mode_bias,B1_naive_last_frame_state,True,naive-last-frame-admissible,1.0746663900787319,-1e+300,False,True,0.004910896070034872,0.0004520598155802639,0.004910896070034872,False,False,0.9079475905958128,0.0,1.0,0.004180797111757951,1.0,1.0,1.0,True
bayesian-phystwin-prob4d-controlled-decisive-trial,target-common_mode_bias-318520812,common_mode_bias,B1_naive_last_frame_state,True,naive-last-frame-admissible,1.0503835993641664,-1e+300,False,True,0.005215908475252118,0.0004018564646193202,0.005215908475252118,False,False,0.9229556142470663,0.0,1.0,0.003939011240680807,1.0,1.0,1.0,True
bayesian-phystwin-prob4d-controlled-decisive-trial,target-common_mode_bias-318520813,common_mode_bias,B1_naive_last_frame_state,True,naive-last-frame-admissible,1.0841794993956781,-1e+300,False,True,0.004887678880295078,0.000865837406108031,0.004887678880295078,False,False,0.822853050023663,0.0,1.0,0.003976224872627723,1.0,1.0,1.0,True
bayesian-phystwin-prob4d-controlled-decisive-trial,target-common_mode_bias-318520814,common_mode_bias,B1_naive_last_frame_state,True,naive-last-frame-admissible,1.2233327891197645,-1e+300,False,True,0.001806819755430712,0.0002539994865992481,0.001806819755430712,False,False,0.859421790227936,0.0,1.0,0.006517823738042133,1.0,1.0,1.0,True
bayesian-phystwin-prob4d-controlled-decisive-trial,target-common_mode_bias-318520815,common_mode_bias,B1_naive_last_frame_state,True,naive-last-frame-admissible,1.0649435210995193,-1e+300,False,True,0.007037644852962149,0.000665827476231526,0.007037644852962149,False,False,0.9053905830511924,0.0,1.0,0.005202843822280727,1.0,1.0,1.0,True
bayesian-phystwin-prob4d-controlled-decisive-trial,target-common_mode_bias-318520816,common_mode_bias,B1_naive_last_frame_state,True,naive-last-frame-admissible,1.0665278763924173,-1e+300,False,True,0.007448841755349864,0.0005504355834592728,0.007448841755349864,False,False,0.9261045406067403,0.0,1.0,0.0052273312629324805,1.0,1.0,1.0,True
bayesian-phystwin-prob4d-controlled-decisive-trial,target-common_mode_bias-318520817,common_mode_bias,B1_naive_last_frame_state,True,naive-last-frame-admissible,1.1181461736760916,-1e+300,False,True,0.008080443224969454,0.0005730184852550351,0.008080443224969454,False,False,0.9290857606072467,0.0,1.0,0.006849273084907237,1.0,1.0,1.0,True
bayesian-phystwin-prob4d-controlled-decisive-trial,target-common_mode_bias-318520818,common_mode_bias,B1_naive_last_frame_state,True,naive-last-frame-admissible,1.1501882676484956,-1e+300,False,True,0.00675776480890649,0.0005714301628289002,0.00675776480890649,False,False,0.9154409514110677,0.0,1.0,0.005906603902501386,1.0,1.0,1.0,True
bayesian-phystwin-prob4d-controlled-decisive-trial,target-common_mode_bias-318520819,common_mode_bias,B1_naive_last_frame_state,True,naive-last-frame-admissible,1.180708118114531,-1e+300,False,True,0.0054213892441629325,0.0003787966581399079,0.0054213892441629325,False,False,0.9301292268309735,0.0,1.0,0.006801378244468713,1.0,1.0,1.0,True
bayesian-phystwin-prob4d-controlled-decisive-trial,target-common_mode_bias-318520820,common_mode_bias,B1_naive_last_frame_state,True,naive-last-frame-admissible,1.0142362496106792,-1e+300,False,True,0.006181235941782645,0.0006194217391706728,0.006181235941782645,False,False,0.899789986176772,0.0,1.0,0.003717205960511585,1.0,1.0,1.0,True
bayesian-phystwin-prob4d-controlled-decisive-trial,target-common_mode_bias-318520821,common_mode_bias,B1_naive_last_frame_state,True,naive-last-frame-admissible,1.0513335110459097,-1e+300,False,True,0.006102723876932564,0.0007143741835458755,0.006102723876932564,False,False,0.882941748971126,0.0,1.0,0.004519511124921036,1.0,1.0,1.0,True
bayesian-phystwin-prob4d-controlled-decisive-trial,target-common_mode_bias-318520822,common_mode_bias,B1_naive_last_frame_state,True,naive-last-frame-admissible,1.1623433572371271,-1e+300,False,True,0.00706136357321453,0.0005988862124717309,0.00706136357321453,False,False,0.9151883051676517,0.0,1.0,0.006341610833231464,1.0,1.0,1.0,True
bayesian-phystwin-prob4d-controlled-decisive-trial,target-common_mode_bias-318520823,common_mode_bias,B1_naive_last_frame_state,True,naive-last-frame-admissible,1.102022869114192,-1e+300,False,True,0.0030996312359180232,0.000483126989896238,0.0030996312359180232,False,False,0.8441340426893881,0.0,1.0,0.004289390567894436,1.0,1.0,1.0,True
bayesian-phystwin-prob4d-controlled-decisive-trial,target-common_mode_bias-318520824,common_mode_bias,B1_naive_last_frame_state,True,naive-last-frame-admissible,1.1305405849703003,-1e+300,False,True,0.0035633836040291503,9.236913689880423e-05,0.0035633836040291503,False,False,0.9740782505721917,0.0,1.0,0.005091743909060631,1.0,1.0,1.0,True
bayesian-phystwin-prob4d-controlled-decisive-trial,target-common_mode_bias-318520825,common_mode_bias,B1_naive_last_frame_state,True,naive-last-frame-admissible,1.2231828359815595,-1e+300,False,True,0.0042749463424532315,0.0005249873016497078,0.0042749463424532315,False,False,0.8771944114394574,0.0,1.0,0.007029527558925456,1.0,1.0,1.0,True
bayesian-phystwin-prob4d-controlled-decisive-trial,target-common_mode_bias-318520826,common_mode_bias,B1_naive_last_frame_state,True,naive-last-frame-admissible,0.9034439496412924,-1e+300,False,True,0.008328662380558656,0.000522662687871848,0.008328662380558656,False,False,0.9372453025479958,0.0,1.0,0.0034829231383254645,1.0,1.0,1.0,True
bayesian-phystwin-prob4d-controlled-decisive-trial,target-common_mode_bias-318520827,common_mode_bias,B1_naive_last_frame_state,True,naive-last-frame-admissible,1.0821382455247008,-1e+300,False,True,0.005246726521101587,0.0007602787236820615,0.005246726521101587,False,False,0.8550946536617968,0.0,1.0,0.0042995315134489506,1.0,1.0,1.0,True
bayesian-phystwin-prob4d-controlled-decisive-trial,target-common_mode_bias-318520828,common_mode_bias,B1_naive_last_frame_state,True,naive-last-frame-admissible,1.0743311961223447,-1e+300,False,True,0.004605293288079465,0.00024545464174364974,0.004605293288079465,False,False,0.9467016265003154,0.0,1.0,0.004568999419673821,1.0,1.0,1.0,True
bayesian-phystwin-prob4d-controlled-decisive-trial,target-common_mode_bias-318520829,common_mode_bias,B1_naive_last_frame_state,True,naive-last-frame-admissible,1.0112892457481095,-1e+300,False,True,0.004862837680346359,0.0005093005223207059,0.004862837680346359,False,False,0.8952668059682324,0.0,1.0,0.003460208198996612,1.0,1.0,1.0,True
bayesian-phystwin-prob4d-controlled-decisive-trial,target-common_mode_bias-318520830,common_mode_bias,B1_naive_last_frame_state,True,naive-last-frame-admissible,1.1878045584008448,-1e+300,False,True,0.0032574330022757158,0.00042901218065715166,0.0032574330022757158,False,False,0.8682974660238801,0.0,1.0,0.007604719531667903,1.0,1.0,1.0,True
bayesian-phystwin-prob4d-controlled-decisive-trial,target-common_mode_bias-318520831,common_mode_bias,B1_naive_last_frame_state,True,naive-last-frame-admissible,1.2397546732092402,-1e+300,False,True,0.0010887427608259302,0.00018245579951512648,0.0010887427608259302,False,False,0.8324160618283112,0.0,1.0,0.007245096988039343,1.0,1.0,1.0,True
bayesian-phystwin-prob4d-controlled-decisive-trial,target-common_mode_bias-318520832,common_mode_bias,B1_naive_last_frame_state,True,naive-last-frame-admissible,1.2252170538930167,-1e+300,False,True,0.007016307626067638,0.000698793567090484,0.007016307626067638,False,False,0.9004043715964988,0.0,1.0,0.0075783006740288775,1.0,1.0,1.0,True
bayesian-phystwin-prob4d-controlled-decisive-trial,target-common_mode_bias-318520833,common_mode_bias,B1_naive_last_frame_state,True,naive-last-frame-admissible,1.1854503086691965,-1e+300,False,True,0.008117973792514091,0.000593619589671545,0.008117973792514091,False,False,0.9268758923293217,0.0,1.0,0.007199886846198288,1.0,1.0,1.0,True
bayesian-phystwin-prob4d-controlled-decisive-trial,target-common_mode_bias-318520834,common_mode_bias,B1_naive_last_frame_state,True,naive-last-frame-admissible,1.1036464076418857,-1e+300,False,True,0.009535587588571629,0.001067694558758303,0.009535587588571629,False,False,0.8880305435988096,0.0,1.0,0.006216809507587064,1.0,1.0,1.0,True
bayesian-phystwin-prob4d-controlled-decisive-trial,target-common_mode_bias-318520835,common_mode_bias,B1_naive_last_frame_state,True,naive-last-frame-admissible,1.2173226186890256,-1e+300,False,True,0.004994584972864126,0.00039542477354121054,0.004994584972864126,False,False,0.9208293029972306,0.0,1.0,0.006846451626168472,1.0,1.0,1.0,True
bayesian-phystwin-prob4d-controlled-decisive-trial,target-common_mode_bias-318520836,common_mode_bias,B1_naive_last_frame_state,True,naive-last-frame-admissible,1.1418946387549764,-1e+300,False,True,0.007844945270711508,0.0005724204165737265,0.007844945270711508,False,False,0.9270332173366698,0.0,1.0,0.0066151671969976655,1.0,1.0,1.0,True
bayesian-phystwin-prob4d-controlled-decisive-trial,target-common_mode_bias-318520837,common_mode_bias,B1_naive_last_frame_state,True,naive-last-frame-admissible,1.3367634312887025,-1e+300,False,True,0.00612137586202495,0.00046880315651138204,0.00612137586202495,False,False,0.9234153943364781,0.0,1.0,0.011346518335813233,1.0,1.0,1.0,True
bayesian-phystwin-prob4d-controlled-decisive-trial,target-common_mode_bias-318520838,common_mode_bias,B1_naive_last_frame_state,True,naive-last-frame-admissible,1.2736697764324745,-1e+300,False,True,0.002166868574363461,0.0005871452818351288,0.002166868574363461,False,False,0.7290351206428805,0.0,1.0,0.007652127480607216,1.0,1.0,1.0,True
bayesian-phystwin-prob4d-controlled-decisive-trial,target-common_mode_bias-318520839,common_mode_bias,B1_naive_last_frame_state,True,naive-last-frame-admissible,1.1740432833172183,-1e+300,False,True,0.0044778322534981445,0.0005030732235972271,0.0044778322534981445,False,False,0.8876525079285363,0.0,1.0,0.00630080327679576,1.0,1.0,1.0,True
bayesian-phystwin-prob4d-controlled-decisive-trial,target-common_mode_bias-318520840,common_mode_bias,B1_naive_last_frame_state,True,naive-last-frame-admissible,1.1465996604266016,-1e+300,False,True,0.0013451416824888879,0.0003689989074666241,0.0013451416824888879,False,False,0.7256802667925114,0.0,1.0,0.0046028407317536294,1.0,1.0,1.0,True
bayesian-phystwin-prob4d-controlled-decisive-trial,target-common_mode_bias-318520841,common_mode_bias,B1_naive_last_frame_state,True,naive-last-frame-admissible,1.0339664342850114,-1e+300,False,True,0.0073789945348718905,0.000826478760656373,0.0073789945348718905,False,False,0.8879957483705168,0.0,1.0,0.004671910765506835,1.0,1.0,1.0,True
bayesian-phystwin-prob4d-controlled-decisive-trial,target-common_mode_bias-318520842,common_mode_bias,B1_naive_last_frame_state,True,naive-last-frame-admissible,1.1824319570718604,-1e+300,False,True,0.005111913919006046,0.0009171491150836685,0.005111913919006046,False,False,0.8205859625934394,0.0,1.0,0.00588602383988392,1.0,1.0,1.0,True
bayesian-phystwin-prob4d-controlled-decisive-trial,target-common_mode_bias-318520843,common_mode_bias,B1_naive_last_frame_state,True,naive-last-frame-admissible,1.0365619622969335,-1e+300,False,True,0.00773261081034473,0.0007983467863058814,0.00773261081034473,False,False,0.8967558557016928,0.0,1.0,0.004490774825528825,1.0,1.0,1.0,True
bayesian-phystwin-prob4d-controlled-decisive-trial,target-common_mode_bias-318520844,common_mode_bias,B1_naive_last_frame_state,True,naive-last-frame-admissible,1.00055680225834,-1e+300,False,True,0.004234796979359111,0.0006887194266299747,0.004234796979359111,False,False,0.8373666010467863,0.0,1.0,0.002915440044097321,1.0,1.0,1.0,True
bayesian-phystwin-prob4d-controlled-decisive-trial,target-common_mode_bias-318520845,common_mode_bias,B1_naive_last_frame_state,True,naive-last-frame-admissible,1.1234489418829883,-1e+300,False,True,0.0028932142403625054,0.0003321133494323862,0.0028932142403625054,False,False,0.885209555241656,0.0,1.0,0.005128411253580871,1.0,1.0,1.0,True
bayesian-phystwin-prob4d-controlled-decisive-trial,target-common_mode_bias-318520846,common_mode_bias,B1_naive_last_frame_state,True,naive-last-frame-admissible,1.2599290274033037,-1e+300,False,True,0.007520380728134806,0.0010174050893292314,0.007520380728134806,False,False,0.8647136194151747,0.0,1.0,0.00961478117667354,1.0,1.0,1.0,True
bayesian-phystwin-prob4d-controlled-decisive-trial,target-common_mode_bias-318520847,common_mode_bias,B1_naive_last_frame_state,True,naive-last-frame-admissible,1.0376221008610995,-1e+300,False,True,0.008128999459310206,0.0008032610118664306,0.008128999459310206,False,False,0.90118574667311,0.0,1.0,0.0049183301984040565,1.0,1.0,1.0,True
bayesian-phystwin-prob4d-controlled-decisive-trial,target-common_mode_bias-318520848,common_mode_bias,B1_naive_last_frame_state,True,naive-last-frame-admissible,1.1706295450133268,-1e+300,False,True,0.0100899831848008,0.0006815780568012447,0.0100899831848008,False,False,0.932450030459124,0.0,1.0,0.007747710435654455,1.0,1.0,1.0,True
bayesian-phystwin-prob4d-controlled-decisive-trial,target-common_mode_bias-318520849,common_mode_bias,B1_naive_last_frame_state,True,naive-last-frame-admissible,1.1282794950998989,-1e+300,False,True,0.006939794695010641,0.0009851068558599167,0.006939794695010641,False,False,0.858049567868606,0.0,1.0,0.006020141818430699,1.0,1.0,1.0,True
bayesian-phystwin-prob4d-controlled-decisive-trial,target-common_mode_bias-318520850,common_mode_bias,B1_naive_last_frame_state,True,naive-last-frame-admissible,1.1805172690867989,-1e+300,False,True,0.006434460220623743,0.0005010392291875164,0.006434460220623743,False,False,0.9221318942058909,0.0,1.0,0.006714937834684513,1.0,1.0,1.0,True
bayesian-phystwin-prob4d-controlled-decisive-trial,target-common_mode_bias-318520851,common_mode_bias,B1_naive_last_frame_state,True,naive-last-frame-admissible,1.103937548216653,-1e+300,False,True,0.005729999140827842,0.0006224760650756798,0.005729999140827842,False,False,0.8913654173801939,0.0,1.0,0.004998412056651558,1.0,1.0,1.0,True
bayesian-phystwin-prob4d-controlled-decisive-trial,target-common_mode_bias-318520852,common_mode_bias,B1_naive_last_frame_state,True,naive-last-frame-admissible,1.124006336081847,-1e+300,False,True,0.005451392990131184,0.0009300458120996099,0.005451392990131184,False,False,0.8293929984898725,0.0,1.0,0.004987138448581344,1.0,1.0,1.0,True
bayesian-phystwin-prob4d-controlled-decisive-trial,target-common_mode_bias-318520853,common_mode_bias,B1_naive_last_frame_state,True,naive-last-frame-admissible,1.2756643249923956,-1e+300,False,True,0.00382477786440126,0.0005666236997935825,0.00382477786440126,False,False,0.8518544815197305,0.0,1.0,0.008408861152375602,1.0,1.0,1.0,True
bayesian-phystwin-prob4d-controlled-decisive-trial,target-common_mode_bias-318520854,common_mode_bias,B1_naive_last_frame_state,True,naive-last-frame-admissible,1.0749373908225144,-1e+300,False,True,0.008332760428439478,0.0007462933020133057,0.008332760428439478,False,False,0.9104386465418798,0.0,1.0,0.005772984738377372,1.0,1.0,1.0,True
bayesian-phystwin-prob4d-controlled-decisive-trial,target-common_mode_bias-318520855,common_mode_bias,B1_naive_last_frame_state,True,naive-last-frame-admissible,1.2092428104262913,-1e+300,False,True,0.00262642597372824,0.0005469448606594924,0.00262642597372824,False,False,0.7917531786044979,0.0,1.0,0.007314679921203156,1.0,1.0,1.0,True
bayesian-phystwin-prob4d-controlled-decisive-trial,target-common_mode_bias-318520856,common_mode_bias,B1_naive_last_frame_state,True,naive-last-frame-admissible,1.0834791063259281,-1e+300,False,True,0.006480846803422644,0.0010890969617039288,0.006480846803422644,False,False,0.8319514417269116,0.0,1.0,0.004635977760251421,1.0,1.0,1.0,True
bayesian-phystwin-prob4d-controlled-decisive-trial,target-common_mode_bias-318520857,common_mode_bias,B1_naive_last_frame_state,True,naive-last-frame-admissible,1.1475734334884233,-1e+300,False,True,0.006523742223902663,0.0007273405521364267,0.006523742223902663,False,False,0.8885086922239988,0.0,1.0,0.0059337078437690415,1.0,1.0,1.0,True
bayesian-phystwin-prob4d-controlled-decisive-trial,target-common_mode_bias-318520858,common_mode_bias,B1_naive_last_frame_state,True,naive-last-frame-admissible,1.0766323761401964,-1e+300,False,True,0.006415563427168445,0.0004711382668583197,0.006415563427168445,False,False,0.9265632282796618,0.0,1.0,0.0050802224183420985,1.0,1.0,1.0,True
bayesian-phystwin-prob4d-controlled-decisive-trial,target-common_mode_bias-318520859,common_mode_bias,B1_naive_last_frame_state,True,naive-last-frame-admissible,1.1431005585843053,-1e+300,False,True,0.001288023918766599,0.000584116750083847,0.001288023918766599,False,False,0.5465016281349866,0.0,1.0,0.004470456771198152,1.0,1.0,1.0,True
bayesian-phystwin-prob4d-controlled-decisive-trial,target-common_mode_bias-318520860,common_mode_bias,B1_naive_last_frame_state,True,naive-last-frame-admissible,1.0498267702400705,-1e+300,False,True,0.0032444129748338746,0.0002718584788995742,0.0032444129748338746,False,False,0.9162071903273983,0.0,1.0,0.0033256517396773396,1.0,1.0,1.0,True
bayesian-phystwin-prob4d-controlled-decisive-trial,target-common_mode_bias-318520861,common_mode_bias,B1_naive_last_frame_state,True,naive-last-frame-admissible,0.830548557962631,-1e+300,False,True,0.008344041886215398,0.000824374578772478,0.008344041886215398,False,False,0.9012020085692081,0.0,1.0,0.002977793993003917,1.0,1.0,1.0,True
bayesian-phystwin-prob4d-controlled-decisive-trial,target-common_mode_bias-318520862,common_mode_bias,B1_naive_last_frame_state,True,naive-last-frame-admissible,1.1280029372699005,-1e+300,False,True,0.005270443916976497,0.0005204215227229802,0.005270443916976497,False,False,0.9012566055305772,0.0,1.0,0.005158529967803708,1.0,1.0,1.0,True
bayesian-phystwin-prob4d-controlled-decisive-trial,target-common_mode_bias-318520863,common_mode_bias,B1_naive_last_frame_state,True,naive-last-frame-admissible,1.0533593376265253,-1e+300,False,True,0.006611376573394591,0.0005176288984576834,0.006611376573394591,False,False,0.9217063356305072,0.0,1.0,0.004979333563858177,1.0,1.0,1.0,True
bayesian-phystwin-prob4d-controlled-decisive-trial,target-common_mode_bias-318520864,common_mode_bias,B1_naive_last_frame_state,True,naive-last-frame-admissible,1.111046967806535,-1e+300,False,True,0.005668348769646425,0.0006413963995218052,0.005668348769646425,False,False,0.8868459889136614,0.0,1.0,0.005272913845102252,1.0,1.0,1.0,True
bayesian-phystwin-prob4d-controlled-decisive-trial,target-common_mode_bias-318520865,common_mode_bias,B1_naive_last_frame_state,True,naive-last-frame-admissible,1.168999198932547,-1e+300,False,True,0.005960685588147554,0.000535537068356347,0.005960685588147554,False,False,0.9101551221857385,0.0,1.0,0.006344459950138157,1.0,1.0,1.0,True
bayesian-phystwin-prob4d-controlled-decisive-trial,target-common_mode_bias-318520866,common_mode_bias,B1_naive_last_frame_state,True,naive-last-frame-admissible,1.0321167537530513,-1e+300,False,True,0.008269995405680141,0.0008715364730699491,0.008269995405680141,False,False,0.8946146363671078,0.0,1.0,0.004949424058598583,1.0,1.0,1.0,True
bayesian-phystwin-prob4d-controlled-decisive-trial,target-common_mode_bias-318520867,common_mode_bias,B1_naive_last_frame_state,True,naive-last-frame-admissible,1.2053950695015523,-1e+300,False,True,0.0098135573893855,0.0008639690093130852,0.0098135573893855,False,False,0.9119616898304821,0.0,1.0,0.008047499721875266,1.0,1.0,1.0,True
bayesian-phystwin-prob4d-controlled-decisive-trial,target-outlier_groups-318620804,outlier_groups,B1_naive_last_frame_state,True,naive-last-frame-admissible,0.9419662323263815,-1e+300,False,True,0.007023840494156033,0.001010134163092764,0.007023840494156033,False,False,0.8561849227736287,0.0,1.0,0.0033183427340816554,1.0,1.0,1.0,True
bayesian-phystwin-prob4d-controlled-decisive-trial,target-outlier_groups-318620805,outlier_groups,B1_naive_last_frame_state,True,naive-last-frame-admissible,0.8099334793913937,-1e+300,False,True,0.004209501043148014,0.00043019591008429565,0.004209501043148014,False,False,0.8978035862980616,0.0,1.0,0.001690715255615324,1.0,1.0,1.0,True
bayesian-phystwin-prob4d-controlled-decisive-trial,target-outlier_groups-318620806,outlier_groups,B1_naive_last_frame_state,True,naive-last-frame-admissible,1.190925464773051,-1e+300,False,True,0.005482039982217522,0.0002528538142816547,0.005482039982217522,False,False,0.9538759631265269,0.0,1.0,0.007342435737071981,1.0,1.0,1.0,True
bayesian-phystwin-prob4d-controlled-decisive-trial,target-outlier_groups-318620807,outlier_groups,B1_naive_last_frame_state,True,naive-last-frame-admissible,1.0191946909157203,-1e+300,False,True,0.0027870019818157657,0.00039740181973992424,0.0027870019818157657,False,False,0.8574088492463101,0.0,1.0,0.002463384192357261,1.0,1.0,1.0,True
bayesian-phystwin-prob4d-controlled-decisive-trial,target-outlier_groups-318620808,outlier_groups,B1_naive_last_frame_state,True,naive-last-frame-admissible,0.9159294778638443,-1e+300,False,True,0.0035276871034583754,0.00034575712601617967,0.0035276871034583754,False,False,0.901987586802351,0.0,1.0,0.0019111666201156792,1.0,1.0,1.0,True
bayesian-phystwin-prob4d-controlled-decisive-trial,target-outlier_groups-318620809,outlier_groups,B1_naive_last_frame_state,True,naive-last-frame-admissible,1.032302380378694,-1e+300,False,True,0.005699417962161836,0.0007988423934621746,0.005699417962161836,False,False,0.8598378994547073,0.0,1.0,0.0037659754187061977,1.0,1.0,1.0,True
bayesian-phystwin-prob4d-controlled-decisive-trial,target-outlier_groups-318620810,outlier_groups,B1_naive_last_frame_state,True,naive-last-frame-admissible,0.7670357467756151,-1e+300,False,True,0.008394459291973952,0.0005321812948390289,0.008394459291973952,False,False,0.9366032669492061,0.0,1.0,0.002691854005543833,1.0,1.0,1.0,True
bayesian-phystwin-prob4d-controlled-decisive-trial,target-outlier_groups-318620811,outlier_groups,B1_naive_last_frame_state,True,naive-last-frame-admissible,1.0242125132270283,-1e+300,False,True,0.004938773239930861,0.0007072795883262855,0.004938773239930861,False,False,0.8567904307474974,0.0,1.0,0.003397980101966592,1.0,1.0,1.0,True
bayesian-phystwin-prob4d-controlled-decisive-trial,target-outlier_groups-318620812,outlier_groups,B1_naive_last_frame_state,True,naive-last-frame-admissible,1.1436639917179219,-1e+300,False,True,0.006473374229803501,0.0006252467038578369,0.006473374229803501,False,False,0.9034125509105911,0.0,1.0,0.005767366200959026,1.0,1.0,1.0,True
bayesian-phystwin-prob4d-controlled-decisive-trial,target-outlier_groups-318620813,outlier_groups,B1_naive_last_frame_state,True,naive-last-frame-admissible,1.100291879616186,-1e+300,False,True,0.0033354537764697986,0.0005508981613575983,0.0033354537764697986,False,False,0.8348356180967191,0.0,1.0,0.003604810837562948,1.0,1.0,1.0,True
bayesian-phystwin-prob4d-controlled-decisive-trial,target-outlier_groups-318620814,outlier_groups,B1_naive_last_frame_state,True,naive-last-frame-admissible,1.088249125076117,-1e+300,False,True,0.0014098529851265733,0.0003809193647474535,0.0014098529851265733,False,False,0.7298162512219276,0.0,1.0,0.0028480276515161205,1.0,1.0,1.0,True
bayesian-phystwin-prob4d-controlled-decisive-trial,target-outlier_groups-318620815,outlier_groups,B1_naive_last_frame_state,True,naive-last-frame-admissible,1.0885593150919795,-1e+300,False,True,0.004353631756905266,0.0007883745037210894,0.004353631756905266,False,False,0.8189156667945896,0.0,1.0,0.0042022310384481525,1.0,1.0,1.0,True
bayesian-phystwin-prob4d-controlled-decisive-trial,target-outlier_groups-318620816,outlier_groups,B1_naive_last_frame_state,True,naive-last-frame-admissible,1.1914577525458152,-1e+300,False,True,0.0032225117487154876,0.00026763031280703465,0.0032225117487154876,False,False,0.9169497790306851,0.0,1.0,0.005712270546371534,1.0,1.0,1.0,True
bayesian-phystwin-prob4d-controlled-decisive-trial,target-outlier_groups-318620817,outlier_groups,B1_naive_last_frame_state,True,naive-last-frame-admissible,0.6132040265020624,-1e+300,False,True,0.005714529967902613,0.00048150117916551116,0.005714529967902613,False,False,0.9157408952494767,0.0,1.0,0.001321350169059827,1.0,1.0,1.0,True
bayesian-phystwin-prob4d-controlled-decisive-trial,target-outlier_groups-318620818,outlier_groups,B1_naive_last_frame_state,True,naive-last-frame-admissible,0.8849347115960758,-1e+300,False,True,0.003991418654500563,0.0004939237104421892,0.003991418654500563,False,False,0.8762535947249581,0.0,1.0,0.0018256419073582018,1.0,1.0,1.0,True
bayesian-phystwin-prob4d-controlled-decisive-trial,target-outlier_groups-318620819,outlier_groups,B1_naive_last_frame_state,True,naive-last-frame-admissible,1.1643684070461695,-1e+300,False,True,0.006028005342670893,0.0005444624118616629,0.006028005342670893,False,False,0.9096778484903562,0.0,1.0,0.006054545977536641,1.0,1.0,1.0,True
bayesian-phystwin-prob4d-controlled-decisive-trial,target-outlier_groups-318620820,outlier_groups,B1_naive_last_frame_state,True,naive-last-frame-admissible,1.0849352313570557,-1e+300,False,True,0.007864563062623916,0.0006327787060118685,0.007864563062623916,False,False,0.9195405134432542,0.0,1.0,0.005544382534626334,1.0,1.0,1.0,True
bayesian-phystwin-prob4d-controlled-decisive-trial,target-outlier_groups-318620821,outlier_groups,B1_naive_last_frame_state,True,naive-last-frame-admissible,0.74677083684342,-1e+300,False,True,0.005185284027451402,0.0010511670961859182,0.005185284027451402,False,False,0.7972787815246115,0.0,1.0,0.0014350867881034136,1.0,1.0,1.0,True
bayesian-phystwin-prob4d-controlled-decisive-trial,target-outlier_groups-318620822,outlier_groups,B1_naive_last_frame_state,True,naive-last-frame-admissible,0.9122703963440256,-1e+300,False,True,0.004383958785774099,0.00021292909107036438,0.004383958785774099,False,False,0.9514299514490608,0.0,1.0,0.0023215584964459382,1.0,1.0,1.0,True
bayesian-phystwin-prob4d-controlled-decisive-trial,target-outlier_groups-318620823,outlier_groups,B1_naive_last_frame_state,True,naive-last-frame-admissible,0.5898520058440004,-1e+300,False,True,0.008786778929080493,0.0008138542651499377,0.008786778929080493,False,False,0.9073774051084378,0.0,1.0,0.0018032447527446937,1.0,1.0,1.0,True
bayesian-phystwin-prob4d-controlled-decisive-trial,target-outlier_groups-318620824,outlier_groups,B1_naive_last_frame_state,True,naive-last-frame-admissible,1.1251492859018368,-1e+300,False,True,0.0029386787390966434,0.0008453467435071089,0.0029386787390966434,False,False,0.7123378162231607,0.0,1.0,0.004050327855239146,1.0,1.0,1.0,True
bayesian-phystwin-prob4d-controlled-decisive-trial,target-outlier_groups-318620825,outlier_groups,B1_naive_last_frame_state,True,naive-last-frame-admissible,0.9538021758157762,-1e+300,False,True,0.005846805819354886,0.00032190195077249766,0.005846805819354886,False,False,0.9449439641544287,0.0,1.0,0.003074183679935489,1.0,1.0,1.0,True
bayesian-phystwin-prob4d-controlled-decisive-trial,target-outlier_groups-318620826,outlier_groups,B1_naive_last_frame_state,True,naive-last-frame-admissible,0.8847541840262898,-1e+300,False,True,0.006761264262104678,0.00036015887430953283,0.006761264262104678,False,False,0.9467320222449904,0.0,1.0,0.002838781141809488,1.0,1.0,1.0,True
bayesian-phystwin-prob4d-controlled-decisive-trial,target-outlier_groups-318620827,outlier_groups,B1_naive_last_frame_state,True,naive-last-frame-admissible,1.0954671757466088,-1e+300,False,True,0.007094242189008854,0.0007936333296599498,0.007094242189008854,False,False,0.8881299357259709,0.0,1.0,0.005347559354413805,1.0,1.0,1.0,True
bayesian-phystwin-prob4d-controlled-decisive-trial,target-outlier_groups-318620828,outlier_groups,B1_naive_last_frame_state,True,naive-last-frame-admissible,0.5745772468840308,-1e+300,False,True,0.009541211456635394,0.0006600366800830453,0.009541211456635394,False,False,0.9308225498320734,0.0,1.0,0.0019117558917847131,1.0,1.0,1.0,True
bayesian-phystwin-prob4d-controlled-decisive-trial,target-outlier_groups-318620829,outlier_groups,B1_naive_last_frame_state,True,naive-last-frame-admissible,0.8328309179289477,-1e+300,False,True,0.007783334249463878,0.0005338468666851244,0.007783334249463878,False,False,0.9314115455440068,0.0,1.0,0.002894887535666666,1.0,1.0,1.0,True
bayesian-phystwin-prob4d-controlled-decisive-trial,target-outlier_groups-318620830,outlier_groups,B1_naive_last_frame_state,True,naive-last-frame-admissible,0.8905682308492238,-1e+300,False,True,0.009013578109553708,0.0005957392808932274,0.009013578109553708,False,False,0.9339064604918895,0.0,1.0,0.0037096653150327963,1.0,1.0,1.0,True
bayesian-phystwin-prob4d-controlled-decisive-trial,target-outlier_groups-318620831,outlier_groups,B1_naive_last_frame_state,True,naive-last-frame-admissible,1.293848163946018,-1e+300,False,True,0.004055062535084113,0.0004702068596069384,0.004055062535084113,False,False,0.8840444862344928,0.0,1.0,0.009491327982833891,1.0,1.0,1.0,True
bayesian-phystwin-prob4d-controlled-decisive-trial,target-outlier_groups-318620832,outlier_groups,B1_naive_last_frame_state,True,naive-last-frame-admissible,1.0977591572212144,-1e+300,False,True,0.002614853293663056,0.00022092267066088232,0.002614853293663056,False,False,0.91551240324026,0.0,1.0,0.0038144783528795217,1.0,1.0,1.0,True
bayesian-phystwin-prob4d-controlled-decisive-trial,target-outlier_groups-318620833,outlier_groups,B1_naive_last_frame_state,True,naive-last-frame-admissible,1.0702953434316307,-1e+300,False,True,0.006288378144585268,0.0007376544812360686,0.006288378144585268,False,False,0.8826955910927143,0.0,1.0,0.004725752194730047,1.0,1.0,1.0,True
bayesian-phystwin-prob4d-controlled-decisive-trial,target-outlier_groups-318620834,outlier_groups,B1_naive_last_frame_state,True,naive-last-frame-admissible,1.139571729343457,-1e+300,False,True,0.004684203327899956,0.000446182807545458,0.004684203327899956,False,False,0.9047473441453933,0.0,1.0,0.0051052395138314515,1.0,1.0,1.0,True
bayesian-phystwin-prob4d-controlled-decisive-trial,target-outlier_groups-318620835,outlier_groups,B1_naive_last_frame_state,True,naive-last-frame-admissible,0.8311545884085397,-1e+300,False,True,0.007868065380772645,0.0008318545912489579,0.007868065380772645,False,False,0.8942745705593934,0.0,1.0,0.0027704582750206277,1.0,1.0,1.0,True
bayesian-phystwin-prob4d-controlled-decisive-trial,target-outlier_groups-318620836,outlier_groups,B1_naive_last_frame_state,True,naive-last-frame-admissible,0.787789486861053,-1e+300,False,True,0.006350347350129486,0.00035580045595836766,0.006350347350129486,False,False,0.9439714969369175,0.0,1.0,0.0023020805906871136,1.0,1.0,1.0,True
bayesian-phystwin-prob4d-controlled-decisive-trial,target-outlier_groups-318620837,outlier_groups,B1_naive_last_frame_state,True,naive-last-frame-admissible,1.2286621946850989,-1e+300,False,True,0.0008354583458070945,0.0003763676583212855,0.0008354583458070945,False,False,0.5495075724479171,0.0,1.0,0.007106975983052398,1.0,1.0,1.0,True
bayesian-phystwin-prob4d-controlled-decisive-trial,target-outlier_groups-318620838,outlier_groups,B1_naive_last_frame_state,True,naive-last-frame-admissible,0.7354272815653301,-1e+300,False,True,0.004915684377988328,0.00034563609621183084,0.004915684377988328,False,False,0.9296870853304708,0.0,1.0,0.001587565084643421,1.0,1.0,1.0,True
bayesian-phystwin-prob4d-controlled-decisive-trial,target-outlier_groups-318620839,outlier_groups,B1_naive_last_frame_state,True,naive-last-frame-admissible,1.0297084015124636,-1e+300,False,True,0.0022628799646034056,0.0006033009176779449,0.0022628799646034056,False,False,0.7333924348109733,0.0,1.0,0.002670275554498107,1.0,1.0,1.0,True
bayesian-phystwin-prob4d-controlled-decisive-trial,target-outlier_groups-318620840,outlier_groups,B1_naive_last_frame_state,True,naive-last-frame-admissible,0.7019580833422003,-1e+300,False,True,0.005601483911017078,0.0006043048822388997,0.005601483911017078,False,False,0.8921170011663616,0.0,1.0,0.00158081985900777,1.0,1.0,1.0,True
bayesian-phystwin-prob4d-controlled-decisive-trial,target-outlier_groups-318620841,outlier_groups,B1_naive_last_frame_state,True,naive-last-frame-admissible,0.9133175996772963,-1e+300,False,True,0.005069787761840298,0.0009663027613700058,0.005069787761840298,False,False,0.809399760549494,0.0,1.0,0.002239245174922677,1.0,1.0,1.0,True
bayesian-phystwin-prob4d-controlled-decisive-trial,target-outlier_groups-318620842,outlier_groups,B1_naive_last_frame_state,True,naive-last-frame-admissible,0.9754202773264523,-1e+300,False,True,0.0024374765926138907,0.0006843027933222694,0.0024374765926138907,False,False,0.7192576965063531,0.0,1.0,0.0017916219206917435,1.0,1.0,1.0,True
bayesian-phystwin-prob4d-controlled-decisive-trial,target-outlier_groups-318620843,outlier_groups,B1_naive_last_frame_state,True,naive-last-frame-admissible,0.38226504062426453,-1e+300,False,True,0.01096661810052434,0.0007530914293870886,0.01096661810052434,False,False,0.9313287448797837,0.0,1.0,0.0013303972989427719,1.0,1.0,1.0,True
bayesian-phystwin-prob4d-controlled-decisive-trial,target-outlier_groups-318620844,outlier_groups,B1_naive_last_frame_state,True,naive-last-frame-admissible,0.9379345682410875,-1e+300,False,True,0.008060665055709676,0.0008355490675469055,0.008060665055709676,False,False,0.8963424156974424,0.0,1.0,0.00371472599030191,1.0,1.0,1.0,True
bayesian-phystwin-prob4d-controlled-decisive-trial,target-outlier_groups-318620845,outlier_groups,B1_naive_last_frame_state,True,naive-last-frame-admissible,1.1152302196234376,-1e+300,False,True,0.0034769856246215616,0.00022976226669816363,0.0034769856246215616,False,False,0.9339191208985308,0.0,1.0,0.004516118346468743,1.0,1.0,1.0,True
bayesian-phystwin-prob4d-controlled-decisive-trial,target-outlier_groups-318620846,outlier_groups,B1_naive_last_frame_state,True,naive-last-frame-admissible,1.109776141755296,-1e+300,False,True,0.0022690001527822384,0.0002286185544795377,0.0022690001527822384,False,False,0.899242600667432,0.0,1.0,0.003603177402680706,1.0,1.0,1.0,True
bayesian-phystwin-prob4d-controlled-decisive-trial,target-outlier_groups-318620847,outlier_groups,B1_naive_last_frame_state,True,naive-last-frame-admissible,1.0426656824339275,-1e+300,False,True,0.005223493703635257,0.0007328489026620719,0.005223493703635257,False,False,0.8597013906320878,0.0,1.0,0.003774083010610385,1.0,1.0,1.0,True
bayesian-phystwin-prob4d-controlled-decisive-trial,target-outlier_groups-318620848,outlier_groups,B1_naive_last_frame_state,True,naive-last-frame-admissible,0.9504944380757732,-1e+300,False,True,0.008769605870200436,0.0007467096695323492,0.008769605870200436,False,False,0.9148525394887236,0.0,1.0,0.004005593292776926,1.0,1.0,1.0,True
bayesian-phystwin-prob4d-controlled-decisive-trial,target-outlier_groups-318620849,outlier_groups,B1_naive_last_frame_state,True,naive-last-frame-admissible,1.1056378340208197,-1e+300,False,True,0.0025200222035358507,0.0005819047576836196,0.0025200222035358507,False,False,0.7690874481712315,0.0,1.0,0.0032741120713035594,1.0,1.0,1.0,True
bayesian-phystwin-prob4d-controlled-decisive-trial,target-outlier_groups-318620850,outlier_groups,B1_naive_last_frame_state,True,naive-last-frame-admissible,0.889653616192536,-1e+300,False,True,0.0068105593255386775,0.0004679345881965053,0.0068105593255386775,False,False,0.9312927814251887,0.0,1.0,0.003047511103994672,1.0,1.0,1.0,True
bayesian-phystwin-prob4d-controlled-decisive-trial,target-outlier_groups-318620851,outlier_groups,B1_naive_last_frame_state,True,naive-last-frame-admissible,0.7049273665364681,-1e+300,False,True,0.008308912834170488,0.00030211277685491064,0.008308912834170488,False,False,0.963639915006393,0.0,1.0,0.002312133744073072,1.0,1.0,1.0,True
bayesian-phystwin-prob4d-controlled-decisive-trial,target-outlier_groups-318620852,outlier_groups,B1_naive_last_frame_state,True,naive-last-frame-admissible,0.760068118781237,-1e+300,False,True,0.00815946170854626,0.0009385653381703807,0.00815946170854626,False,False,0.8849721499167864,0.0,1.0,0.0024370866837158567,1.0,1.0,1.0,True
bayesian-phystwin-prob4d-controlled-decisive-trial,target-outlier_groups-318620853,outlier_groups,B1_naive_last_frame_state,True,naive-last-frame-admissible,0.9091826621051167,-1e+300,False,True,0.00522498249783747,0.00031234648655494756,0.00522498249783747,False,False,0.9402205678805197,0.0,1.0,0.0026008385764286295,1.0,1.0,1.0,True
bayesian-phystwin-prob4d-controlled-decisive-trial,target-outlier_groups-318620854,outlier_groups,B1_naive_last_frame_state,True,naive-last-frame-admissible,1.123702055395903,-1e+300,False,True,0.0046747177540388115,0.00039566706110891046,0.0046747177540388115,False,False,0.915360224525413,0.0,1.0,0.005571289243298221,1.0,1.0,1.0,True
bayesian-phystwin-prob4d-controlled-decisive-trial,target-outlier_groups-318620855,outlier_groups,B1_naive_last_frame_state,True,naive-last-frame-admissible,0.9516346192040149,-1e+300,False,True,0.007766580735628449,0.0009049362453678213,0.007766580735628449,False,False,0.8834833144505262,0.0,1.0,0.003651979981245767,1.0,1.0,1.0,True
bayesian-phystwin-prob4d-controlled-decisive-trial,target-outlier_groups-318620856,outlier_groups,B1_naive_last_frame_state,True,naive-last-frame-admissible,0.9773003893161272,-1e+300,False,True,0.00723967364554318,0.00031578599148563867,0.00723967364554318,False,False,0.9563811841601396,0.0,1.0,0.003933931424500989,1.0,1.0,1.0,True
bayesian-phystwin-prob4d-controlled-decisive-trial,target-outlier_groups-318620857,outlier_groups,B1_naive_last_frame_state,True,naive-last-frame-admissible,0.991367692515549,-1e+300,False,True,0.005611865404624781,0.0002586951323827508,0.005611865404624781,False,False,0.9539021138729453,0.0,1.0,0.0036040845862362857,1.0,1.0,1.0,True
bayesian-phystwin-prob4d-controlled-decisive-trial,target-outlier_groups-318620858,outlier_groups,B1_naive_last_frame_state,True,naive-last-frame-admissible,1.0672493651127948,-1e+300,False,True,0.004501614660123775,0.0005340925669789631,0.004501614660123775,False,False,0.8813553341848505,0.0,1.0,0.0038056124046842894,1.0,1.0,1.0,True
bayesian-phystwin-prob4d-controlled-decisive-trial,target-outlier_groups-318620859,outlier_groups,B1_naive_last_frame_state,True,naive-last-frame-admissible,1.0393459556485578,-1e+300,False,True,0.006392628308591071,0.0009601481989541628,0.006392628308591071,False,False,0.8498038439582328,0.0,1.0,0.004072143443683235,1.0,1.0,1.0,True
bayesian-phystwin-prob4d-controlled-decisive-trial,target-outlier_groups-318620860,outlier_groups,B1_naive_last_frame_state,True,naive-last-frame-admissible,1.1110174945070923,-1e+300,False,True,0.005726351765468711,0.000905296948291874,0.005726351765468711,False,False,0.8419068570409813,0.0,1.0,0.005033120535977573,1.0,1.0,1.0,True
bayesian-phystwin-prob4d-controlled-decisive-trial,target-outlier_groups-318620861,outlier_groups,B1_naive_last_frame_state,True,naive-last-frame-admissible,1.195486287016684,-1e+300,False,True,0.004273625823784311,0.0005979891822724605,0.004273625823784311,False,False,0.8600745112161132,0.0,1.0,0.006562572393091447,1.0,1.0,1.0,True
bayesian-phystwin-prob4d-controlled-decisive-trial,target-outlier_groups-318620862,outlier_groups,B1_naive_last_frame_state,True,naive-last-frame-admissible,1.0482537602259543,-1e+300,False,True,0.009887514540903426,0.0009407980905274894,0.009887514540903426,False,False,0.9048498905730531,0.0,1.0,0.0056897669337385645,1.0,1.0,1.0,True
bayesian-phystwin-prob4d-controlled-decisive-trial,target-outlier_groups-318620863,outlier_groups,B1_naive_last_frame_state,True,naive-last-frame-admissible,1.1770730160798615,-1e+300,False,True,0.00308407611467401,0.0006299388857910941,0.00308407611467401,False,False,0.7957447020215066,0.0,1.0,0.0048687484812661545,1.0,1.0,1.0,True
bayesian-phystwin-prob4d-controlled-decisive-trial,target-outlier_groups-318620864,outlier_groups,B1_naive_last_frame_state,True,naive-last-frame-admissible,1.0153664872283694,-1e+300,False,True,0.0018251786450019201,0.0004929503682442426,0.0018251786450019201,False,False,0.7299166470119838,0.0,1.0,0.001982172327371023,1.0,1.0,1.0,True
bayesian-phystwin-prob4d-controlled-decisive-trial,target-outlier_groups-318620865,outlier_groups,B1_naive_last_frame_state,True,naive-last-frame-admissible,1.0246585954662348,-1e+300,False,True,0.0026002370655815923,0.00044237829605791587,0.0026002370655815923,False,False,0.8298700138100794,0.0,1.0,0.0024790983532830945,1.0,1.0,1.0,True
bayesian-phystwin-prob4d-controlled-decisive-trial,target-outlier_groups-318620866,outlier_groups,B1_naive_last_frame_state,True,naive-last-frame-admissible,1.0322802215781979,-1e+300,False,True,0.006381164470297762,0.0007952087639926334,0.006381164470297762,False,False,0.8753818730587386,0.0,1.0,0.004031408535052937,1.0,1.0,1.0,True
bayesian-phystwin-prob4d-controlled-decisive-trial,target-outlier_groups-318620867,outlier_groups,B1_naive_last_frame_state,True,naive-last-frame-admissible,1.0676701472110481,-1e+300,False,True,0.00525994850751076,0.0008672581141728206,0.00525994850751076,False,False,0.835120417446207,0.0,1.0,0.003706265547859497,1.0,1.0,1.0,True
bayesian-phystwin-prob4d-controlled-decisive-trial,target-weak_identifiability-318720804,weak_identifiability,B1_naive_last_frame_state,True,naive-last-frame-admissible,0.8721922289491636,-1e+300,False,True,0.010832019976097715,0.006353158154921907,0.010832019976097715,False,False,0.41348352671607036,0.0,0.0,0.003900486114549582,1.0,1.0,1.0,True
bayesian-phystwin-prob4d-controlled-decisive-trial,target-weak_identifiability-318720805,weak_identifiability,B1_naive_last_frame_state,True,naive-last-frame-admissible,0.5685319687646144,-1e+300,False,True,0.011429269540722637,0.007746854207444257,0.011429269540722637,False,False,0.32219166064444327,0.0,0.0,0.0023118877853357017,1.0,1.0,1.0,True
bayesian-phystwin-prob4d-controlled-decisive-trial,target-weak_identifiability-318720806,weak_identifiability,B1_naive_last_frame_state,True,naive-last-frame-admissible,0.655930387617283,-1e+300,False,True,0.007758338809505293,0.004206218232052288,0.007758338809505293,False,False,0.45784550851285954,0.0,0.0,0.002505452143412004,1.0,1.0,1.0,True
bayesian-phystwin-prob4d-controlled-decisive-trial,target-weak_identifiability-318720807,weak_identifiability,B1_naive_last_frame_state,True,naive-last-frame-admissible,0.45761599418649956,-1e+300,False,True,0.008992024054404513,0.0059200473708451735,0.008992024054404513,False,False,0.3416335037554321,0.0,0.0,0.002160714633103729,1.0,1.0,1.0,True
bayesian-phystwin-prob4d-controlled-decisive-trial,target-weak_identifiability-318720808,weak_identifiability,B1_naive_last_frame_state,True,naive-last-frame-admissible,0.6966259285524037,-1e+300,False,True,0.004375259120309621,0.00912841730137245,0.004375259120309621,True,False,-1.0863718125856887,0.0,0.0,0.0032006166323048997,1.0,1.0,1.0,True
bayesian-phystwin-prob4d-controlled-decisive-trial,target-weak_identifiability-318720809,weak_identifiability,B1_naive_last_frame_state,True,naive-last-frame-admissible,0.9534282151234575,-1e+300,False,True,0.011759734922268361,0.00891366860296705,0.011759734922268361,False,False,0.24201789735174817,0.0,0.0,0.003214321259864881,1.0,1.0,1.0,True
bayesian-phystwin-prob4d-controlled-decisive-trial,target-weak_identifiability-318720810,weak_identifiability,B1_naive_last_frame_state,True,naive-last-frame-admissible,0.7298277010940544,-1e+300,False,True,0.002438066949580228,0.005573408294048442,0.002438066949580228,True,False,-1.2859947693429992,0.0,0.0,0.0021439006997090847,1.0,1.0,1.0,True
bayesian-phystwin-prob4d-controlled-decisive-trial,target-weak_identifiability-318720811,weak_identifiability,B1_naive_last_frame_state,True,naive-last-frame-admissible,0.7268188836489523,-1e+300,False,True,0.004100492522023597,0.012355679813188311,0.004100492522023597,True,False,-2.013218472372868,0.0,0.0,0.003547433751033833,1.0,1.0,1.0,True
bayesian-phystwin-prob4d-controlled-decisive-trial,target-weak_identifiability-318720812,weak_identifiability,B1_naive_last_frame_state,True,naive-last-frame-admissible,0.8521394882926062,-1e+300,False,True,0.008504625643186065,0.005436096737284195,0.008504625643186065,False,False,0.36080705190832074,0.0,0.0,0.0028782302699007617,1.0,1.0,1.0,True
bayesian-phystwin-prob4d-controlled-decisive-trial,target-weak_identifiability-318720813,weak_identifiability,B1_naive_last_frame_state,True,naive-last-frame-admissible,0.6541575501338993,-1e+300,False,True,0.010597500123673585,0.0068235496554261334,0.010597500123673585,False,False,0.356117048757271,0.0,0.0,0.002326200504479825,1.0,1.0,1.0,True
bayesian-phystwin-prob4d-controlled-decisive-trial,target-weak_identifiability-318720814,weak_identifiability,B1_naive_last_frame_state,True,naive-last-frame-admissible,0.5873095672787786,-1e+300,False,True,0.0029103265204323786,0.011603927797395282,0.0029103265204323786,True,False,-2.9871566698541168,0.0,0.0,0.00260378565090632,1.0,1.0,1.0,True
bayesian-phystwin-prob4d-controlled-decisive-trial,target-weak_identifiability-318720815,weak_identifiability,B1_naive_last_frame_state,True,naive-last-frame-admissible,0.7889245853440976,-1e+300,False,True,0.007646028675287816,0.0048439512831084395,0.007646028675287816,False,False,0.3664748735818597,0.0,0.0,0.0036491938617692157,1.0,1.0,1.0,True
bayesian-phystwin-prob4d-controlled-decisive-trial,target-weak_identifiability-318720816,weak_identifiability,B1_naive_last_frame_state,True,naive-last-frame-admissible,0.589833473142293,-1e+300,False,True,0.012063719250199155,0.008718831694635552,0.012063719250199155,False,False,0.2772683520058198,0.0,0.0,0.003513563874990796,1.0,1.0,1.0,True
bayesian-phystwin-prob4d-controlled-decisive-trial,target-weak_identifiability-318720817,weak_identifiability,B1_naive_last_frame_state,True,naive-last-frame-admissible,0.6962051248176484,-1e+300,False,True,0.004965553368754771,0.007298458494901025,0.004965553368754771,True,False,-0.469817753007312,0.0,0.0,0.002264214400950201,1.0,1.0,1.0,True
bayesian-phystwin-prob4d-controlled-decisive-trial,target-weak_identifiability-318720818,weak_identifiability,B1_naive_last_frame_state,True,naive-last-frame-admissible,0.8378929956953218,-1e+300,False,True,0.002197753064924715,0.00320630563173472,0.002197753064924715,True,False,-0.458901676856291,0.0,0.0,0.0020425193484990074,1.0,1.0,1.0,True
bayesian-phystwin-prob4d-controlled-decisive-trial,target-weak_identifiability-318720819,weak_identifiability,B1_naive_last_frame_state,True,naive-last-frame-admissible,0.911135716888274,-1e+300,False,True,0.0038674271681587956,0.009633387072748661,0.0038674271681587956,True,False,-1.490903294071579,0.0,0.0,0.002868878390882677,1.0,1.0,1.0,True
bayesian-phystwin-prob4d-controlled-decisive-trial,target-weak_identifiability-318720820,weak_identifiability,B1_naive_last_frame_state,True,naive-last-frame-admissible,0.8295391637487518,-1e+300,False,True,0.007226321525624406,0.009173066037455267,0.007226321525624406,True,False,-0.2693963318581578,0.0,0.0,0.0012841465369350475,1.0,1.0,1.0,True
bayesian-phystwin-prob4d-controlled-decisive-trial,target-weak_identifiability-318720821,weak_identifiability,B1_naive_last_frame_state,True,naive-last-frame-admissible,0.43984833500329706,-1e+300,False,True,0.00904580560149366,0.013567494648400548,0.00904580560149366,True,False,-0.4998658213659002,0.0,0.0,0.002134914381247629,1.0,1.0,1.0,True
bayesian-phystwin-prob4d-controlled-decisive-trial,target-weak_identifiability-318720822,weak_identifiability,B1_naive_last_frame_state,True,naive-last-frame-admissible,0.5813870499581999,-1e+300,False,True,0.00768196353716127,0.011380578564965101,0.00768196353716127,True,False,-0.48146740217027717,0.0,0.0,0.00344953580640841,1.0,1.0,1.0,True
bayesian-phystwin-prob4d-controlled-decisive-trial,target-weak_identifiability-318720823,weak_identifiability,B1_naive_last_frame_state,True,naive-last-frame-admissible,0.25333639249420964,-1e+300,False,True,0.007436957902988697,0.006286998033496747,0.007436957902988697,False,False,0.15462772339074482,0.0,0.0,0.0009730047989192884,1.0,1.0,1.0,True
bayesian-phystwin-prob4d-controlled-decisive-trial,target-weak_identifiability-318720824,weak_identifiability,B1_naive_last_frame_state,True,naive-last-frame-admissible,0.9441556053590384,-1e+300,False,True,0.009116463099661682,0.009878352974763327,0.009116463099661682,True,False,-0.08357296758321975,0.0,0.0,0.0014444685120081127,1.0,1.0,1.0,True
bayesian-phystwin-prob4d-controlled-decisive-trial,target-weak_identifiability-318720825,weak_identifiability,B1_naive_last_frame_state,True,naive-last-frame-admissible,0.8694933341091532,-1e+300,False,True,0.007844080281687885,0.005852846962801335,0.007844080281687885,False,False,0.2538517260634253,0.0,0.0,0.0039976506472618936,1.0,1.0,1.0,True
bayesian-phystwin-prob4d-controlled-decisive-trial,target-weak_identifiability-318720826,weak_identifiability,B1_naive_last_frame_state,True,naive-last-frame-admissible,0.41580248415179577,-1e+300,False,True,0.013177845391582819,0.0031350067537595392,0.013177845391582819,False,False,0.7621002022256245,0.0,0.0,0.0014333207853342769,1.0,1.0,1.0,True
bayesian-phystwin-prob4d-controlled-decisive-trial,target-weak_identifiability-318720827,weak_identifiability,B1_naive_last_frame_state,True,naive-last-frame-admissible,0.6966084596651727,-1e+300,False,True,0.009029261772495972,0.01813066261642865,0.009029261772495972,True,False,-1.0079894761337465,0.0,0.0,0.00356368999524459,1.0,1.0,1.0,True
bayesian-phystwin-prob4d-controlled-decisive-trial,target-weak_identifiability-318720828,weak_identifiability,B1_naive_last_frame_state,True,naive-last-frame-admissible,0.8241419680671528,-1e+300,False,True,0.009711125803584532,0.010791467078385457,0.009711125803584532,True,False,-0.11124778904647226,0.0,0.0,0.003741880094234528,1.0,1.0,1.0,True
bayesian-phystwin-prob4d-controlled-decisive-trial,target-weak_identifiability-318720829,weak_identifiability,B1_naive_last_frame_state,True,naive-last-frame-admissible,0.9154114200645558,-1e+300,False,True,0.006194488124638477,0.006625795001135583,0.006194488124638477,False,False,-0.06962752495748425,0.0,0.0,0.0013899780204175572,1.0,1.0,1.0,True
bayesian-phystwin-prob4d-controlled-decisive-trial,target-weak_identifiability-318720830,weak_identifiability,B1_naive_last_frame_state,True,naive-last-frame-admissible,0.7653137358901456,-1e+300,False,True,0.005978918658666037,0.007880524659485562,0.005978918658666037,True,False,-0.31805182665652687,0.0,0.0,0.0034428016401766522,1.0,1.0,1.0,True
bayesian-phystwin-prob4d-controlled-decisive-trial,target-weak_identifiability-318720831,weak_identifiability,B1_naive_last_frame_state,True,naive-last-frame-admissible,0.6503067341984837,-1e+300,False,True,0.008363184270310874,0.010623566704218297,0.008363184270310874,True,False,-0.27027772686197205,0.0,0.0,0.002367156747522257,1.0,1.0,1.0,True
bayesian-phystwin-prob4d-controlled-decisive-trial,target-weak_identifiability-318720832,weak_identifiability,B1_naive_last_frame_state,True,naive-last-frame-admissible,0.42728159009733035,-1e+300,False,True,0.010990076297439475,0.00956406357974999,0.010990076297439475,False,False,0.1297545785029468,0.0,0.0,0.00226004518458,1.0,1.0,1.0,True
bayesian-phystwin-prob4d-controlled-decisive-trial,target-weak_identifiability-318720833,weak_identifiability,B1_naive_last_frame_state,True,naive-last-frame-admissible,0.5115089973127033,-1e+300,False,True,0.006918107511306053,0.013182174588030763,0.006918107511306053,True,False,-0.9054596313352365,0.0,0.0,0.0026483469465091183,1.0,1.0,1.0,True
bayesian-phystwin-prob4d-controlled-decisive-trial,target-weak_identifiability-318720834,weak_identifiability,B1_naive_last_frame_state,True,naive-last-frame-admissible,1.0423964535752623,-1e+300,False,True,0.000784887873091406,0.0025433587642577134,0.000784887873091406,True,False,-2.240410320317843,0.0,0.0,0.002027241420732741,1.0,1.0,1.0,True
bayesian-phystwin-prob4d-controlled-decisive-trial,target-weak_identifiability-318720835,weak_identifiability,B1_naive_last_frame_state,True,naive-last-frame-admissible,0.6813878753525757,-1e+300,False,True,0.009723354187886965,0.006638625761243737,0.009723354187886965,False,False,0.31724941486612523,0.0,0.0,0.0025367974531312876,1.0,1.0,1.0,True
bayesian-phystwin-prob4d-controlled-decisive-trial,target-weak_identifiability-318720836,weak_identifiability,B1_naive_last_frame_state,True,naive-last-frame-admissible,0.3272524743039459,-1e+300,False,True,0.0071539840836954685,0.009732349479427938,0.0071539840836954685,True,False,-0.3604097193351019,0.0,0.0,0.0012856875049262492,1.0,1.0,1.0,True
bayesian-phystwin-prob4d-controlled-decisive-trial,target-weak_identifiability-318720837,weak_identifiability,B1_naive_last_frame_state,True,naive-last-frame-admissible,0.5882267688462511,-1e+300,False,True,0.01188577620195655,0.009358647335727943,0.01188577620195655,False,False,0.21261790759720078,0.0,0.0,0.0032206376828446772,1.0,1.0,1.0,True
bayesian-phystwin-prob4d-controlled-decisive-trial,target-weak_identifiability-318720838,weak_identifiability,B1_naive_last_frame_state,True,naive-last-frame-admissible,0.5028369983974011,-1e+300,False,True,0.00706815104052288,0.007678560245200394,0.00706815104052288,True,False,-0.08636052076107825,0.0,0.0,0.0019589973293139217,1.0,1.0,1.0,True
bayesian-phystwin-prob4d-controlled-decisive-trial,target-weak_identifiability-318720839,weak_identifiability,B1_naive_last_frame_state,True,naive-last-frame-admissible,0.4755199269590369,-1e+300,False,True,0.002147096083552658,0.01074030219833172,0.002147096083552658,True,False,-4.002245721840473,0.0,0.0,0.001919204762333912,1.0,1.0,1.0,True
bayesian-phystwin-prob4d-controlled-decisive-trial,target-weak_identifiability-318720840,weak_identifiability,B1_naive_last_frame_state,True,naive-last-frame-admissible,0.78789179100321,-1e+300,False,True,0.010592373594068515,0.00884124229149001,0.010592373594068515,False,False,0.16532000944142478,0.0,0.0,0.0028950675367485253,1.0,1.0,1.0,True
bayesian-phystwin-prob4d-controlled-decisive-trial,target-weak_identifiability-318720841,weak_identifiability,B1_naive_last_frame_state,True,naive-last-frame-admissible,0.7425330566137848,-1e+300,False,True,0.006310984910758985,0.012307781890275751,0.006310984910758985,True,False,-0.9502157055221934,0.0,0.0,0.0041757886961911045,1.0,1.0,1.0,True
bayesian-phystwin-prob4d-controlled-decisive-trial,target-weak_identifiability-318720842,weak_identifiability,B1_naive_last_frame_state,True,naive-last-frame-admissible,0.7636625903071972,-1e+300,False,True,0.008706663397201329,0.004016808216083748,0.008706663397201329,False,False,0.538651256763307,0.0,0.0,0.003254769521755014,1.0,1.0,1.0,True
bayesian-phystwin-prob4d-controlled-decisive-trial,target-weak_identifiability-318720843,weak_identifiability,B1_naive_last_frame_state,True,naive-last-frame-admissible,0.44726970304794655,-1e+300,False,True,0.01013784050276278,0.008976859358697863,0.01013784050276278,False,False,0.11451957088381137,0.0,0.0,0.002280324191494453,1.0,1.0,1.0,True
bayesian-phystwin-prob4d-controlled-decisive-trial,target-weak_identifiability-318720844,weak_identifiability,B1_naive_last_frame_state,True,naive-last-frame-admissible,0.5989679525197424,-1e+300,False,True,0.012751653226098255,0.01017645162245842,0.012751653226098255,False,False,0.2019504105059321,0.0,0.0,0.0021117282552741454,1.0,1.0,1.0,True
bayesian-phystwin-prob4d-controlled-decisive-trial,target-weak_identifiability-318720845,weak_identifiability,B1_naive_last_frame_state,True,naive-last-frame-admissible,0.3810584808685032,-1e+300,False,True,0.0032760224775190984,0.010582336209641543,0.0032760224775190984,True,False,-2.2302391947125617,0.0,0.0,0.0014919847022986168,1.0,1.0,1.0,True
bayesian-phystwin-prob4d-controlled-decisive-trial,target-weak_identifiability-318720846,weak_identifiability,B1_naive_last_frame_state,True,naive-last-frame-admissible,0.5208473154435512,-1e+300,False,True,0.011708505014643333,0.009790174571272183,0.011708505014643333,False,False,0.1638407671151847,0.0,0.0,0.00302455036108659,1.0,1.0,1.0,True
bayesian-phystwin-prob4d-controlled-decisive-trial,target-weak_identifiability-318720847,weak_identifiability,B1_naive_last_frame_state,True,naive-last-frame-admissible,0.6834383725583886,-1e+300,False,True,0.004828503931793069,0.019135386130602467,0.004828503931793069,True,False,-2.963005187715882,0.0,0.0,0.004592411741493103,1.0,1.0,1.0,True
bayesian-phystwin-prob4d-controlled-decisive-trial,target-weak_identifiability-318720848,weak_identifiability,B1_naive_last_frame_state,True,naive-last-frame-admissible,0.7079932057668453,-1e+300,False,True,0.007112209845983812,0.010691562770285991,0.007112209845983812,True,False,-0.5032687451317821,0.0,0.0,0.0030943087421316656,1.0,1.0,1.0,True
bayesian-phystwin-prob4d-controlled-decisive-trial,target-weak_identifiability-318720849,weak_identifiability,B1_naive_last_frame_state,True,naive-last-frame-admissible,0.5734563660694891,-1e+300,False,True,0.009048397130844052,0.009981965059068261,0.009048397130844052,True,False,-0.10317495073706207,0.0,0.0,0.00302399487255213,1.0,1.0,1.0,True
bayesian-phystwin-prob4d-controlled-decisive-trial,target-weak_identifiability-318720850,weak_identifiability,B1_naive_last_frame_state,True,naive-last-frame-admissible,0.8974800129291178,-1e+300,False,True,0.005511947407721714,0.003431458302283949,0.005511947407721714,False,False,0.3774508266394555,0.0,0.0,0.0032847427622518916,1.0,1.0,1.0,True
bayesian-phystwin-prob4d-controlled-decisive-trial,target-weak_identifiability-318720851,weak_identifiability,B1_naive_last_frame_state,True,naive-last-frame-admissible,0.6424760819892803,-1e+300,False,True,0.012111453522527465,0.007378196589587444,0.012111453522527465,False,False,0.3908083306546237,0.0,0.0,0.0022188521073489473,1.0,1.0,1.0,True
bayesian-phystwin-prob4d-controlled-decisive-trial,target-weak_identifiability-318720852,weak_identifiability,B1_naive_last_frame_state,True,naive-last-frame-admissible,0.7661893664233093,-1e+300,False,True,0.006740852314074749,0.006915738667927684,0.006740852314074749,False,False,-0.02594424943679252,0.0,0.0,0.0018649710396524178,1.0,1.0,1.0,True
bayesian-phystwin-prob4d-controlled-decisive-trial,target-weak_identifiability-318720853,weak_identifiability,B1_naive_last_frame_state,True,naive-last-frame-admissible,0.8022990090247812,-1e+300,False,True,0.004974569985450818,0.001944434769377378,0.004974569985450818,False,False,0.6091250550169585,0.0,1.0,0.002373950814998673,1.0,1.0,1.0,True
bayesian-phystwin-prob4d-controlled-decisive-trial,target-weak_identifiability-318720854,weak_identifiability,B1_naive_last_frame_state,True,naive-last-frame-admissible,0.7645211784423475,-1e+300,False,True,0.005859704643116196,0.00669331475981263,0.005859704643116196,True,False,-0.14226145641585086,0.0,0.0,0.003269068263297828,1.0,1.0,1.0,True
bayesian-phystwin-prob4d-controlled-decisive-trial,target-weak_identifiability-318720855,weak_identifiability,B1_naive_last_frame_state,True,naive-last-frame-admissible,0.8662740063339771,-1e+300,False,True,0.012298024176974174,0.010676929096153266,0.012298024176974174,False,False,0.13181752267621294,0.0,0.0,0.004669173283785184,1.0,1.0,1.0,True
bayesian-phystwin-prob4d-controlled-decisive-trial,target-weak_identifiability-318720856,weak_identifiability,B1_naive_last_frame_state,True,naive-last-frame-admissible,0.37788070530282963,-1e+300,False,True,0.013874483808568072,0.0136543804299275,0.013874483808568072,False,False,0.015863896753020024,0.0,0.0,0.0025671230458826615,1.0,1.0,1.0,True
bayesian-phystwin-prob4d-controlled-decisive-trial,target-weak_identifiability-318720857,weak_identifiability,B1_naive_last_frame_state,True,naive-last-frame-admissible,0.5466901289575051,-1e+300,False,True,0.007969132026844239,0.016672757927109625,0.007969132026844239,True,False,-1.0921673616332348,0.0,0.0,0.0030664270978035604,1.0,1.0,1.0,True
bayesian-phystwin-prob4d-controlled-decisive-trial,target-weak_identifiability-318720858,weak_identifiability,B1_naive_last_frame_state,True,naive-last-frame-admissible,0.5039108617538847,-1e+300,False,True,0.004254641942214242,0.008519511216925683,0.004254641942214242,True,False,-1.0024038056870834,0.0,0.0,0.0018561962417360672,1.0,1.0,1.0,True
bayesian-phystwin-prob4d-controlled-decisive-trial,target-weak_identifiability-318720859,weak_identifiability,B1_naive_last_frame_state,True,naive-last-frame-admissible,0.6996369867022679,-1e+300,False,True,0.005314578892357473,0.015169471145888052,0.005314578892357473,True,False,-1.8543129104174585,0.0,0.0,0.004104030622176146,1.0,1.0,1.0,True
bayesian-phystwin-prob4d-controlled-decisive-trial,target-weak_identifiability-318720860,weak_identifiability,B1_naive_last_frame_state,True,naive-last-frame-admissible,0.3248148858403527,-1e+300,False,True,0.009798310728306609,0.004541997890391659,0.009798310728306609,False,False,0.5364509233953811,0.0,0.0,0.0011675003072955498,1.0,1.0,1.0,True
bayesian-phystwin-prob4d-controlled-decisive-trial,target-weak_identifiability-318720861,weak_identifiability,B1_naive_last_frame_state,True,naive-last-frame-admissible,1.0335655125290288,-1e+300,False,True,0.0045584441681390175,0.004672791101117428,0.0045584441681390175,False,False,-0.02508464045202774,0.0,0.0,0.0025009385383842502,1.0,1.0,1.0,True
bayesian-phystwin-prob4d-controlled-decisive-trial,target-weak_identifiability-318720862,weak_identifiability,B1_naive_last_frame_state,True,naive-last-frame-admissible,0.5431736599609335,-1e+300,False,True,0.004356659778849663,0.007460285436788475,0.004356659778849663,True,False,-0.7123865106488292,0.0,0.0,0.0014849990184952668,1.0,1.0,1.0,True
bayesian-phystwin-prob4d-controlled-decisive-trial,target-weak_identifiability-318720863,weak_identifiability,B1_naive_last_frame_state,True,naive-last-frame-admissible,0.7291854116596846,-1e+300,False,True,0.004817799018330219,0.007852262743078204,0.004817799018330219,True,False,-0.629844398490431,0.0,0.0,0.0024749886084179944,1.0,1.0,1.0,True
bayesian-phystwin-prob4d-controlled-decisive-trial,target-weak_identifiability-318720864,weak_identifiability,B1_naive_last_frame_state,True,naive-last-frame-admissible,0.6877573953972174,-1e+300,False,True,0.008061278610256703,0.006030615135535833,0.008061278610256703,False,False,0.25190339807101714,0.0,0.0,0.002425049949879994,1.0,1.0,1.0,True
bayesian-phystwin-prob4d-controlled-decisive-trial,target-weak_identifiability-318720865,weak_identifiability,B1_naive_last_frame_state,True,naive-last-frame-admissible,0.37514741765798815,-1e+300,False,True,0.007366649051283098,0.011263402210228996,0.007366649051283098,True,False,-0.5289722819450962,0.0,0.0,0.0017161274236752392,1.0,1.0,1.0,True
bayesian-phystwin-prob4d-controlled-decisive-trial,target-weak_identifiability-318720866,weak_identifiability,B1_naive_last_frame_state,True,naive-last-frame-admissible,0.7621191875379049,-1e+300,False,True,0.009797830312356495,0.004654673020863196,0.009797830312356495,False,False,0.5249281858869332,0.0,0.0,0.0036925054167001505,1.0,1.0,1.0,True
bayesian-phystwin-prob4d-controlled-decisive-trial,target-weak_identifiability-318720867,weak_identifiability,B1_naive_last_frame_state,True,naive-last-frame-admissible,0.6370173284842954,-1e+300,False,True,0.009562833077892656,0.005178133580500255,0.009562833077892656,False,False,0.45851469555909563,0.0,0.0,0.0030979116081765496,1.0,1.0,1.0,True
bayesian-phystwin-prob4d-controlled-decisive-trial,target-large_gauge_uncertainty-318820804,large_gauge_uncertainty,B1_naive_last_frame_state,True,naive-last-frame-admissible,1.389002674511781,-1e+300,False,True,0.003208544168013197,0.00047750072314117103,0.003208544168013197,False,False,0.8511783855427335,0.0,1.0,0.012377285279677547,1.0,1.0,1.0,True
bayesian-phystwin-prob4d-controlled-decisive-trial,target-large_gauge_uncertainty-318820805,large_gauge_uncertainty,B1_naive_last_frame_state,True,naive-last-frame-admissible,1.2418580819016147,-1e+300,False,True,0.006916236402730918,0.0007498977047050349,0.006916236402730918,False,False,0.8915743099225276,0.0,1.0,0.007497291222396843,1.0,1.0,1.0,True
bayesian-phystwin-prob4d-controlled-decisive-trial,target-large_gauge_uncertainty-318820806,large_gauge_uncertainty,B1_naive_last_frame_state,True,naive-last-frame-admissible,1.134770598193193,-1e+300,False,True,0.008860807365412938,0.0008974830705016712,0.008860807365412938,False,False,0.8987131721196326,0.0,1.0,0.006161513931544217,1.0,1.0,1.0,True
bayesian-phystwin-prob4d-controlled-decisive-trial,target-large_gauge_uncertainty-318820807,large_gauge_uncertainty,B1_naive_last_frame_state,True,naive-last-frame-admissible,0.9589099952400002,-1e+300,False,True,0.008406226507531254,0.00033768960804238105,0.008406226507531254,False,False,0.9598286332470533,0.0,1.0,0.004439258841576983,1.0,1.0,1.0,True
bayesian-phystwin-prob4d-controlled-decisive-trial,target-large_gauge_uncertainty-318820808,large_gauge_uncertainty,B1_naive_last_frame_state,True,naive-last-frame-admissible,1.1046885838719571,-1e+300,False,True,0.0039335216063859585,0.0007098860987492844,0.0039335216063859585,False,False,0.8195291217933556,0.0,1.0,0.004023306144121734,1.0,1.0,1.0,True
bayesian-phystwin-prob4d-controlled-decisive-trial,target-large_gauge_uncertainty-318820809,large_gauge_uncertainty,B1_naive_last_frame_state,True,naive-last-frame-admissible,1.0156560242422068,-1e+300,False,True,0.005187583162636318,0.0006135443349951156,0.005187583162636318,False,False,0.8817282893093297,0.0,1.0,0.0033456465300536037,1.0,1.0,1.0,True
bayesian-phystwin-prob4d-controlled-decisive-trial,target-large_gauge_uncertainty-318820810,large_gauge_uncertainty,B1_naive_last_frame_state,True,naive-last-frame-admissible,0.8299427057464297,-1e+300,False,True,0.007870355432871672,0.0006385370820787751,0.007870355432871672,False,False,0.9188680755875608,0.0,1.0,0.002877145686916705,1.0,1.0,1.0,True
bayesian-phystwin-prob4d-controlled-decisive-trial,target-large_gauge_uncertainty-318820811,large_gauge_uncertainty,B1_naive_last_frame_state,True,naive-last-frame-admissible,1.129195534758184,-1e+300,False,True,0.006064391692487632,0.0007880629216758623,0.006064391692487632,False,False,0.8700507880036692,0.0,1.0,0.006391647416355054,1.0,1.0,1.0,True
bayesian-phystwin-prob4d-controlled-decisive-trial,target-large_gauge_uncertainty-318820812,large_gauge_uncertainty,B1_naive_last_frame_state,True,naive-last-frame-admissible,1.2472889532910172,-1e+300,False,True,0.0022313200595366536,0.00027395928020216686,0.0022313200595366536,False,False,0.8772209844879645,0.0,1.0,0.007575076248118084,1.0,1.0,1.0,True
bayesian-phystwin-prob4d-controlled-decisive-trial,target-large_gauge_uncertainty-318820813,large_gauge_uncertainty,B1_naive_last_frame_state,True,naive-last-frame-admissible,1.2493471073358806,-1e+300,False,True,0.005579671363717622,0.00024902562491896005,0.005579671363717622,False,False,0.9553691232536965,0.0,1.0,0.007514818375391657,1.0,1.0,1.0,True
bayesian-phystwin-prob4d-controlled-decisive-trial,target-large_gauge_uncertainty-318820814,large_gauge_uncertainty,B1_naive_last_frame_state,True,naive-last-frame-admissible,1.1137079843045663,-1e+300,False,True,0.008426253682023236,0.0004719335729979912,0.008426253682023236,False,False,0.9439924798365821,0.0,1.0,0.006803591174428886,1.0,1.0,1.0,True
bayesian-phystwin-prob4d-controlled-decisive-trial,target-large_gauge_uncertainty-318820815,large_gauge_uncertainty,B1_naive_last_frame_state,True,naive-last-frame-admissible,0.9175200586533586,-1e+300,False,True,0.00703920566495709,0.0009221972624346398,0.00703920566495709,False,False,0.8689912887436197,0.0,1.0,0.0029766792805099966,1.0,1.0,1.0,True
bayesian-phystwin-prob4d-controlled-decisive-trial,target-large_gauge_uncertainty-318820816,large_gauge_uncertainty,B1_naive_last_frame_state,True,naive-last-frame-admissible,1.0173294746986363,-1e+300,False,True,0.006032023134716629,0.0007947062619253055,0.006032023134716629,False,False,0.8682521196990338,0.0,1.0,0.0037629148570442416,1.0,1.0,1.0,True
bayesian-phystwin-prob4d-controlled-decisive-trial,target-large_gauge_uncertainty-318820817,large_gauge_uncertainty,B1_naive_last_frame_state,True,naive-last-frame-admissible,0.7200724555180287,-1e+300,False,True,0.009518834591408046,0.0013019875331263394,0.009518834591408046,False,False,0.8632198594666675,0.0,1.0,0.002575948030772633,1.0,1.0,1.0,True
bayesian-phystwin-prob4d-controlled-decisive-trial,target-large_gauge_uncertainty-318820818,large_gauge_uncertainty,B1_naive_last_frame_state,True,naive-last-frame-admissible,1.0547649606233194,-1e+300,False,True,0.007572083243515794,0.0004816679639108545,0.007572083243515794,False,False,0.936388976663282,0.0,1.0,0.005191260164464814,1.0,1.0,1.0,True
bayesian-phystwin-prob4d-controlled-decisive-trial,target-large_gauge_uncertainty-318820819,large_gauge_uncertainty,B1_naive_last_frame_state,True,naive-last-frame-admissible,0.8331684641790589,-1e+300,False,True,0.009971296972132579,0.0010190724042029363,0.009971296972132579,False,False,0.8977994129498897,0.0,1.0,0.0034445055342245436,1.0,1.0,1.0,True
bayesian-phystwin-prob4d-controlled-decisive-trial,target-large_gauge_uncertainty-318820820,large_gauge_uncertainty,B1_naive_last_frame_state,True,naive-last-frame-admissible,1.162529262207468,-1e+300,False,True,0.004300627029193142,0.0005218167188913805,0.004300627029193142,False,False,0.8786649678409149,0.0,1.0,0.006166178040705861,1.0,1.0,1.0,True
bayesian-phystwin-prob4d-controlled-decisive-trial,target-large_gauge_uncertainty-318820821,large_gauge_uncertainty,B1_naive_last_frame_state,True,naive-last-frame-admissible,1.1795666130309905,-1e+300,False,True,0.006233141565414859,0.00026353822002072225,0.006233141565414859,False,False,0.9577198404279814,0.0,1.0,0.0068246135328873525,1.0,1.0,1.0,True
bayesian-phystwin-prob4d-controlled-decisive-trial,target-large_gauge_uncertainty-318820822,large_gauge_uncertainty,B1_naive_last_frame_state,True,naive-last-frame-admissible,1.1145271272418729,-1e+300,False,True,0.002110666113158798,0.0004921842173862275,0.002110666113158798,False,False,0.7668109539837968,0.0,1.0,0.004356575478567887,1.0,1.0,1.0,True
bayesian-phystwin-prob4d-controlled-decisive-trial,target-large_gauge_uncertainty-318820823,large_gauge_uncertainty,B1_naive_last_frame_state,True,naive-last-frame-admissible,1.229252269247811,-1e+300,False,True,0.005255020669681619,0.0005620666399977501,0.005255020669681619,False,False,0.8930419735091539,0.0,1.0,0.007385680211702942,1.0,1.0,1.0,True
bayesian-phystwin-prob4d-controlled-decisive-trial,target-large_gauge_uncertainty-318820824,large_gauge_uncertainty,B1_naive_last_frame_state,True,naive-last-frame-admissible,0.9015592850699073,-1e+300,False,True,0.008645058496188364,0.0013122226525506496,0.008645058496188364,False,False,0.8482112465601923,0.0,1.0,0.0032474117695280493,1.0,1.0,1.0,True
bayesian-phystwin-prob4d-controlled-decisive-trial,target-large_gauge_uncertainty-318820825,large_gauge_uncertainty,B1_naive_last_frame_state,True,naive-last-frame-admissible,1.0839608959985132,-1e+300,False,True,0.001581112223102546,0.0004603584123031314,0.001581112223102546,False,False,0.7088388758390656,0.0,1.0,0.0024420461185442987,1.0,1.0,1.0,True
bayesian-phystwin-prob4d-controlled-decisive-trial,target-large_gauge_uncertainty-318820826,large_gauge_uncertainty,B1_naive_last_frame_state,True,naive-last-frame-admissible,1.0949412844112945,-1e+300,False,True,0.006236229621879177,0.0007982663796527218,0.006236229621879177,False,False,0.8719953516701686,0.0,1.0,0.004911186680076177,1.0,1.0,1.0,True
bayesian-phystwin-prob4d-controlled-decisive-trial,target-large_gauge_uncertainty-318820827,large_gauge_uncertainty,B1_naive_last_frame_state,True,naive-last-frame-admissible,1.2048882472335698,-1e+300,False,True,0.003888762769784036,0.0007493401701122612,0.003888762769784036,False,False,0.8073062785072189,0.0,1.0,0.00697699336690693,1.0,1.0,1.0,True
bayesian-phystwin-prob4d-controlled-decisive-trial,target-large_gauge_uncertainty-318820828,large_gauge_uncertainty,B1_naive_last_frame_state,True,naive-last-frame-admissible,1.0526680337207512,-1e+300,False,True,0.008685361805923742,0.0008651365808417807,0.008685361805923742,False,False,0.9003914171713923,0.0,1.0,0.00532811835555085,1.0,1.0,1.0,True
bayesian-phystwin-prob4d-controlled-decisive-trial,target-large_gauge_uncertainty-318820829,large_gauge_uncertainty,B1_naive_last_frame_state,True,naive-last-frame-admissible,1.0796234757325474,-1e+300,False,True,0.006897989913279833,0.0009338207371036894,0.006897989913279833,False,False,0.86462422403577,0.0,1.0,0.005246850267372079,1.0,1.0,1.0,True
bayesian-phystwin-prob4d-controlled-decisive-trial,target-large_gauge_uncertainty-318820830,large_gauge_uncertainty,B1_naive_last_frame_state,True,naive-last-frame-admissible,1.2343732309921822,-1e+300,False,True,0.005022418521652246,0.00048264351935981415,0.005022418521652246,False,False,0.9039021703828384,0.0,1.0,0.008795980941553847,1.0,1.0,1.0,True
bayesian-phystwin-prob4d-controlled-decisive-trial,target-large_gauge_uncertainty-318820831,large_gauge_uncertainty,B1_naive_last_frame_state,True,naive-last-frame-admissible,1.1272010311753073,-1e+300,False,True,0.006324305137501519,0.0006911840366545964,0.006324305137501519,False,False,0.8907098848605437,0.0,1.0,0.0062135425413672235,1.0,1.0,1.0,True
bayesian-phystwin-prob4d-controlled-decisive-trial,target-large_gauge_uncertainty-318820832,large_gauge_uncertainty,B1_naive_last_frame_state,True,naive-last-frame-admissible,1.2621096277953707,-1e+300,False,True,0.005013513387207691,0.0006527965300002061,0.005013513387207691,False,False,0.869792602595645,0.0,1.0,0.009789288186429972,1.0,1.0,1.0,True
bayesian-phystwin-prob4d-controlled-decisive-trial,target-large_gauge_uncertainty-318820833,large_gauge_uncertainty,B1_naive_last_frame_state,True,naive-last-frame-admissible,1.0633049489623334,-1e+300,False,True,0.005652409049342764,0.0008339012246673072,0.005652409049342764,False,False,0.8524697668927076,0.0,1.0,0.004300130689537423,1.0,1.0,1.0,True
bayesian-phystwin-prob4d-controlled-decisive-trial,target-large_gauge_uncertainty-318820834,large_gauge_uncertainty,B1_naive_last_frame_state,True,naive-last-frame-admissible,0.9967816171635582,-1e+300,False,True,0.00650226565184264,0.000415607740423001,0.00650226565184264,False,False,0.9360826267832929,0.0,1.0,0.003992784280220207,1.0,1.0,1.0,True
bayesian-phystwin-prob4d-controlled-decisive-trial,target-large_gauge_uncertainty-318820835,large_gauge_uncertainty,B1_naive_last_frame_state,True,naive-last-frame-admissible,1.1794841122416668,-1e+300,False,True,0.006434855856801756,0.0007238241715347339,0.006434855856801756,False,False,0.8875150916131805,0.0,1.0,0.006678345065194856,1.0,1.0,1.0,True
bayesian-phystwin-prob4d-controlled-decisive-trial,target-large_gauge_uncertainty-318820836,large_gauge_uncertainty,B1_naive_last_frame_state,True,naive-last-frame-admissible,1.0484774478427878,-1e+300,False,True,0.007610867052853091,0.0011617887864365773,0.007610867052853091,False,False,0.8473513230005697,0.0,1.0,0.004933753681658621,1.0,1.0,1.0,True
bayesian-phystwin-prob4d-controlled-decisive-trial,target-large_gauge_uncertainty-318820837,large_gauge_uncertainty,B1_naive_last_frame_state,True,naive-last-frame-admissible,1.1157118733068268,-1e+300,False,True,0.006484737254868813,0.0007429008526620542,0.006484737254868813,False,False,0.885438557729648,0.0,1.0,0.005850672591704566,1.0,1.0,1.0,True
bayesian-phystwin-prob4d-controlled-decisive-trial,target-large_gauge_uncertainty-318820838,large_gauge_uncertainty,B1_naive_last_frame_state,True,naive-last-frame-admissible,1.1630502259572224,-1e+300,False,True,0.004805794897438854,0.0003772844954238896,0.004805794897438854,False,False,0.9214938416067329,0.0,1.0,0.0062065238330912985,1.0,1.0,1.0,True
bayesian-phystwin-prob4d-controlled-decisive-trial,target-large_gauge_uncertainty-318820839,large_gauge_uncertainty,B1_naive_last_frame_state,True,naive-last-frame-admissible,1.2345321758262269,-1e+300,False,True,0.0023631404348923987,0.0004078787689598831,0.0023631404348923987,False,False,0.8273996911324252,0.0,1.0,0.007258029509688685,1.0,1.0,1.0,True
bayesian-phystwin-prob4d-controlled-decisive-trial,target-large_gauge_uncertainty-318820840,large_gauge_uncertainty,B1_naive_last_frame_state,True,naive-last-frame-admissible,0.9458627170726064,-1e+300,False,True,0.003289812336650303,0.0011606934831183053,0.003289812336650303,False,False,0.6471855035050034,0.0,1.0,0.0015118251193525292,1.0,1.0,1.0,True
bayesian-phystwin-prob4d-controlled-decisive-trial,target-large_gauge_uncertainty-318820841,large_gauge_uncertainty,B1_naive_last_frame_state,True,naive-last-frame-admissible,1.193191289285662,-1e+300,False,True,0.007063471508786917,0.0006509662141320205,0.007063471508786917,False,False,0.9078404700405145,0.0,1.0,0.006620233570218973,1.0,1.0,1.0,True
bayesian-phystwin-prob4d-controlled-decisive-trial,target-large_gauge_uncertainty-318820842,large_gauge_uncertainty,B1_naive_last_frame_state,True,naive-last-frame-admissible,0.9583671098290317,-1e+300,False,True,0.005211124837933684,0.0009068752876842185,0.005211124837933684,False,False,0.8259732177047954,0.0,1.0,0.0027923790648686484,1.0,1.0,1.0,True
bayesian-phystwin-prob4d-controlled-decisive-trial,target-large_gauge_uncertainty-318820843,large_gauge_uncertainty,B1_naive_last_frame_state,True,naive-last-frame-admissible,1.1891921943498036,-1e+300,False,True,0.007316871318338119,0.0006875228518249377,0.007316871318338119,False,False,0.9060359514452831,0.0,1.0,0.006503501940356478,1.0,1.0,1.0,True
bayesian-phystwin-prob4d-controlled-decisive-trial,target-large_gauge_uncertainty-318820844,large_gauge_uncertainty,B1_naive_last_frame_state,True,naive-last-frame-admissible,0.7716734886790569,-1e+300,False,True,0.010486765824421004,0.0008937397334623429,0.010486765824421004,False,False,0.9147745121397628,0.0,1.0,0.0030632683034115434,1.0,1.0,1.0,True
bayesian-phystwin-prob4d-controlled-decisive-trial,target-large_gauge_uncertainty-318820845,large_gauge_uncertainty,B1_naive_last_frame_state,True,naive-last-frame-admissible,1.3423818359669393,-1e+300,False,True,0.0029775568493492516,0.0010172093202431276,0.0029775568493492516,False,False,0.6583745091330699,0.0,1.0,0.010511468617659786,1.0,1.0,1.0,True
bayesian-phystwin-prob4d-controlled-decisive-trial,target-large_gauge_uncertainty-318820846,large_gauge_uncertainty,B1_naive_last_frame_state,True,naive-last-frame-admissible,1.2511084664095848,-1e+300,False,True,0.0025425345516235306,0.000416239133408873,0.0025425345516235306,False,False,0.8362896845814409,0.0,1.0,0.007240375084700156,1.0,1.0,1.0,True
bayesian-phystwin-prob4d-controlled-decisive-trial,target-large_gauge_uncertainty-318820847,large_gauge_uncertainty,B1_naive_last_frame_state,True,naive-last-frame-admissible,1.3074164544957194,-1e+300,False,True,0.005437260320502768,0.0009285158921519292,0.005437260320502768,False,False,0.829230929287919,0.0,1.0,0.009770756409673252,1.0,1.0,1.0,True
bayesian-phystwin-prob4d-controlled-decisive-trial,target-large_gauge_uncertainty-318820848,large_gauge_uncertainty,B1_naive_last_frame_state,True,naive-last-frame-admissible,0.788929353576718,-1e+300,False,True,0.010211946488097081,0.00156602130307591,0.010211946488097081,False,False,0.8466481091630038,0.0,1.0,0.003100505592936415,1.0,1.0,1.0,True
bayesian-phystwin-prob4d-controlled-decisive-trial,target-large_gauge_uncertainty-318820849,large_gauge_uncertainty,B1_naive_last_frame_state,True,naive-last-frame-admissible,1.1389132231632708,-1e+300,False,True,0.0024715237386950923,0.0006712426738930498,0.0024715237386950923,False,False,0.7284093762144277,0.0,1.0,0.005132576293341699,1.0,1.0,1.0,True
bayesian-phystwin-prob4d-controlled-decisive-trial,target-large_gauge_uncertainty-318820850,large_gauge_uncertainty,B1_naive_last_frame_state,True,naive-last-frame-admissible,0.9333909420558274,-1e+300,False,True,0.006717968335600244,0.001005453145995289,0.006717968335600244,False,False,0.8503337473820569,0.0,1.0,0.003012082435273704,1.0,1.0,1.0,True
bayesian-phystwin-prob4d-controlled-decisive-trial,target-large_gauge_uncertainty-318820851,large_gauge_uncertainty,B1_naive_last_frame_state,True,naive-last-frame-admissible,1.1593048578334422,-1e+300,False,True,0.0009552741580587617,0.0005485832390020055,0.0009552741580587617,False,False,0.42573214780896385,0.0,1.0,0.004440890410003641,1.0,1.0,1.0,True
bayesian-phystwin-prob4d-controlled-decisive-trial,target-large_gauge_uncertainty-318820852,large_gauge_uncertainty,B1_naive_last_frame_state,True,naive-last-frame-admissible,0.7190829778151238,-1e+300,False,True,0.00709944720288371,0.00042317537365368744,0.00709944720288371,False,False,0.9403931937853135,0.0,1.0,0.002025047629485716,1.0,1.0,1.0,True
bayesian-phystwin-prob4d-controlled-decisive-trial,target-large_gauge_uncertainty-318820853,large_gauge_uncertainty,B1_naive_last_frame_state,True,naive-last-frame-admissible,0.7184519440059919,-1e+300,False,True,0.008458536144158972,0.000594745152271317,0.008458536144158972,False,False,0.9296869881342273,0.0,1.0,0.002286119200894294,1.0,1.0,1.0,True
bayesian-phystwin-prob4d-controlled-decisive-trial,target-large_gauge_uncertainty-318820854,large_gauge_uncertainty,B1_naive_last_frame_state,True,naive-last-frame-admissible,1.016578343409956,-1e+300,False,True,0.00821438844713705,0.0007743582146535119,0.00821438844713705,False,False,0.905731483282435,0.0,1.0,0.004617477591570681,1.0,1.0,1.0,True
bayesian-phystwin-prob4d-controlled-decisive-trial,target-large_gauge_uncertainty-318820855,large_gauge_uncertainty,B1_naive_last_frame_state,True,naive-last-frame-admissible,1.104882863711021,-1e+300,False,True,0.00952465845083217,0.0007435571544750372,0.00952465845083217,False,False,0.9219334574238647,0.0,1.0,0.006165375828872703,1.0,1.0,1.0,True
bayesian-phystwin-prob4d-controlled-decisive-trial,target-large_gauge_uncertainty-318820856,large_gauge_uncertainty,B1_naive_last_frame_state,True,naive-last-frame-admissible,1.0122477620115338,-1e+300,False,True,0.0075035069910854135,0.0002251996992299924,0.0075035069910854135,False,False,0.9699874072886795,0.0,1.0,0.004698720080814387,1.0,1.0,1.0,True
bayesian-phystwin-prob4d-controlled-decisive-trial,target-large_gauge_uncertainty-318820857,large_gauge_uncertainty,B1_naive_last_frame_state,True,naive-last-frame-admissible,1.0335782418869086,-1e+300,False,True,0.009330560717990356,0.0006186550721149401,0.009330560717990356,False,False,0.933695831278167,0.0,1.0,0.005199159803589138,1.0,1.0,1.0,True
bayesian-phystwin-prob4d-controlled-decisive-trial,target-large_gauge_uncertainty-318820858,large_gauge_uncertainty,B1_naive_last_frame_state,True,naive-last-frame-admissible,1.147433170366459,-1e+300,False,True,0.009117919351208736,0.001003307293051818,0.009117919351208736,False,False,0.8899631314551151,0.0,1.0,0.006293399826754109,1.0,1.0,1.0,True
bayesian-phystwin-prob4d-controlled-decisive-trial,target-large_gauge_uncertainty-318820859,large_gauge_uncertainty,B1_naive_last_frame_state,True,naive-last-frame-admissible,1.097878701548855,-1e+300,False,True,0.008360857045296724,0.0008260490918921623,0.008360857045296724,False,False,0.9012004286860946,0.0,1.0,0.0055333252016007,1.0,1.0,1.0,True
bayesian-phystwin-prob4d-controlled-decisive-trial,target-large_gauge_uncertainty-318820860,large_gauge_uncertainty,B1_naive_last_frame_state,True,naive-last-frame-admissible,1.0610971191771488,-1e+300,False,True,0.005971258625941111,0.0008653750714480003,0.005971258625941111,False,False,0.8550766051752429,0.0,1.0,0.004346373437769465,1.0,1.0,1.0,True
bayesian-phystwin-prob4d-controlled-decisive-trial,target-large_gauge_uncertainty-318820861,large_gauge_uncertainty,B1_naive_last_frame_state,True,naive-last-frame-admissible,1.0874320762759209,-1e+300,False,True,0.003522802795236866,0.0007481509756819572,0.003522802795236866,False,False,0.7876262115229606,0.0,1.0,0.003957466049869366,1.0,1.0,1.0,True
bayesian-phystwin-prob4d-controlled-decisive-trial,target-large_gauge_uncertainty-318820862,large_gauge_uncertainty,B1_naive_last_frame_state,True,naive-last-frame-admissible,1.2928310694458425,-1e+300,False,True,0.005195257763743167,0.0004599673460796159,0.005195257763743167,False,False,0.9114639990936252,0.0,1.0,0.01017138747330543,1.0,1.0,1.0,True
bayesian-phystwin-prob4d-controlled-decisive-trial,target-large_gauge_uncertainty-318820863,large_gauge_uncertainty,B1_naive_last_frame_state,True,naive-last-frame-admissible,1.0995773159038045,-1e+300,False,True,0.00621319358371174,0.0005555116096873236,0.00621319358371174,False,False,0.9105916140865736,0.0,1.0,0.0054513253452662695,1.0,1.0,1.0,True
bayesian-phystwin-prob4d-controlled-decisive-trial,target-large_gauge_uncertainty-318820864,large_gauge_uncertainty,B1_naive_last_frame_state,True,naive-last-frame-admissible,0.947219106814779,-1e+300,False,True,0.006772358656203738,0.0008148456502163772,0.006772358656203738,False,False,0.8796806708590444,0.0,1.0,0.0032826103066814667,1.0,1.0,1.0,True
bayesian-phystwin-prob4d-controlled-decisive-trial,target-large_gauge_uncertainty-318820865,large_gauge_uncertainty,B1_naive_last_frame_state,True,naive-last-frame-admissible,1.155041133537441,-1e+300,False,True,0.0038006367014175053,0.0004503177389207067,0.0038006367014175053,False,False,0.8815151843498343,0.0,1.0,0.005182916977887257,1.0,1.0,1.0,True
bayesian-phystwin-prob4d-controlled-decisive-trial,target-large_gauge_uncertainty-318820866,large_gauge_uncertainty,B1_naive_last_frame_state,True,naive-last-frame-admissible,0.7800643072599861,-1e+300,False,True,0.008980113215636038,0.000651622639686922,0.008980113215636038,False,False,0.927437146499186,0.0,1.0,0.002862222052590572,1.0,1.0,1.0,True
bayesian-phystwin-prob4d-controlled-decisive-trial,target-large_gauge_uncertainty-318820867,large_gauge_uncertainty,B1_naive_last_frame_state,True,naive-last-frame-admissible,1.25842666877155,-1e+300,False,True,0.002621174491785892,0.0007220115981928405,0.002621174491785892,False,False,0.7245465342137867,0.0,1.0,0.008784750769019497,1.0,1.0,1.0,True
bayesian-phystwin-prob4d-controlled-decisive-trial,target-mixed_stress-318920804,mixed_stress,B1_naive_last_frame_state,True,naive-last-frame-admissible,1.142491847649567,-1e+300,False,True,0.004257484019844301,0.0007508273230584626,0.004257484019844301,False,False,0.8236452985944688,0.0,1.0,0.005071816036089173,1.0,1.0,1.0,True
bayesian-phystwin-prob4d-controlled-decisive-trial,target-mixed_stress-318920805,mixed_stress,B1_naive_last_frame_state,True,naive-last-frame-admissible,1.234468622261259,-1e+300,False,True,0.008249428258314363,0.0007791848123880856,0.008249428258314363,False,False,0.9055468102770919,0.0,1.0,0.008674259668369145,1.0,1.0,1.0,True
bayesian-phystwin-prob4d-controlled-decisive-trial,target-mixed_stress-318920806,mixed_stress,B1_naive_last_frame_state,True,naive-last-frame-admissible,0.9657243603964754,-1e+300,False,True,0.009047445800643058,0.0007078248574781391,0.009047445800643058,False,False,0.9217652282119414,0.0,1.0,0.004322165792771213,1.0,1.0,1.0,True
bayesian-phystwin-prob4d-controlled-decisive-trial,target-mixed_stress-318920807,mixed_stress,B1_naive_last_frame_state,True,naive-last-frame-admissible,1.2090434801083618,-1e+300,False,True,0.0068395487857424485,0.0005274960742173046,0.0068395487857424485,False,False,0.9228756032390748,0.0,1.0,0.008031999702997086,1.0,1.0,1.0,True
bayesian-phystwin-prob4d-controlled-decisive-trial,target-mixed_stress-318920808,mixed_stress,B1_naive_last_frame_state,True,naive-last-frame-admissible,1.2325871188773123,-1e+300,False,True,0.007504565343587711,0.0006274759768725479,0.007504565343587711,False,False,0.9163874324302211,0.0,1.0,0.008063597424637177,1.0,1.0,1.0,True
bayesian-phystwin-prob4d-controlled-decisive-trial,target-mixed_stress-318920809,mixed_stress,B1_naive_last_frame_state,True,naive-last-frame-admissible,1.2254705496058789,-1e+300,False,True,0.007853150002300262,0.0006607920183544061,0.007853150002300262,False,False,0.9158564374600188,0.0,1.0,0.008317020203554947,1.0,1.0,1.0,True
bayesian-phystwin-prob4d-controlled-decisive-trial,target-mixed_stress-318920810,mixed_stress,B1_naive_last_frame_state,True,naive-last-frame-admissible,1.19517354106698,-1e+300,False,True,0.0022596819915972756,0.00043402695629915505,0.0022596819915972756,False,False,0.8079256470985285,0.0,1.0,0.0059044017845748115,1.0,1.0,1.0,True
bayesian-phystwin-prob4d-controlled-decisive-trial,target-mixed_stress-318920811,mixed_stress,B1_naive_last_frame_state,True,naive-last-frame-admissible,1.1148890897448132,-1e+300,False,True,0.0022713007412238093,0.0008250035625798672,0.0022713007412238093,False,False,0.6367704427660498,0.0,1.0,0.0042839136238317765,1.0,1.0,1.0,True
bayesian-phystwin-prob4d-controlled-decisive-trial,target-mixed_stress-318920812,mixed_stress,B1_naive_last_frame_state,True,naive-last-frame-admissible,1.0000875268529277,-1e+300,False,True,0.006065894510441812,0.0004912273368998395,0.006065894510441812,False,False,0.9190181537027652,0.0,1.0,0.0037244754540509146,1.0,1.0,1.0,True
bayesian-phystwin-prob4d-controlled-decisive-trial,target-mixed_stress-318920813,mixed_stress,B1_naive_last_frame_state,True,naive-last-frame-admissible,1.2058539249728764,-1e+300,False,True,0.005196554670634641,0.0006687831623942267,0.005196554670634641,False,False,0.8713025831954636,0.0,1.0,0.006929290313484354,1.0,1.0,1.0,True
bayesian-phystwin-prob4d-controlled-decisive-trial,target-mixed_stress-318920814,mixed_stress,B1_naive_last_frame_state,True,naive-last-frame-admissible,1.1327812707036813,-1e+300,False,True,0.004000548116104895,0.0005077750742205918,0.004000548116104895,False,False,0.8730736240425516,0.0,1.0,0.004622574226614976,1.0,1.0,1.0,True
bayesian-phystwin-prob4d-controlled-decisive-trial,target-mixed_stress-318920815,mixed_stress,B1_naive_last_frame_state,True,naive-last-frame-admissible,1.2462748203910556,-1e+300,False,True,0.0036569750609246323,0.00012171149712928209,0.0036569750609246323,False,False,0.9667179854656957,0.0,1.0,0.007903394113359092,1.0,1.0,1.0,True
bayesian-phystwin-prob4d-controlled-decisive-trial,target-mixed_stress-318920816,mixed_stress,B1_naive_last_frame_state,True,naive-last-frame-admissible,1.2006972235657403,-1e+300,False,True,0.0031286479700473506,0.0004490591258145908,0.0031286479700473506,False,False,0.8564686311423543,0.0,1.0,0.006693486718402693,1.0,1.0,1.0,True
bayesian-phystwin-prob4d-controlled-decisive-trial,target-mixed_stress-318920817,mixed_stress,B1_naive_last_frame_state,True,naive-last-frame-admissible,1.0624996370687048,-1e+300,False,True,0.009844958256679992,0.0008751631856198537,0.009844958256679992,False,False,0.9111054447563515,0.0,1.0,0.00535195080011579,1.0,1.0,1.0,True
bayesian-phystwin-prob4d-controlled-decisive-trial,target-mixed_stress-318920818,mixed_stress,B1_naive_last_frame_state,True,naive-last-frame-admissible,1.033472237728038,-1e+300,False,True,0.004738162015447977,0.0005803458522485376,0.004738162015447977,False,False,0.8775166720014178,0.0,1.0,0.003441120177289907,1.0,1.0,1.0,True
bayesian-phystwin-prob4d-controlled-decisive-trial,target-mixed_stress-318920819,mixed_stress,B1_naive_last_frame_state,True,naive-last-frame-admissible,1.0862701598968902,-1e+300,False,True,0.004361678906036321,0.0003109671092060575,0.004361678906036321,False,False,0.9287047222170123,0.0,1.0,0.0043800997272095965,1.0,1.0,1.0,True
bayesian-phystwin-prob4d-controlled-decisive-trial,target-mixed_stress-318920820,mixed_stress,B1_naive_last_frame_state,True,naive-last-frame-admissible,0.9552797955151251,-1e+300,False,True,0.006556581742314347,0.00037840087104083986,0.006556581742314347,False,False,0.9422868674695617,0.0,1.0,0.0035268365912211664,1.0,1.0,1.0,True
bayesian-phystwin-prob4d-controlled-decisive-trial,target-mixed_stress-318920821,mixed_stress,B1_naive_last_frame_state,True,naive-last-frame-admissible,1.228631954512925,-1e+300,False,True,0.0016691815698563152,0.0001359740694012385,0.0016691815698563152,False,False,0.9185384790625604,0.0,1.0,0.008407981408993246,1.0,1.0,1.0,True
bayesian-phystwin-prob4d-controlled-decisive-trial,target-mixed_stress-318920822,mixed_stress,B1_naive_last_frame_state,True,naive-last-frame-admissible,1.0277212959330055,-1e+300,False,True,0.003042062866155528,0.0005018779530206992,0.003042062866155528,False,False,0.8350205189365603,0.0,1.0,0.002696188242283544,1.0,1.0,1.0,True
bayesian-phystwin-prob4d-controlled-decisive-trial,target-mixed_stress-318920823,mixed_stress,B1_naive_last_frame_state,True,naive-last-frame-admissible,1.1889427245983388,-1e+300,False,True,0.006831596039747789,0.001133609990359993,0.006831596039747789,False,False,0.8340636677338076,0.0,1.0,0.007273531412056745,1.0,1.0,1.0,True
bayesian-phystwin-prob4d-controlled-decisive-trial,target-mixed_stress-318920824,mixed_stress,B1_naive_last_frame_state,True,naive-last-frame-admissible,1.157588765476785,-1e+300,False,True,0.008372421099677377,0.0007473893450351078,0.008372421099677377,False,False,0.910731993035574,0.0,1.0,0.00665348117792688,1.0,1.0,1.0,True
bayesian-phystwin-prob4d-controlled-decisive-trial,target-mixed_stress-318920825,mixed_stress,B1_naive_last_frame_state,True,naive-last-frame-admissible,1.1548540151872257,-1e+300,False,True,0.008011887347319231,0.00048516205168543466,0.008011887347319231,False,False,0.9394447237394359,0.0,1.0,0.006850761297538935,1.0,1.0,1.0,True
bayesian-phystwin-prob4d-controlled-decisive-trial,target-mixed_stress-318920826,mixed_stress,B1_naive_last_frame_state,True,naive-last-frame-admissible,1.0510558885854324,-1e+300,False,True,0.007749819701490868,0.0009619775141009181,0.007749819701490868,False,False,0.8758709813705914,0.0,1.0,0.004718625472907429,1.0,1.0,1.0,True
bayesian-phystwin-prob4d-controlled-decisive-trial,target-mixed_stress-318920827,mixed_stress,B1_naive_last_frame_state,True,naive-last-frame-admissible,1.162736972648293,-1e+300,False,True,0.002346844974378024,0.0004956507613084133,0.002346844974378024,False,False,0.7888012345426549,0.0,1.0,0.0056873331315427595,1.0,1.0,1.0,True
bayesian-phystwin-prob4d-controlled-decisive-trial,target-mixed_stress-318920828,mixed_stress,B1_naive_last_frame_state,True,naive-last-frame-admissible,1.2849421574971653,-1e+300,False,True,0.0020669497441323137,0.00026255892408599227,0.0020669497441323137,False,False,0.872972758611404,0.0,1.0,0.009700165518209377,1.0,1.0,1.0,True
bayesian-phystwin-prob4d-controlled-decisive-trial,target-mixed_stress-318920829,mixed_stress,B1_naive_last_frame_state,True,naive-last-frame-admissible,1.1673738884652594,-1e+300,False,True,0.0060399368315731455,0.00047682043002025105,0.0060399368315731455,False,False,0.9210553945651018,0.0,1.0,0.006950257483531039,1.0,1.0,1.0,True
bayesian-phystwin-prob4d-controlled-decisive-trial,target-mixed_stress-318920830,mixed_stress,B1_naive_last_frame_state,True,naive-last-frame-admissible,1.182083970480359,-1e+300,False,True,0.00223087529381282,0.0003604379021876646,0.00223087529381282,False,False,0.8384320705028585,0.0,1.0,0.004778929749192608,1.0,1.0,1.0,True
bayesian-phystwin-prob4d-controlled-decisive-trial,target-mixed_stress-318920831,mixed_stress,B1_naive_last_frame_state,True,naive-last-frame-admissible,1.1771541973520372,-1e+300,False,True,0.0027991236151480494,0.0002274381305239108,0.0027991236151480494,False,False,0.9187466643869955,0.0,1.0,0.005851319552509736,1.0,1.0,1.0,True
bayesian-phystwin-prob4d-controlled-decisive-trial,target-mixed_stress-318920832,mixed_stress,B1_naive_last_frame_state,True,naive-last-frame-admissible,1.2091592321855027,-1e+300,False,True,0.0034366604146397507,0.00023298479622851912,0.0034366604146397507,False,False,0.9322060465340036,0.0,1.0,0.0062460637161254285,1.0,1.0,1.0,True
bayesian-phystwin-prob4d-controlled-decisive-trial,target-mixed_stress-318920833,mixed_stress,B1_naive_last_frame_state,True,naive-last-frame-admissible,1.0439741987619027,-1e+300,False,True,0.006649591135228967,0.0005097013115415977,0.006649591135228967,False,False,0.9233484734360217,0.0,1.0,0.0046167770194320175,1.0,1.0,1.0,True
bayesian-phystwin-prob4d-controlled-decisive-trial,target-mixed_stress-318920834,mixed_stress,B1_naive_last_frame_state,True,naive-last-frame-admissible,1.0813368425298122,-1e+300,False,True,0.003934798931674845,0.0004453301210042819,0.003934798931674845,False,False,0.886822648695107,0.0,1.0,0.004139235329167752,1.0,1.0,1.0,True
bayesian-phystwin-prob4d-controlled-decisive-trial,target-mixed_stress-318920835,mixed_stress,B1_naive_last_frame_state,True,naive-last-frame-admissible,1.2394569617694764,-1e+300,False,True,0.005526274303523965,0.0006730762697328032,0.005526274303523965,False,False,0.8782043321114915,0.0,1.0,0.00870001312039413,1.0,1.0,1.0,True
bayesian-phystwin-prob4d-controlled-decisive-trial,target-mixed_stress-318920836,mixed_stress,B1_naive_last_frame_state,True,naive-last-frame-admissible,1.1813126762883985,-1e+300,False,True,0.006196451883297416,0.0008962285536718766,0.006196451883297416,False,False,0.8553642357672997,0.0,1.0,0.006306018553479244,1.0,1.0,1.0,True
bayesian-phystwin-prob4d-controlled-decisive-trial,target-mixed_stress-318920837,mixed_stress,B1_naive_last_frame_state,True,naive-last-frame-admissible,1.1729135135636055,-1e+300,False,True,0.00352754526515169,0.0005014490906794601,0.00352754526515169,False,False,0.8578475815368745,0.0,1.0,0.006031145682784858,1.0,1.0,1.0,True
bayesian-phystwin-prob4d-controlled-decisive-trial,target-mixed_stress-318920838,mixed_stress,B1_naive_last_frame_state,True,naive-last-frame-admissible,1.192218362125365,-1e+300,False,True,0.007015176076499218,0.0009087824078625288,0.007015176076499218,False,False,0.8704547971494341,0.0,1.0,0.007073983569636799,1.0,1.0,1.0,True
bayesian-phystwin-prob4d-controlled-decisive-trial,target-mixed_stress-318920839,mixed_stress,B1_naive_last_frame_state,True,naive-last-frame-admissible,1.1884475314439595,-1e+300,False,True,0.004379132243090214,0.0005978874692292059,0.004379132243090214,False,False,0.8634689623332097,0.0,1.0,0.006343299766218707,1.0,1.0,1.0,True
bayesian-phystwin-prob4d-controlled-decisive-trial,target-mixed_stress-318920840,mixed_stress,B1_naive_last_frame_state,True,naive-last-frame-admissible,1.1174690552353772,-1e+300,False,True,0.0026645807706204487,0.000217262344057342,0.0026645807706204487,False,False,0.9184628417149643,0.0,1.0,0.003832295201503308,1.0,1.0,1.0,True
bayesian-phystwin-prob4d-controlled-decisive-trial,target-mixed_stress-318920841,mixed_stress,B1_naive_last_frame_state,True,naive-last-frame-admissible,1.2316131979626657,-1e+300,False,True,0.004093070025326843,0.0008379575930186332,0.004093070025326843,False,False,0.7952740637630015,0.0,1.0,0.008131177937263489,1.0,1.0,1.0,True
bayesian-phystwin-prob4d-controlled-decisive-trial,target-mixed_stress-318920842,mixed_stress,B1_naive_last_frame_state,True,naive-last-frame-admissible,1.2297724990419767,-1e+300,False,True,0.00634360703649337,0.0007763573570305161,0.00634360703649337,False,False,0.8776157866393199,0.0,1.0,0.007644030796122327,1.0,1.0,1.0,True
bayesian-phystwin-prob4d-controlled-decisive-trial,target-mixed_stress-318920843,mixed_stress,B1_naive_last_frame_state,True,naive-last-frame-admissible,1.0374598203956704,-1e+300,False,True,0.005201324542105712,0.0006007609822869856,0.005201324542105712,False,False,0.884498462377475,0.0,1.0,0.00378447260205033,1.0,1.0,1.0,True
bayesian-phystwin-prob4d-controlled-decisive-trial,target-mixed_stress-318920844,mixed_stress,B1_naive_last_frame_state,True,naive-last-frame-admissible,1.01124070119747,-1e+300,False,True,0.006709477650524742,0.00036745418848196937,0.006709477650524742,False,False,0.9452335624885446,0.0,1.0,0.003896357131225069,1.0,1.0,1.0,True
bayesian-phystwin-prob4d-controlled-decisive-trial,target-mixed_stress-318920845,mixed_stress,B1_naive_last_frame_state,True,naive-last-frame-admissible,1.0691834702687657,-1e+300,False,True,0.0022912518172043873,0.0002956185114814318,0.0022912518172043873,False,False,0.8709794753847164,0.0,1.0,0.0031458177293321697,1.0,1.0,1.0,True
bayesian-phystwin-prob4d-controlled-decisive-trial,target-mixed_stress-318920846,mixed_stress,B1_naive_last_frame_state,True,naive-last-frame-admissible,1.2910990800364965,-1e+300,False,True,0.002843688801480675,0.00041367598994054855,0.002843688801480675,False,False,0.8545283894197029,0.0,1.0,0.008583969108010776,1.0,1.0,1.0,True
bayesian-phystwin-prob4d-controlled-decisive-trial,target-mixed_stress-318920847,mixed_stress,B1_naive_last_frame_state,True,naive-last-frame-admissible,0.9883518523835197,-1e+300,False,True,0.00570951558554897,0.0004973879800583391,0.00570951558554897,False,False,0.9128843817648472,0.0,1.0,0.003540952157394847,1.0,1.0,1.0,True
bayesian-phystwin-prob4d-controlled-decisive-trial,target-mixed_stress-318920848,mixed_stress,B1_naive_last_frame_state,True,naive-last-frame-admissible,1.257215622079086,-1e+300,False,True,0.0042197131799195705,0.0005884782327113625,0.0042197131799195705,False,False,0.8605407032137243,0.0,1.0,0.007978756347534347,1.0,1.0,1.0,True
bayesian-phystwin-prob4d-controlled-decisive-trial,target-mixed_stress-318920849,mixed_stress,B1_naive_last_frame_state,True,naive-last-frame-admissible,1.2066129853756051,-1e+300,False,True,0.0031150288266262116,0.0006367420268994412,0.0031150288266262116,False,False,0.7955903260166372,0.0,1.0,0.006107419248394635,1.0,1.0,1.0,True
bayesian-phystwin-prob4d-controlled-decisive-trial,target-mixed_stress-318920850,mixed_stress,B1_naive_last_frame_state,True,naive-last-frame-admissible,1.189456902207628,-1e+300,False,True,0.004974919279476662,0.00022715258743108289,0.004974919279476662,False,False,0.9543404476192872,0.0,1.0,0.006734762751755848,1.0,1.0,1.0,True
bayesian-phystwin-prob4d-controlled-decisive-trial,target-mixed_stress-318920851,mixed_stress,B1_naive_last_frame_state,True,naive-last-frame-admissible,1.2756614396500705,-1e+300,False,True,0.00045059617520858835,0.0001908879193083492,0.00045059617520858835,False,False,0.5763658685740418,0.0,1.0,0.007556969267858391,1.0,1.0,1.0,True
bayesian-phystwin-prob4d-controlled-decisive-trial,target-mixed_stress-318920852,mixed_stress,B1_naive_last_frame_state,True,naive-last-frame-admissible,1.1551331577878234,-1e+300,False,True,0.005097926767824955,0.0007758938953222507,0.005097926767824955,False,False,0.8478020711832845,0.0,1.0,0.005042723820730142,1.0,1.0,1.0,True
bayesian-phystwin-prob4d-controlled-decisive-trial,target-mixed_stress-318920853,mixed_stress,B1_naive_last_frame_state,True,naive-last-frame-admissible,1.0033706699997262,-1e+300,False,True,0.005679649698083115,0.0005915706384206048,0.005679649698083115,False,False,0.8958438161036129,0.0,1.0,0.0035157801510427556,1.0,1.0,1.0,True
bayesian-phystwin-prob4d-controlled-decisive-trial,target-mixed_stress-318920854,mixed_stress,B1_naive_last_frame_state,True,naive-last-frame-admissible,0.8929535890789568,-1e+300,False,True,0.0070584770070194845,0.0009028183691981871,0.0070584770070194845,False,False,0.8720944520609253,0.0,1.0,0.0030693898999963076,1.0,1.0,1.0,True
bayesian-phystwin-prob4d-controlled-decisive-trial,target-mixed_stress-318920855,mixed_stress,B1_naive_last_frame_state,True,naive-last-frame-admissible,1.0645147745488264,-1e+300,False,True,0.008395289054847306,0.0006269743533736517,0.008395289054847306,False,False,0.9253183125348559,0.0,1.0,0.005583595440084586,1.0,1.0,1.0,True
bayesian-phystwin-prob4d-controlled-decisive-trial,target-mixed_stress-318920856,mixed_stress,B1_naive_last_frame_state,True,naive-last-frame-admissible,0.9586994794034501,-1e+300,False,True,0.006064975277261084,0.0010202824389684453,0.006064975277261084,False,False,0.8317746746975694,0.0,1.0,0.0029337977928077033,1.0,1.0,1.0,True
bayesian-phystwin-prob4d-controlled-decisive-trial,target-mixed_stress-318920857,mixed_stress,B1_naive_last_frame_state,True,naive-last-frame-admissible,1.2948557990670337,-1e+300,False,True,0.003531143553359264,0.0008211065247917384,0.003531143553359264,False,False,0.7674672489566164,0.0,1.0,0.00938289251273818,1.0,1.0,1.0,True
bayesian-phystwin-prob4d-controlled-decisive-trial,target-mixed_stress-318920858,mixed_stress,B1_naive_last_frame_state,True,naive-last-frame-admissible,0.6746980476894491,-1e+300,False,True,0.008459358529487008,0.0005429505902922602,0.008459358529487008,False,False,0.9358165765879667,0.0,1.0,0.002176387310490293,1.0,1.0,1.0,True
bayesian-phystwin-prob4d-controlled-decisive-trial,target-mixed_stress-318920859,mixed_stress,B1_naive_last_frame_state,True,naive-last-frame-admissible,1.3821396234307057,-1e+300,False,True,0.005269284923542608,0.0006261889194934494,0.005269284923542608,False,False,0.8811624483057078,0.0,1.0,0.010433953478111671,1.0,1.0,1.0,True
bayesian-phystwin-prob4d-controlled-decisive-trial,target-mixed_stress-318920860,mixed_stress,B1_naive_last_frame_state,True,naive-last-frame-admissible,1.2501748841770222,-1e+300,False,True,0.008722250546636598,0.00043595995561410866,0.008722250546636598,False,False,0.950017492242043,0.0,1.0,0.008433757114849281,1.0,1.0,1.0,True
bayesian-phystwin-prob4d-controlled-decisive-trial,target-mixed_stress-318920861,mixed_stress,B1_naive_last_frame_state,True,naive-last-frame-admissible,1.0781628569053228,-1e+300,False,True,0.007755448498105406,0.0012596564733248167,0.007755448498105406,False,False,0.8375778688192513,0.0,1.0,0.004881103271214292,1.0,1.0,1.0,True
bayesian-phystwin-prob4d-controlled-decisive-trial,target-mixed_stress-318920862,mixed_stress,B1_naive_last_frame_state,True,naive-last-frame-admissible,1.091396629575072,-1e+300,False,True,0.006220063163305213,0.0006444563707611276,0.006220063163305213,False,False,0.8963907031422046,0.0,1.0,0.0054060614855966456,1.0,1.0,1.0,True
bayesian-phystwin-prob4d-controlled-decisive-trial,target-mixed_stress-318920863,mixed_stress,B1_naive_last_frame_state,True,naive-last-frame-admissible,1.0793206083273077,-1e+300,False,True,0.006795958514221737,0.0007004756983969436,0.006795958514221737,False,False,0.8969276082349421,0.0,1.0,0.005487620352148197,1.0,1.0,1.0,True
bayesian-phystwin-prob4d-controlled-decisive-trial,target-mixed_stress-318920864,mixed_stress,B1_naive_last_frame_state,True,naive-last-frame-admissible,1.0331565623421755,-1e+300,False,True,0.006320217354846661,0.000623767044173259,0.006320217354846661,False,False,0.9013060771248756,0.0,1.0,0.004139448718865602,1.0,1.0,1.0,True
bayesian-phystwin-prob4d-controlled-decisive-trial,target-mixed_stress-318920865,mixed_stress,B1_naive_last_frame_state,True,naive-last-frame-admissible,0.948848095945514,-1e+300,False,True,0.008174092081910209,0.0007034816142849754,0.008174092081910209,False,False,0.9139376450331621,0.0,1.0,0.003766647183263173,1.0,1.0,1.0,True
bayesian-phystwin-prob4d-controlled-decisive-trial,target-mixed_stress-318920866,mixed_stress,B1_naive_last_frame_state,True,naive-last-frame-admissible,1.0853268339779223,-1e+300,False,True,0.005438184295940302,0.0007222100507964016,0.005438184295940302,False,False,0.8671964737687275,0.0,1.0,0.005020786840231031,1.0,1.0,1.0,True
bayesian-phystwin-prob4d-controlled-decisive-trial,target-mixed_stress-318920867,mixed_stress,B1_naive_last_frame_state,True,naive-last-frame-admissible,1.0442753194741379,-1e+300,False,True,0.009543632283449845,0.0010104335104807796,0.009543632283449845,False,False,0.894124848855186,0.0,1.0,0.005406208561526367,1.0,1.0,1.0,True
bayesian-phystwin-prob4d-controlled-decisive-trial,target-nominal_correlated-318420804,nominal_correlated,P1_marginal_gauge_persistent,True,inference-admissible,0.4366875361267694,0.9472718537065475,True,True,0.003173077289673415,0.00027649211365376813,0.00027649211365376813,False,False,0.9128631015217956,0.9128631015217956,1.0,0.0015362268071526868,1.0,0.9974394715261051,0.8743372477559977,False
bayesian-phystwin-prob4d-controlled-decisive-trial,target-nominal_correlated-318420805,nominal_correlated,P1_marginal_gauge_persistent,True,inference-admissible,0.4026004609937101,0.9472718537065475,True,True,0.0034597442387149036,0.00014910082916589292,0.00014910082916589292,False,False,0.9569040891816687,0.9569040891816687,1.0,0.001166139746670893,1.0,0.9982845838725849,0.9406921417927349,False
bayesian-phystwin-prob4d-controlled-decisive-trial,target-nominal_correlated-318420806,nominal_correlated,P1_marginal_gauge_persistent,True,inference-admissible,0.43421015467837887,0.9472718537065475,True,True,0.00252557343092159,0.0005716343389924339,0.0005716343389924339,False,False,0.7736615645406744,0.7736615645406744,1.0,0.001046440300266022,1.0,0.9988397869821489,0.7924797454110198,False
bayesian-phystwin-prob4d-controlled-decisive-trial,target-nominal_correlated-318420807,nominal_correlated,P1_marginal_gauge_persistent,True,inference-admissible,0.40542352479057403,0.9472718537065475,True,True,0.00363734890911544,0.0002552468362457422,0.0002552468362457422,False,False,0.929826133641984,0.929826133641984,1.0,0.001129466639380802,1.0,0.9988665996364856,0.9335542223325802,False
bayesian-phystwin-prob4d-controlled-decisive-trial,target-nominal_correlated-318420808,nominal_correlated,P1_marginal_gauge_persistent,True,inference-admissible,0.40551545996808086,0.9472718537065475,True,True,0.006618358675767432,0.0003969113885664345,0.0003969113885664345,False,False,0.940028727965486,0.940028727965486,1.0,0.001600567539571965,1.0,0.9970175603904918,0.9825284172947011,False
bayesian-phystwin-prob4d-controlled-decisive-trial,target-nominal_correlated-318420809,nominal_correlated,P1_marginal_gauge_persistent,True,inference-admissible,0.035105761375364156,0.9472718537065475,True,True,0.008763860558339342,0.00021346019080563717,0.00021346019080563717,False,False,0.9756431324546216,0.9756431324546216,1.0,0.0008864024825997364,1.0,0.9979839607697576,0.9706998325229833,True
bayesian-phystwin-prob4d-controlled-decisive-trial,target-nominal_correlated-318420810,nominal_correlated,P1_marginal_gauge_persistent,True,inference-admissible,0.42551698424770107,0.9472718537065475,True,True,0.0033459813777053566,0.00022580401662402276,0.00022580401662402276,False,False,0.9325148615205752,0.9325148615205752,1.0,0.001243596774936384,1.0,0.9972726481632564,0.8574165268774441,False
bayesian-phystwin-prob4d-controlled-decisive-trial,target-nominal_correlated-318420811,nominal_correlated,P1_marginal_gauge_persistent,True,inference-admissible,0.44040441048630086,0.9472718537065475,True,True,0.0056739267504122975,0.0002593782832218704,0.0002593782832218704,False,False,0.9542859302505056,0.9542859302505056,1.0,0.00130223464114158,1.0,0.9977875669709321,0.804923642914116,False
bayesian-phystwin-prob4d-controlled-decisive-trial,target-nominal_correlated-318420812,nominal_correlated,P1_marginal_gauge_persistent,True,inference-admissible,0.4316969194747265,0.9472718537065475,True,True,0.007466767888902175,0.000332267019799397,0.000332267019799397,False,False,0.9555005559643491,0.9555005559643491,1.0,0.0011584289320414759,1.0,0.9977036372449533,0.8435734062503002,False
bayesian-phystwin-prob4d-controlled-decisive-trial,target-nominal_correlated-318420813,nominal_correlated,P1_marginal_gauge_persistent,True,inference-admissible,0.46560644156230097,0.9472718537065475,True,True,0.008442699271924396,0.00030937014298751663,0.00030937014298751663,False,False,0.9633564890773375,0.9633564890773375,1.0,0.0010824590388415422,1.0,0.99422598245354,0.7094423613225112,False
bayesian-phystwin-prob4d-controlled-decisive-trial,target-nominal_correlated-318420814,nominal_correlated,P1_marginal_gauge_persistent,True,inference-admissible,0.08902555594283926,0.9472718537065475,True,True,0.004317973572073503,0.0005085941027495646,0.0005085941027495646,False,False,0.8822146327993072,0.8822146327993072,1.0,0.0009475144079949663,1.0,0.9985645574409445,0.7920393237676572,True
bayesian-phystwin-prob4d-controlled-decisive-trial,target-nominal_correlated-318420815,nominal_correlated,P1_marginal_gauge_persistent,True,inference-admissible,0.38289774629185663,0.9472718537065475,True,True,0.010172673345607102,0.00014688130983463282,0.00014688130983463282,False,False,0.9855611888001828,0.9855611888001828,1.0,0.000995029737473355,1.0,0.9980191069982536,0.9771492342842407,False
bayesian-phystwin-prob4d-controlled-decisive-trial,target-nominal_correlated-318420816,nominal_correlated,P1_marginal_gauge_persistent,True,inference-admissible,0.05221032684500277,0.9472718537065475,True,True,0.00785667791141908,0.0002872921001468444,0.0002872921001468444,False,False,0.9634333870643612,0.9634333870643612,1.0,0.0009758719070466285,1.0,0.9982843268067224,0.927330353839812,True
bayesian-phystwin-prob4d-controlled-decisive-trial,target-nominal_correlated-318420817,nominal_correlated,P1_marginal_gauge_persistent,True,inference-admissible,0.43713341560772334,0.9472718537065475,True,True,0.004334707914304273,0.00048223972233618243,0.00048223972233618243,False,False,0.8887492002068189,0.8887492002068189,1.0,0.0015647356024946085,1.0,0.9986117862895346,0.8299583558612653,False
bayesian-phystwin-prob4d-controlled-decisive-trial,target-nominal_correlated-318420818,nominal_correlated,P1_marginal_gauge_persistent,True,inference-admissible,0.4399500907513525,0.9472718537065475,True,True,0.009666424147654874,0.00043847775935443187,0.00043847775935443187,False,False,0.9546390937686291,0.9546390937686291,1.0,0.0015417328840588343,1.0,0.9983366088980349,0.8558914563947503,False
bayesian-phystwin-prob4d-controlled-decisive-trial,target-nominal_correlated-318420819,nominal_correlated,P1_marginal_gauge_persistent,True,inference-admissible,0.4111402298660187,0.9472718537065475,True,True,0.0057574935397624325,0.00029893517706007375,0.00029893517706007375,False,False,0.9480789383443392,0.9480789383443392,1.0,0.0013739839048687544,1.0,0.9981484084352453,0.9302367451483387,False
bayesian-phystwin-prob4d-controlled-decisive-trial,target-nominal_correlated-318420820,nominal_correlated,P1_marginal_gauge_persistent,True,inference-admissible,0.434796630862583,0.9472718537065475,True,True,0.00620721418676249,0.00043560390974441257,0.00043560390974441257,False,False,0.9298229613739797,0.9298229613739797,1.0,0.0009679537939123892,1.0,0.9992296645864809,0.7801405341688855,False
bayesian-phystwin-prob4d-controlled-decisive-trial,target-nominal_correlated-318420821,nominal_correlated,P1_marginal_gauge_persistent,True,inference-admissible,0.4256898116628389,0.9472718537065475,True,True,0.004190129178468414,0.000714886644750701,0.000714886644750701,False,False,0.8293879223523108,0.8293879223523108,1.0,0.0010088831910361846,1.0,0.997523389113645,0.8372186684270768,False
bayesian-phystwin-prob4d-controlled-decisive-trial,target-nominal_correlated-318420822,nominal_correlated,P1_marginal_gauge_persistent,True,inference-admissible,0.4601411949495884,0.9472718537065475,True,True,0.003993383847544752,0.0009117622219262125,0.0009117622219262125,False,False,0.7716817975094504,0.7716817975094504,1.0,0.001152140775666296,1.0,0.9968423335794923,0.7032943154638384,False
bayesian-phystwin-prob4d-controlled-decisive-trial,target-nominal_correlated-318420823,nominal_correlated,P1_marginal_gauge_persistent,True,inference-admissible,0.41229705097063213,0.9472718537065475,True,True,0.008532107459452256,0.0003357432802158173,0.0003357432802158173,False,False,0.9606494313613144,0.9606494313613144,1.0,0.0010923817392380724,1.0,0.998165855816462,0.8800713704937928,False
bayesian-phystwin-prob4d-controlled-decisive-trial,target-nominal_correlated-318420824,nominal_correlated,P1_marginal_gauge_persistent,True,inference-admissible,0.4708501926132209,0.9472718537065475,True,True,0.0018661135759485605,0.00023052889618217003,0.00023052889618217003,False,False,0.8764657740271835,0.8764657740271835,1.0,0.0012345222146780323,1.0,0.9991957206618557,0.7037261359434974,False
bayesian-phystwin-prob4d-controlled-decisive-trial,target-nominal_correlated-318420825,nominal_correlated,P1_marginal_gauge_persistent,True,inference-admissible,0.4229055543303224,0.9472718537065475,True,True,0.007769231007067137,0.0003331518024656658,0.0003331518024656658,False,False,0.9571190762428585,0.9571190762428585,1.0,0.0010392601277195662,1.0,0.9989321469976752,0.8465742862422848,False
bayesian-phystwin-prob4d-controlled-decisive-trial,target-nominal_correlated-318420826,nominal_correlated,P1_marginal_gauge_persistent,True,inference-admissible,0.45249838417629495,0.9472718537065475,True,True,0.01132785141254362,0.0005327998690374607,0.0005327998690374607,False,False,0.9529654963122594,0.9529654963122594,1.0,0.0013995048511493751,1.0,0.9980423228278379,0.7829538653683179,False
bayesian-phystwin-prob4d-controlled-decisive-trial,target-nominal_correlated-318420827,nominal_correlated,P1_marginal_gauge_persistent,True,inference-admissible,0.05591195118626577,0.9472718537065475,True,True,0.009779337645973576,0.00039129722336788867,0.00039129722336788867,False,False,0.9599873490891281,0.9599873490891281,1.0,0.000887964576443754,1.0,0.998659900591341,0.8953024084075996,True
bayesian-phystwin-prob4d-controlled-decisive-trial,target-nominal_correlated-318420828,nominal_correlated,P1_marginal_gauge_persistent,True,inference-admissible,0.06596454432418573,0.9472718537065475,True,True,0.003873676638452656,0.0004984636534211001,0.0004984636534211001,False,False,0.8713202727163587,0.8713202727163587,1.0,0.000907883504987818,1.0,0.9973227733625908,0.8500015043564618,True
bayesian-phystwin-prob4d-controlled-decisive-trial,target-nominal_correlated-318420829,nominal_correlated,P1_marginal_gauge_persistent,True,inference-admissible,0.4284826145999274,0.9472718537065475,True,True,0.0016554947117872892,0.00023374589838635502,0.00023374589838635502,False,False,0.8588060132587192,0.8588060132587192,1.0,0.001015052069080486,1.0,0.9982644534028702,0.8069711752763523,False
bayesian-phystwin-prob4d-controlled-decisive-trial,target-nominal_correlated-318420830,nominal_correlated,P1_marginal_gauge_persistent,True,inference-admissible,0.417817789541715,0.9472718537065475,True,True,0.0066812451148761404,0.0006180428606627851,0.0006180428606627851,False,False,0.9074958559316016,0.9074958559316016,1.0,0.0011974289238520562,1.0,0.9990477329982472,0.8892574223547574,False
bayesian-phystwin-prob4d-controlled-decisive-trial,target-nominal_correlated-318420831,nominal_correlated,P1_marginal_gauge_persistent,True,inference-admissible,0.40781726928691153,0.9472718537065475,True,True,0.005988667301689113,0.0003573873166786634,0.0003573873166786634,False,False,0.9403227298036975,0.9403227298036975,1.0,0.0009906047876877503,1.0,0.9984562893522944,0.8719752604613981,False
bayesian-phystwin-prob4d-controlled-decisive-trial,target-nominal_correlated-318420832,nominal_correlated,P1_marginal_gauge_persistent,True,inference-admissible,0.4187814475220229,0.9472718537065475,True,True,0.007976006260119869,0.0006757381853233635,0.0006757381853233635,False,False,0.9152786290173739,0.9152786290173739,1.0,0.0012442696494392958,1.0,0.9985766538253231,0.8713203196963288,False
bayesian-phystwin-prob4d-controlled-decisive-trial,target-nominal_correlated-318420833,nominal_correlated,P1_marginal_gauge_persistent,True,inference-admissible,0.07384581906873519,0.9472718537065475,True,True,0.007599787596001098,9.526529372053893e-05,9.526529372053893e-05,False,False,0.9874647425974554,0.9874647425974554,1.0,0.0009841788326098307,1.0,0.9986037875128819,0.8213136600962178,True
bayesian-phystwin-prob4d-controlled-decisive-trial,target-nominal_correlated-318420834,nominal_correlated,P1_marginal_gauge_persistent,True,inference-admissible,0.07750397049838623,0.9472718537065475,True,True,0.0068543984492612205,0.0007821350958997227,0.0007821350958997227,False,False,0.8858929632280098,0.8858929632280098,1.0,0.0010171486496195878,1.0,0.9981889318962034,0.8308594701547634,True
bayesian-phystwin-prob4d-controlled-decisive-trial,target-nominal_correlated-318420835,nominal_correlated,P1_marginal_gauge_persistent,True,inference-admissible,0.06453921123214057,0.9472718537065475,True,True,0.007911399760523028,0.0004764724582820852,0.0004764724582820852,False,False,0.9397739372671284,0.9397739372671284,1.0,0.00095105578973136,1.0,0.9991057292189995,0.8847796288107633,True
bayesian-phystwin-prob4d-controlled-decisive-trial,target-nominal_correlated-318420836,nominal_correlated,P1_marginal_gauge_persistent,True,inference-admissible,0.06009334148723698,0.9472718537065475,True,True,0.004338076701578592,0.00024124234456775667,0.00024124234456775667,False,False,0.9443895622039208,0.9443895622039208,1.0,0.0008941002611393703,1.0,0.9980763153784052,0.8926175723854909,True
bayesian-phystwin-prob4d-controlled-decisive-trial,target-nominal_correlated-318420837,nominal_correlated,P1_marginal_gauge_persistent,True,inference-admissible,0.3974274881131206,0.9472718537065475,True,True,0.005788416764574352,0.00039563653603157567,0.00039563653603157567,False,False,0.9316503022980467,0.9316503022980467,1.0,0.001119870284720867,1.0,0.9975571004254684,0.9394654851052424,False
bayesian-phystwin-prob4d-controlled-decisive-trial,target-nominal_correlated-318420838,nominal_correlated,P1_marginal_gauge_persistent,True,inference-admissible,0.4056302843058723,0.9472718537065475,True,True,0.00322990555711752,0.00046939036383961114,0.00046939036383961114,False,False,0.8546736566940021,0.8546736566940021,1.0,0.0011315385532975702,1.0,0.999152778323448,0.9461200793740476,False
bayesian-phystwin-prob4d-controlled-decisive-trial,target-nominal_correlated-318420839,nominal_correlated,P1_marginal_gauge_persistent,True,inference-admissible,0.42656701566144556,0.9472718537065475,True,True,0.008061808264819762,0.0002576929023101547,0.0002576929023101547,False,False,0.9680353471770498,0.9680353471770498,1.0,0.0011822012753674909,1.0,0.9982138966251682,0.8528293831552767,False
bayesian-phystwin-prob4d-controlled-decisive-trial,target-nominal_correlated-318420840,nominal_correlated,P1_marginal_gauge_persistent,True,inference-admissible,0.418268021184265,0.9472718537065475,True,True,0.007779908530677194,0.00010556059594633733,0.00010556059594633733,False,False,0.986431640483934,0.986431640483934,1.0,0.001057691307127253,1.0,0.9959732205177805,0.8749209889541517,False
bayesian-phystwin-prob4d-controlled-decisive-trial,target-nominal_correlated-318420841,nominal_correlated,P1_marginal_gauge_persistent,True,inference-admissible,0.43466538311635144,0.9472718537065475,True,True,0.009599464061503114,0.00039641404004130295,0.00039641404004130295,False,False,0.9587045654318298,0.9587045654318298,1.0,0.0015865631466171932,1.0,0.9977377983172344,0.8704894642644355,False
bayesian-phystwin-prob4d-controlled-decisive-trial,target-nominal_correlated-318420842,nominal_correlated,P1_marginal_gauge_persistent,True,inference-admissible,0.06212092147099714,0.9472718537065475,True,True,0.008020848441902775,0.0002605685593295194,0.0002605685593295194,False,False,0.9675135914589473,0.9675135914589473,1.0,0.0008267318381555436,1.0,0.9972548735123222,0.8628364636148589,True
bayesian-phystwin-prob4d-controlled-decisive-trial,target-nominal_correlated-318420843,nominal_correlated,P1_marginal_gauge_persistent,True,inference-admissible,0.4373903569727548,0.9472718537065475,True,True,0.0067555980064415285,0.00036854678126846,0.00036854678126846,False,False,0.9454457205835742,0.9454457205835742,1.0,0.0012101184748087932,1.0,0.9978170503117522,0.7940934617405241,False
bayesian-phystwin-prob4d-controlled-decisive-trial,target-nominal_correlated-318420844,nominal_correlated,P1_marginal_gauge_persistent,True,inference-admissible,0.42180530113379755,0.9472718537065475,True,True,0.007189264568316358,0.0001665465174896901,0.0001665465174896901,False,False,0.9768339979830937,0.9768339979830937,1.0,0.0011529609921748644,1.0,0.9986819926342695,0.8465022686189001,False
bayesian-phystwin-prob4d-controlled-decisive-trial,target-nominal_correlated-318420845,nominal_correlated,P1_marginal_gauge_persistent,True,inference-admissible,0.43422201106722946,0.9472718537065475,True,True,0.007879015720960681,0.00044875201634276727,0.00044875201634276727,False,False,0.943044660369322,0.943044660369322,1.0,0.0009778443841810716,1.0,0.9992876455017249,0.7789025688011922,False
bayesian-phystwin-prob4d-controlled-decisive-trial,target-nominal_correlated-318420846,nominal_correlated,P1_marginal_gauge_persistent,True,inference-admissible,0.4594043797402,0.9472718537065475,True,True,0.009072618011926355,0.00037090692558379635,0.00037090692558379635,False,False,0.9591179828031752,0.9591179828031752,1.0,0.000979683128362677,1.0,0.997767741231046,0.7094506319355042,False
bayesian-phystwin-prob4d-controlled-decisive-trial,target-nominal_correlated-318420847,nominal_correlated,P1_marginal_gauge_persistent,True,inference-admissible,0.47669964277376564,0.9472718537065475,True,True,0.005209733742007863,0.0009186769895867125,0.0009186769895867125,False,False,0.8236614316430212,0.8236614316430212,1.0,0.0016305890959734514,1.0,0.9987317153572215,0.7114581692407116,False
bayesian-phystwin-prob4d-controlled-decisive-trial,target-nominal_correlated-318420848,nominal_correlated,P1_marginal_gauge_persistent,True,inference-admissible,0.11607127000942408,0.9472718537065475,True,True,0.005187469140182476,0.00023499722534955884,0.00023499722534955884,False,False,0.9546990605632224,0.9546990605632224,1.0,0.0009613128309499628,1.0,0.995181968297961,0.6679733206316003,True
bayesian-phystwin-prob4d-controlled-decisive-trial,target-nominal_correlated-318420849,nominal_correlated,P1_marginal_gauge_persistent,True,inference-admissible,0.09435118902302232,0.9472718537065475,True,True,0.005456036487691015,0.0004595873466105602,0.0004595873466105602,False,False,0.9157653458426455,0.9157653458426455,1.0,0.0009197302040923316,1.0,0.99766390744988,0.74984651654862,True
bayesian-phystwin-prob4d-controlled-decisive-trial,target-nominal_correlated-318420850,nominal_correlated,P1_marginal_gauge_persistent,True,inference-admissible,0.40259977127015767,0.9472718537065475,True,True,0.0056243790137171425,0.00030927457143589725,0.00030927457143589725,False,False,0.9450117834019336,0.9450117834019336,1.0,0.0014628788425177545,1.0,0.9971134501890897,0.9809203671488359,False
bayesian-phystwin-prob4d-controlled-decisive-trial,target-nominal_correlated-318420851,nominal_correlated,P1_marginal_gauge_persistent,True,inference-admissible,0.4124180881065297,0.9472718537065475,True,True,0.010289740879883203,0.00018113557661045791,0.00018113557661045791,False,False,0.9823964880432914,0.9823964880432914,1.0,0.001696234934987408,0.9999999999999964,0.9988084463898612,0.9614174987760603,False
bayesian-phystwin-prob4d-controlled-decisive-trial,target-nominal_correlated-318420852,nominal_correlated,P1_marginal_gauge_persistent,True,inference-admissible,0.4030744453357999,0.9472718537065475,True,True,0.005625340219712845,0.0006396455895251164,0.0006396455895251164,False,False,0.8862921059807884,0.8862921059807884,1.0,0.0010060180694755451,1.0,0.9986338038040579,0.9099891850782891,False
bayesian-phystwin-prob4d-controlled-decisive-trial,target-nominal_correlated-318420853,nominal_correlated,P1_marginal_gauge_persistent,True,inference-admissible,0.41252624348350225,0.9472718537065475,True,True,0.007022886670104842,0.0002461866635059187,0.0002461866635059187,False,False,0.9649450895236725,0.9649450895236725,1.0,0.0009719208683979259,1.0,0.9955480191151692,0.8767572975385998,False
bayesian-phystwin-prob4d-controlled-decisive-trial,target-nominal_correlated-318420854,nominal_correlated,P1_marginal_gauge_persistent,True,inference-admissible,0.4031607343778871,0.9472718537065475,True,True,0.005892903898858267,0.0004529663061817775,0.0004529663061817775,False,False,0.9231336003511718,0.9231336003511718,1.0,0.0009937982010608819,1.0,0.9979191238153983,0.9058910790040935,False
bayesian-phystwin-prob4d-controlled-decisive-trial,target-nominal_correlated-318420855,nominal_correlated,P1_marginal_gauge_persistent,True,inference-admissible,0.10362781566047655,0.9472718537065475,True,True,0.009438678596719444,0.0008479297327045766,0.0008479297327045766,False,False,0.910164359977329,0.910164359977329,0.0,0.0008796450130142526,1.0,0.9957513687726223,0.7153522777952837,True
bayesian-phystwin-prob4d-controlled-decisive-trial,target-nominal_correlated-318420856,nominal_correlated,P1_marginal_gauge_persistent,True,inference-admissible,0.408243591338052,0.9472718537065475,True,True,0.008312606936155476,0.0002689358705949992,0.0002689358705949992,False,False,0.9676472287622226,0.9676472287622226,1.0,0.0010926189043316938,1.0,0.9973425722817424,0.9111173944511195,False
bayesian-phystwin-prob4d-controlled-decisive-trial,target-nominal_correlated-318420857,nominal_correlated,P1_marginal_gauge_persistent,True,inference-admissible,0.396991904590826,0.9472718537065475,True,True,0.01026698975283368,0.00021399379376604228,0.00021399379376604228,False,False,0.9791571045732289,0.9791571045732289,1.0,0.001136094705645882,1.0,0.999005225513096,0.9519940756647637,False
bayesian-phystwin-prob4d-controlled-decisive-trial,target-nominal_correlated-318420858,nominal_correlated,P1_marginal_gauge_persistent,True,inference-admissible,0.4133592246202593,0.9472718537065475,True,True,0.008605389275677278,0.0005381365625554192,0.0005381365625554192,False,False,0.9374651691729465,0.9374651691729465,1.0,0.0010151977064862402,1.0,0.998661738377671,0.8853562996332669,False
bayesian-phystwin-prob4d-controlled-decisive-trial,target-nominal_correlated-318420859,nominal_correlated,P1_marginal_gauge_persistent,True,inference-admissible,0.44772321563113143,0.9472718537065475,True,True,0.004802092746801631,0.0005495323586816223,0.0005495323586816223,False,False,0.8855639847756729,0.8855639847756729,1.0,0.0010730025374553426,1.0,0.9974358919465083,0.758513361105712,False
bayesian-phystwin-prob4d-controlled-decisive-trial,target-nominal_correlated-318420860,nominal_correlated,P1_marginal_gauge_persistent,True,inference-admissible,0.4393182450895693,0.9472718537065475,True,True,0.0065673887562010015,0.00034752758011979024,0.00034752758011979024,False,False,0.9470828371791374,0.9470828371791374,1.0,0.001045920229371984,1.0,0.9981639154258535,0.7874838640353389,False
bayesian-phystwin-prob4d-controlled-decisive-trial,target-nominal_correlated-318420861,nominal_correlated,P1_marginal_gauge_persistent,True,inference-admissible,0.4064635552620126,0.9472718537065475,True,True,0.00692682173300754,0.0007648001876031726,0.0007648001876031726,False,False,0.8895885852008052,0.8895885852008052,1.0,0.0017820384186310323,1.0,0.9981967557152654,0.9922972155118075,False
bayesian-phystwin-prob4d-controlled-decisive-trial,target-nominal_correlated-318420862,nominal_correlated,P1_marginal_gauge_persistent,True,inference-admissible,0.06033341950967436,0.9472718537065475,True,True,0.005027365504812286,0.00042856270590611043,0.00042856270590611043,False,False,0.9147540186811796,0.9147540186811796,1.0,0.0008703804830562049,1.0,0.9977389888372497,0.8829659749772709,True
bayesian-phystwin-prob4d-controlled-decisive-trial,target-nominal_correlated-318420863,nominal_correlated,P1_marginal_gauge_persistent,True,inference-admissible,0.4046385574728094,0.9472718537065475,True,True,0.005410818776371862,0.0001621538178845768,0.0001621538178845768,False,False,0.9700315562974174,0.9700315562974174,1.0,0.0011374258181642818,1.0,0.9987658007793998,0.9297373570065628,False
bayesian-phystwin-prob4d-controlled-decisive-trial,target-nominal_correlated-318420864,nominal_correlated,P1_marginal_gauge_persistent,True,inference-admissible,0.40324846199741826,0.9472718537065475,True,True,0.008272976578144997,0.00046495019021146886,0.00046495019021146886,False,False,0.9437989234201698,0.9437989234201698,1.0,0.000986001732984909,1.0,0.9983228652638346,0.9029349661300294,False
bayesian-phystwin-prob4d-controlled-decisive-trial,target-nominal_correlated-318420865,nominal_correlated,P1_marginal_gauge_persistent,True,inference-admissible,0.3846787451822289,0.9472718537065475,True,True,0.003765042519536687,0.0002984418993007207,0.0002984418993007207,False,False,0.9207334584530945,0.9207334584530945,1.0,0.0011143149067114532,1.0,0.9982066291381454,0.981432957897348,False
bayesian-phystwin-prob4d-controlled-decisive-trial,target-nominal_correlated-318420866,nominal_correlated,P1_marginal_gauge_persistent,True,inference-admissible,0.4130049545363589,0.9472718537065475,True,True,0.007675964475566049,0.0007020841010679212,0.0007020841010679212,False,False,0.9085347381032339,0.9085347381032339,1.0,0.0012337886712115455,1.0,0.997381508456184,0.923053583914815,False
bayesian-phystwin-prob4d-controlled-decisive-trial,target-nominal_correlated-318420867,nominal_correlated,P1_marginal_gauge_persistent,True,inference-admissible,0.4102750139248259,0.9472718537065475,True,True,0.008714120594407451,0.0005878217697301762,0.0005878217697301762,False,False,0.9325437646447734,0.9325437646447734,1.0,0.0011313431398573784,1.0,0.9985635294551174,0.8978614186196494,False
bayesian-phystwin-prob4d-controlled-decisive-trial,target-common_mode_bias-318520804,common_mode_bias,P1_marginal_gauge_persistent,True,inference-admissible,0.05483402417873657,0.9472718537065475,True,True,0.006295163382284109,0.0006188260619789879,0.0006188260619789879,False,False,0.9016981729623583,0.9016981729623583,1.0,0.0009824161968717158,1.0,0.9976393597004951,0.9007417595220979,True
bayesian-phystwin-prob4d-controlled-decisive-trial,target-common_mode_bias-318520805,common_mode_bias,P1_marginal_gauge_persistent,True,inference-admissible,0.48101746146522234,0.9472718537065475,True,True,0.004014819144346342,0.00012525347519869634,0.00012525347519869634,False,False,0.968802212330018,0.968802212330018,1.0,0.0012319199921279383,1.0,0.9985532320990518,0.6450603356003297,False
bayesian-phystwin-prob4d-controlled-decisive-trial,target-common_mode_bias-318520806,common_mode_bias,P1_marginal_gauge_persistent,True,inference-admissible,0.4277410508231678,0.9472718537065475,True,True,0.009788929661137867,0.0005568824306312835,0.0005568824306312835,False,False,0.9431109988621011,0.9431109988621011,1.0,0.001219516995472852,1.0,0.9976496689092295,0.8146745834315037,False
bayesian-phystwin-prob4d-controlled-decisive-trial,target-common_mode_bias-318520807,common_mode_bias,P1_marginal_gauge_persistent,True,inference-admissible,0.4071433148166113,0.9472718537065475,True,True,0.008952025647914825,0.00014295672098255994,0.00014295672098255994,False,False,0.9840307963130268,0.9840307963130268,1.0,0.0013283582692301616,1.0,0.9982306112466175,0.9411082567064186,False
bayesian-phystwin-prob4d-controlled-decisive-trial,target-common_mode_bias-318520808,common_mode_bias,P1_marginal_gauge_persistent,True,inference-admissible,0.41355330039991567,0.9472718537065475,True,True,0.003080500920836963,0.000435618746008812,0.000435618746008812,False,False,0.8585883409213668,0.8585883409213668,1.0,0.0011733787464537774,1.0,0.999266100186716,0.8817008995839702,False
bayesian-phystwin-prob4d-controlled-decisive-trial,target-common_mode_bias-318520809,common_mode_bias,P1_marginal_gauge_persistent,True,inference-admissible,0.4759883722436259,0.9472718537065475,True,True,0.0036316706600353593,0.0002889656983405604,0.0002889656983405604,False,False,0.9204317446731949,0.9204317446731949,1.0,0.0010840377298024636,1.0,0.9970618913246448,0.6598397265161599,False
bayesian-phystwin-prob4d-controlled-decisive-trial,target-common_mode_bias-318520810,common_mode_bias,P1_marginal_gauge_persistent,True,inference-admissible,0.3922929853146543,0.9472718537065475,True,True,0.004979774051487603,0.00048527587384502565,0.00048527587384502565,False,False,0.9025506240187625,0.9025506240187625,1.0,0.0010169076359438638,1.0,0.9979787672216264,0.9485359202843499,False
bayesian-phystwin-prob4d-controlled-decisive-trial,target-common_mode_bias-318520811,common_mode_bias,P1_marginal_gauge_persistent,True,inference-admissible,0.04505620864902572,0.9472718537065475,True,True,0.004910896070034872,0.0005731513401727911,0.0005731513401727911,False,False,0.8832898656377549,0.8832898656377549,1.0,0.0010536079192691665,1.0,0.9983172295225023,0.9675687715307829,True
bayesian-phystwin-prob4d-controlled-decisive-trial,target-common_mode_bias-318520812,common_mode_bias,P1_marginal_gauge_persistent,True,inference-admissible,0.08857109502323253,0.9472718537065475,True,True,0.005215908475252118,9.686618893800741e-05,9.686618893800741e-05,False,False,0.981428702325279,0.981428702325279,1.0,0.00104379451355669,1.0,0.9983419400769699,0.7839778827990916,True
bayesian-phystwin-prob4d-controlled-decisive-trial,target-common_mode_bias-318520813,common_mode_bias,P1_marginal_gauge_persistent,True,inference-admissible,0.4414628920822455,0.9472718537065475,True,True,0.004887678880295078,0.0006468768467847486,0.0006468768467847486,False,False,0.8676515248592405,0.8676515248592405,1.0,0.001154116922616998,1.0,0.9981122474091529,0.7982132574057119,False
bayesian-phystwin-prob4d-controlled-decisive-trial,target-common_mode_bias-318520814,common_mode_bias,P1_marginal_gauge_persistent,True,inference-admissible,0.4534514729378448,0.9472718537065475,True,True,0.001806819755430712,0.0002865757264744289,0.0002865757264744289,False,False,0.8413921888926245,0.8413921888926245,1.0,0.0010674260063663168,1.0,0.9982030904025451,0.7314521282450546,False
bayesian-phystwin-prob4d-controlled-decisive-trial,target-common_mode_bias-318520815,common_mode_bias,P1_marginal_gauge_persistent,True,inference-admissible,0.41297586646599344,0.9472718537065475,True,True,0.007037644852962149,0.00019560554119369,0.00019560554119369,False,False,0.972205823783313,0.972205823783313,1.0,0.0011754710824185078,1.0,0.9980045261705003,0.8834138986234724,False
bayesian-phystwin-prob4d-controlled-decisive-trial,target-common_mode_bias-318520816,common_mode_bias,P1_marginal_gauge_persistent,True,inference-admissible,0.41326283941736086,0.9472718537065475,True,True,0.007448841755349864,0.00025076905025616373,0.00025076905025616373,False,False,0.9663344908520767,0.9663344908520767,1.0,0.0010879164721285866,1.0,0.998451193239428,0.880529354717523,False
bayesian-phystwin-prob4d-controlled-decisive-trial,target-common_mode_bias-318520817,common_mode_bias,P1_marginal_gauge_persistent,True,inference-admissible,0.4140600373190565,0.9472718537065475,True,True,0.008080443224969454,0.00037321999685616813,0.00037321999685616813,False,False,0.9538119399561057,0.9538119399561057,1.0,0.0010912187970038671,1.0,0.9987087609977549,0.861639804482861,False
bayesian-phystwin-prob4d-controlled-decisive-trial,target-common_mode_bias-318520818,common_mode_bias,P1_marginal_gauge_persistent,True,inference-admissible,0.4657186806554475,0.9472718537065475,True,True,0.00675776480890649,0.0001824499348931898,0.0001824499348931898,False,False,0.9730014375977206,0.9730014375977206,1.0,0.0011566991568285388,1.0,0.9984311078265751,0.6975894500995277,False
bayesian-phystwin-prob4d-controlled-decisive-trial,target-common_mode_bias-318520819,common_mode_bias,P1_marginal_gauge_persistent,True,inference-admissible,0.4090778575170702,0.9472718537065475,True,True,0.0054213892441629325,0.0003919229745547893,0.0003919229745547893,False,False,0.927708017833849,0.927708017833849,1.0,0.00143735574495132,1.0,0.9983774634080764,0.948252953221305,False
bayesian-phystwin-prob4d-controlled-decisive-trial,target-common_mode_bias-318520820,common_mode_bias,P1_marginal_gauge_persistent,True,inference-admissible,0.4188425960744237,0.9472718537065475,True,True,0.006181235941782645,0.0005988968889644099,0.0005988968889644099,False,False,0.9031104952787662,0.9031104952787662,1.0,0.0012093685498278427,1.0,0.997585677052629,0.8936154064239885,False
bayesian-phystwin-prob4d-controlled-decisive-trial,target-common_mode_bias-318520821,common_mode_bias,P1_marginal_gauge_persistent,True,inference-admissible,0.39789422355778714,0.9472718537065475,True,True,0.006102723876932564,0.0003839858769858557,0.0003839858769858557,False,False,0.937079591879084,0.937079591879084,1.0,0.001143063508073715,1.0,0.9981557749376491,0.9511474244912754,False
bayesian-phystwin-prob4d-controlled-decisive-trial,target-common_mode_bias-318520822,common_mode_bias,P1_marginal_gauge_persistent,True,inference-admissible,0.40964558013373564,0.9472718537065475,True,True,0.00706136357321453,0.00010837161596709896,0.00010837161596709896,False,False,0.9846528769063557,0.9846528769063557,1.0,0.0010639526811755155,1.0,0.9973535760405715,0.9152195257951908,False
bayesian-phystwin-prob4d-controlled-decisive-trial,target-common_mode_bias-318520823,common_mode_bias,P1_marginal_gauge_persistent,True,inference-admissible,0.3856296599848896,0.9472718537065475,True,True,0.0030996312359180232,0.00025147517333966296,0.00025147517333966296,False,False,0.9188693253488965,0.9188693253488965,1.0,0.0010429402564906063,1.0,0.9978340139287607,0.9930324173508938,False
bayesian-phystwin-prob4d-controlled-decisive-trial,target-common_mode_bias-318520824,common_mode_bias,P1_marginal_gauge_persistent,True,inference-admissible,0.06739334628157165,0.9472718537065475,True,True,0.0035633836040291503,0.000346996691760158,0.000346996691760158,False,False,0.9026215725503688,0.9026215725503688,1.0,0.0010216540464380813,1.0,0.9990679574210064,0.8553661397960775,True
bayesian-phystwin-prob4d-controlled-decisive-trial,target-common_mode_bias-318520825,common_mode_bias,P1_marginal_gauge_persistent,True,inference-admissible,0.4494523256519801,0.9472718537065475,True,True,0.0042749463424532315,0.0008184375440764836,0.0008184375440764836,False,False,0.8085502182919065,0.8085502182919065,1.0,0.001654751088660031,1.0,0.9966165102495563,0.8294359908735693,False
bayesian-phystwin-prob4d-controlled-decisive-trial,target-common_mode_bias-318520826,common_mode_bias,P1_marginal_gauge_persistent,True,inference-admissible,0.08073691407218979,0.9472718537065475,True,True,0.008328662380558656,0.0001948164004359968,0.0001948164004359968,False,False,0.9766089209125884,0.9766089209125884,1.0,0.0008968254389373809,1.0,0.9993647996348725,0.798183210409475,True
bayesian-phystwin-prob4d-controlled-decisive-trial,target-common_mode_bias-318520827,common_mode_bias,P1_marginal_gauge_persistent,True,inference-admissible,0.4228400083922941,0.9472718537065475,True,True,0.005246726521101587,0.00037286913753201606,0.00037286913753201606,False,False,0.9289329954529955,0.9289329954529955,1.0,0.0010080792655630217,1.0,0.9969091553669105,0.8458721162049403,False
bayesian-phystwin-prob4d-controlled-decisive-trial,target-common_mode_bias-318520828,common_mode_bias,P1_marginal_gauge_persistent,True,inference-admissible,0.39525490501757266,0.9472718537065475,True,True,0.004605293288079465,0.0005625451745670077,0.0005625451745670077,False,False,0.8778481327078292,0.8778481327078292,1.0,0.0010343024989832106,1.0,0.9983784756561219,0.9365696919734633,False
bayesian-phystwin-prob4d-controlled-decisive-trial,target-common_mode_bias-318520829,common_mode_bias,P1_marginal_gauge_persistent,True,inference-admissible,0.4353501507340405,0.9472718537065475,True,True,0.004862837680346359,0.0007247535345134974,0.0007247535345134974,False,False,0.850960780072372,0.850960780072372,1.0,0.0010712271412320125,1.0,0.993987439379328,0.805861375290507,False
bayesian-phystwin-prob4d-controlled-decisive-trial,target-common_mode_bias-318520830,common_mode_bias,P1_marginal_gauge_persistent,True,inference-admissible,0.38765701430967225,0.9472718537065475,True,True,0.0032574330022757158,0.0005429796724253714,0.0005429796724253714,False,False,0.8333105632422728,0.8333105632422728,1.0,0.001119868308714049,1.0,0.9984852661986933,0.9683186271795915,False
bayesian-phystwin-prob4d-controlled-decisive-trial,target-common_mode_bias-318520831,common_mode_bias,P1_marginal_gauge_persistent,True,inference-admissible,0.4149598270598719,0.9472718537065475,True,True,0.0010887427608259302,0.00010884072922190437,0.00010884072922190437,False,False,0.9000308124764598,0.9000308124764598,1.0,0.0010684861616405545,1.0,0.9977949356336787,0.8837257261464886,False
bayesian-phystwin-prob4d-controlled-decisive-trial,target-common_mode_bias-318520832,common_mode_bias,P1_marginal_gauge_persistent,True,inference-admissible,0.3890762983419844,0.9472718537065475,True,True,0.007016307626067638,0.000553162273229099,0.000553162273229099,False,False,0.921160487437304,0.921160487437304,1.0,0.000985020468704955,1.0,0.997646445490568,0.9876385396400706,False
bayesian-phystwin-prob4d-controlled-decisive-trial,target-common_mode_bias-318520833,common_mode_bias,P1_marginal_gauge_persistent,True,inference-admissible,0.04603305347166274,0.9472718537065475,True,True,0.008117973792514091,0.0005012377619056888,0.0005012377619056888,False,False,0.938255804377208,0.938255804377208,1.0,0.0009374609944975656,1.0,0.9973885136054472,0.9493268952832402,True
bayesian-phystwin-prob4d-controlled-decisive-trial,target-common_mode_bias-318520834,common_mode_bias,P1_marginal_gauge_persistent,True,inference-admissible,0.4283019906973292,0.9472718537065475,True,True,0.009535587588571629,0.0005196856553840154,0.0005196856553840154,False,False,0.9455004056586028,0.9455004056586028,1.0,0.0010247801987620531,1.0,0.9975549445486313,0.8216341653574488,False
bayesian-phystwin-prob4d-controlled-decisive-trial,target-common_mode_bias-318520835,common_mode_bias,P1_marginal_gauge_persistent,True,inference-admissible,0.4232602345344613,0.9472718537065475,True,True,0.004994584972864126,0.00025943541800363157,0.00025943541800363157,False,False,0.9480566614817528,0.9480566614817528,1.0,0.0015923899762393253,1.0,0.9986562731321866,0.9358730410479557,False
bayesian-phystwin-prob4d-controlled-decisive-trial,target-common_mode_bias-318520836,common_mode_bias,P1_marginal_gauge_persistent,True,inference-admissible,0.4124695670506693,0.9472718537065475,True,True,0.007844945270711508,0.00032165092149012405,0.00032165092149012405,False,False,0.9589989591525918,0.9589989591525918,1.0,0.0010795307207364928,1.0,0.9990424044067174,0.887399826178906,False
bayesian-phystwin-prob4d-controlled-decisive-trial,target-common_mode_bias-318520837,common_mode_bias,P1_marginal_gauge_persistent,True,inference-admissible,0.0721275389547089,0.9472718537065475,True,True,0.00612137586202495,0.0005263358774031656,0.0005263358774031656,False,False,0.9140167358994594,0.9140167358994594,1.0,0.0009011172198672016,1.0,0.9980583727699773,0.825292115630335,True
bayesian-phystwin-prob4d-controlled-decisive-trial,target-common_mode_bias-318520838,common_mode_bias,P1_marginal_gauge_persistent,True,inference-admissible,0.48313930730652854,0.9472718537065475,True,True,0.002166868574363461,0.0006014906239889936,0.0006014906239889936,False,False,0.7224148104295216,0.7224148104295216,1.0,0.0013007888875908942,1.0,0.9986811089010632,0.6468085797907036,False
bayesian-phystwin-prob4d-controlled-decisive-trial,target-common_mode_bias-318520839,common_mode_bias,P1_marginal_gauge_persistent,True,inference-admissible,0.4343533863218948,0.9472718537065475,True,True,0.0044778322534981445,0.00016782091611803677,0.00016782091611803677,False,False,0.9625218394487796,0.9625218394487796,1.0,0.0010832020349041606,1.0,0.9981301839952631,0.7962533173560561,False
bayesian-phystwin-prob4d-controlled-decisive-trial,target-common_mode_bias-318520840,common_mode_bias,P1_marginal_gauge_persistent,True,inference-admissible,0.462337558429346,0.9472718537065475,True,True,0.0013451416824888879,0.00032894382214319223,0.00032894382214319223,False,False,0.7554578625988645,0.7554578625988645,1.0,0.0011069834329621778,1.0,0.9987303522173054,0.6864289623324901,False
bayesian-phystwin-prob4d-controlled-decisive-trial,target-common_mode_bias-318520841,common_mode_bias,P1_marginal_gauge_persistent,True,inference-admissible,0.440715463864223,0.9472718537065475,True,True,0.0073789945348718905,0.0006126123904658181,0.0006126123904658181,False,False,0.9169788800397243,0.9169788800397243,1.0,0.0012896935140761937,1.0,0.9975165005362361,0.791236854855285,False
bayesian-phystwin-prob4d-controlled-decisive-trial,target-common_mode_bias-318520842,common_mode_bias,P1_marginal_gauge_persistent,True,inference-admissible,0.4861422106296096,0.9472718537065475,True,True,0.005111913919006046,0.0005800156504180072,0.0005800156504180072,False,False,0.8865364989301727,0.8865364989301727,1.0,0.0017391171598012897,0.9999999999999964,0.9963846449741249,0.7030321957275675,False
bayesian-phystwin-prob4d-controlled-decisive-trial,target-common_mode_bias-318520843,common_mode_bias,P1_marginal_gauge_persistent,True,inference-admissible,0.43932025887636944,0.9472718537065475,True,True,0.00773261081034473,0.00014669034079144337,0.00014669034079144337,False,False,0.9810296490552454,0.9810296490552454,1.0,0.0011048142569699366,1.0,0.9984254464069298,0.7976280503938442,False
bayesian-phystwin-prob4d-controlled-decisive-trial,target-common_mode_bias-318520844,common_mode_bias,P1_marginal_gauge_persistent,True,inference-admissible,0.3949465062247825,0.9472718537065475,True,True,0.004234796979359111,0.0001949557759775929,0.0001949557759775929,False,False,0.9539633713427516,0.9539633713427516,1.0,0.0009916560590550866,0.9999999999999538,0.9989123944935715,0.9375333224223379,False
bayesian-phystwin-prob4d-controlled-decisive-trial,target-common_mode_bias-318520845,common_mode_bias,P1_marginal_gauge_persistent,True,inference-admissible,0.391836028970155,0.9472718537065475,True,True,0.0028932142403625054,0.00034497469353839794,0.00034497469353839794,False,False,0.8807642072523553,0.8807642072523553,1.0,0.0012903019308329365,1.0,0.9992342526696804,0.9738679989954575,False
bayesian-phystwin-prob4d-controlled-decisive-trial,target-common_mode_bias-318520846,common_mode_bias,P1_marginal_gauge_persistent,True,inference-admissible,0.41249289953209123,0.9472718537065475,True,True,0.007520380728134806,0.0008490532572058503,0.0008490532572058503,False,False,0.8870996977547397,0.8870996977547397,1.0,0.0011628899596895148,1.0,0.9985726625304947,0.8902110878304247,False
bayesian-phystwin-prob4d-controlled-decisive-trial,target-common_mode_bias-318520847,common_mode_bias,P1_marginal_gauge_persistent,True,inference-admissible,0.41856370151927424,0.9472718537065475,True,True,0.008128999459310206,0.00044472456163920576,0.00044472456163920576,False,False,0.9452915990626793,0.9452915990626793,1.0,0.0011575203518137678,1.0,0.9983533612904288,0.8718988189601119,False
bayesian-phystwin-prob4d-controlled-decisive-trial,target-common_mode_bias-318520848,common_mode_bias,P1_marginal_gauge_persistent,True,inference-admissible,0.4170246321047267,0.9472718537065475,True,True,0.0100899831848008,0.0003641199268670097,0.0003641199268670097,False,False,0.9639127320434481,0.9639127320434481,1.0,0.000984036378508174,1.0,0.9962922046876117,0.8646706299666589,False
bayesian-phystwin-prob4d-controlled-decisive-trial,target-common_mode_bias-318520849,common_mode_bias,P1_marginal_gauge_persistent,True,inference-admissible,0.3897441618119732,0.9472718537065475,True,True,0.006939794695010641,0.0005167477620254871,0.0005167477620254871,False,False,0.9255384655115226,0.9255384655115226,1.0,0.0010182359534660736,1.0,0.9969143868341146,0.972034450942008,False
bayesian-phystwin-prob4d-controlled-decisive-trial,target-common_mode_bias-318520850,common_mode_bias,P1_marginal_gauge_persistent,True,inference-admissible,0.04136661831368367,0.9472718537065475,True,True,0.006434460220623743,0.00034925749532987787,0.00034925749532987787,False,False,0.9457207779122735,0.9457207779122735,1.0,0.0010089895523763773,1.0,0.9979555844609491,0.9750414305891877,True
bayesian-phystwin-prob4d-controlled-decisive-trial,target-common_mode_bias-318520851,common_mode_bias,P1_marginal_gauge_persistent,True,inference-admissible,0.4324906908954488,0.9472718537065475,True,True,0.005729999140827842,0.00026835614327774126,0.00026835614327774126,False,False,0.9531664601194041,0.9531664601194041,1.0,0.0009921944913253557,1.0,0.9986837238286439,0.798051911989703,False
bayesian-phystwin-prob4d-controlled-decisive-trial,target-common_mode_bias-318520852,common_mode_bias,P1_marginal_gauge_persistent,True,inference-admissible,0.06566321457760256,0.9472718537065475,True,True,0.005451392990131184,0.00041333062107960154,0.00041333062107960154,False,False,0.9241788985259609,0.9241788985259609,1.0,0.0008597955753027242,1.0,0.9977266700314338,0.8571557099776932,True
bayesian-phystwin-prob4d-controlled-decisive-trial,target-common_mode_bias-318520853,common_mode_bias,P1_marginal_gauge_persistent,True,inference-admissible,0.4006403542445175,0.9472718537065475,True,True,0.00382477786440126,0.0006040822994497516,0.0006040822994497516,False,False,0.8420608148064787,0.8420608148064787,1.0,0.0009143614428866173,1.0,0.9977929370229491,0.9267378220274797,False
bayesian-phystwin-prob4d-controlled-decisive-trial,target-common_mode_bias-318520854,common_mode_bias,P1_marginal_gauge_persistent,True,inference-admissible,0.39472388955241056,0.9472718537065475,True,True,0.008332760428439478,0.00017102097531965246,0.00017102097531965246,False,False,0.9794760719705846,0.9794760719705846,1.0,0.0010435297284397693,1.0,0.9981917071294284,0.9462079707746375,False
bayesian-phystwin-prob4d-controlled-decisive-trial,target-common_mode_bias-318520855,common_mode_bias,P1_marginal_gauge_persistent,True,inference-admissible,0.4288392906543026,0.9472718537065475,True,True,0.00262642597372824,0.0005304540531722451,0.0005304540531722451,False,False,0.7980319801592353,0.7980319801592353,1.0,0.00114175348094175,1.0,0.99724117490621,0.8196309540583873,False
bayesian-phystwin-prob4d-controlled-decisive-trial,target-common_mode_bias-318520856,common_mode_bias,P1_marginal_gauge_persistent,True,inference-admissible,0.43654043395059966,0.9472718537065475,True,True,0.006480846803422644,0.00045375355135398796,0.00045375355135398796,False,False,0.9299854532721938,0.9299854532721938,1.0,0.001085305733208035,1.0,0.9967988699166178,0.8007737057867218,False
bayesian-phystwin-prob4d-controlled-decisive-trial,target-common_mode_bias-318520857,common_mode_bias,P1_marginal_gauge_persistent,True,inference-admissible,0.07169967609786226,0.9472718537065475,True,True,0.006523742223902663,0.000285794293093553,0.000285794293093553,False,False,0.9561916637284629,0.9561916637284629,1.0,0.000970078223283282,1.0,0.9989736013530635,0.8461016910500757,True
bayesian-phystwin-prob4d-controlled-decisive-trial,target-common_mode_bias-318520858,common_mode_bias,P1_marginal_gauge_persistent,True,inference-admissible,0.42087497755080117,0.9472718537065475,True,True,0.006415563427168445,0.0002826409757919863,0.0002826409757919863,False,False,0.9559444811043304,0.9559444811043304,1.0,0.0009449912067932984,1.0,0.9990311575932762,0.8267114467995715,False
bayesian-phystwin-prob4d-controlled-decisive-trial,target-common_mode_bias-318520859,common_mode_bias,P1_marginal_gauge_persistent,True,inference-admissible,0.43125144112435104,0.9472718537065475,True,True,0.001288023918766599,0.0003421742453679282,0.0003421742453679282,False,False,0.734341699418446,0.734341699418446,1.0,0.0011162792563498252,1.0,0.9980306362954167,0.8151340383425664,False
bayesian-phystwin-prob4d-controlled-decisive-trial,target-common_mode_bias-318520860,common_mode_bias,P1_marginal_gauge_persistent,True,inference-admissible,0.44283170121857085,0.9472718537065475,True,True,0.0032444129748338746,0.00041498085426135085,0.00041498085426135085,False,False,0.8720937015477818,0.8720937015477818,1.0,0.0013836356296648828,1.0,0.9983786078373251,0.7797390980379046,False
bayesian-phystwin-prob4d-controlled-decisive-trial,target-common_mode_bias-318520861,common_mode_bias,P1_marginal_gauge_persistent,True,inference-admissible,0.4129308281608404,0.9472718537065475,True,True,0.008344041886215398,0.000278090029315116,0.000278090029315116,False,False,0.9666720238096445,0.9666720238096445,1.0,0.0011989298278200276,1.0,0.9971372522781362,0.8962136932138189,False
bayesian-phystwin-prob4d-controlled-decisive-trial,target-common_mode_bias-318520862,common_mode_bias,P1_marginal_gauge_persistent,True,inference-admissible,0.11299895750840341,0.9472718537065475,True,True,0.005270443916976497,0.0003362269158193392,0.0003362269158193392,False,False,0.9362051999573837,0.9362051999573837,1.0,0.0009396939190566178,1.0,0.9988621666645235,0.6695397169142719,True
bayesian-phystwin-prob4d-controlled-decisive-trial,target-common_mode_bias-318520863,common_mode_bias,P1_marginal_gauge_persistent,True,inference-admissible,0.3927783614021506,0.9472718537065475,True,True,0.006611376573394591,0.00017730857418320068,0.00017730857418320068,False,False,0.9731812925470433,0.9731812925470433,1.0,0.0009924852913117037,0.9999999999998828,0.9974339544433896,0.9387559181998556,False
bayesian-phystwin-prob4d-controlled-decisive-trial,target-common_mode_bias-318520864,common_mode_bias,P1_marginal_gauge_persistent,True,inference-admissible,0.38825843154571105,0.9472718537065475,True,True,0.005668348769646425,0.00023408718813001686,0.00023408718813001686,False,False,0.9587027549568693,0.9587027549568693,1.0,0.0009979617390662673,1.0,0.9989890293998932,0.9753075677260529,False
bayesian-phystwin-prob4d-controlled-decisive-trial,target-common_mode_bias-318520865,common_mode_bias,P1_marginal_gauge_persistent,True,inference-admissible,0.44446934054189857,0.9472718537065475,True,True,0.005960685588147554,0.00031322274311599587,0.00031322274311599587,False,False,0.9474518931616156,0.9474518931616156,1.0,0.0013243206714401486,1.0,0.9981768250274085,0.7946894996096201,False
bayesian-phystwin-prob4d-controlled-decisive-trial,target-common_mode_bias-318520866,common_mode_bias,P1_marginal_gauge_persistent,True,inference-admissible,0.38627192201538385,0.9472718537065475,True,True,0.008269995405680141,0.00030742669447260856,0.00030742669447260856,False,False,0.9628262557121305,0.9628262557121305,1.0,0.0010167430994850255,1.0,0.998411111897159,0.979022231729754,False
bayesian-phystwin-prob4d-controlled-decisive-trial,target-common_mode_bias-318520867,common_mode_bias,P1_marginal_gauge_persistent,True,inference-admissible,0.4616173117623423,0.9472718537065475,True,True,0.0098135573893855,0.0004485942716880647,0.0004485942716880647,False,False,0.9542883121901063,0.9542883121901063,1.0,0.0011343904341520885,1.0,0.9984956221972413,0.7026313769204501,False
bayesian-phystwin-prob4d-controlled-decisive-trial,target-outlier_groups-318620804,outlier_groups,P1_marginal_gauge_persistent,True,inference-admissible,0.08628862435803028,0.9472718537065475,True,True,0.007023840494156033,0.0007132467138100453,0.0007132467138100453,False,False,0.8984534579901864,0.8984534579901864,1.0,0.0009619120610708893,0.9891519866782243,0.9968580474663947,0.8247737510595129,True
bayesian-phystwin-prob4d-controlled-decisive-trial,target-outlier_groups-318620805,outlier_groups,P1_marginal_gauge_persistent,True,inference-admissible,0.08749791234737164,0.9472718537065475,True,True,0.004209501043148014,0.00038615757074825745,0.00038615757074825745,False,False,0.9082652393264463,0.9082652393264463,1.0,0.0008428509956762451,1.0,0.9975787885053243,0.7601687132990961,True
bayesian-phystwin-prob4d-controlled-decisive-trial,target-outlier_groups-318620806,outlier_groups,P1_marginal_gauge_persistent,True,inference-admissible,0.45831923177924566,0.9472718537065475,True,True,0.005482039982217522,0.00035513968361859183,0.00035513968361859183,False,False,0.935217604254879,0.935217604254879,1.0,0.002066922719528443,0.9938031358169929,0.9986472031365182,0.8353624757775852,False
bayesian-phystwin-prob4d-controlled-decisive-trial,target-outlier_groups-318620807,outlier_groups,P1_marginal_gauge_persistent,True,inference-admissible,0.06157418199436605,0.9472718537065475,True,True,0.0027870019818157657,0.00018700974444831644,0.00018700974444831644,False,False,0.9328993141488628,0.9328993141488628,1.0,0.0009416951379792524,1.0,0.9978379173656706,0.8726472072886966,True
bayesian-phystwin-prob4d-controlled-decisive-trial,target-outlier_groups-318620808,outlier_groups,P1_marginal_gauge_persistent,True,inference-admissible,0.09828431407550503,0.9472718537065475,True,True,0.0035276871034583754,0.000614140410565252,0.000614140410565252,False,False,0.8259084798186387,0.8259084798186387,1.0,0.0015345078727263372,0.9934349420887064,0.9980316244281447,0.844641273816649,True
bayesian-phystwin-prob4d-controlled-decisive-trial,target-outlier_groups-318620809,outlier_groups,P1_marginal_gauge_persistent,True,inference-admissible,0.07366692158308542,0.9472718537065475,True,True,0.005699417962161836,0.0004989727940250011,0.0004989727940250011,False,False,0.9124519736335083,0.9124519736335083,1.0,0.001028797807056711,0.9999721129802693,0.9981217141347092,0.8403352612974611,True
bayesian-phystwin-prob4d-controlled-decisive-trial,target-outlier_groups-318620810,outlier_groups,P1_marginal_gauge_persistent,True,inference-admissible,0.4004036278833153,0.9472718537065475,True,True,0.008394459291973952,0.00013796929495309363,0.00013796929495309363,False,False,0.983564242775588,0.983564242775588,1.0,0.0016043218242035688,1.0,0.998011861247475,0.9794651001973464,False
bayesian-phystwin-prob4d-controlled-decisive-trial,target-outlier_groups-318620811,outlier_groups,P1_marginal_gauge_persistent,True,inference-admissible,0.11039120329148842,0.9472718537065475,True,True,0.004938773239930861,0.0007390749108535856,0.0007390749108535856,False,False,0.8503525319044751,0.8503525319044751,1.0,0.0019490429693739108,0.9898679668461436,0.9979701732823856,0.8575986502048274,True
bayesian-phystwin-prob4d-controlled-decisive-trial,target-outlier_groups-318620812,outlier_groups,P1_marginal_gauge_persistent,True,inference-admissible,0.09052508138139281,0.9472718537065475,True,True,0.006473374229803501,0.0003363453382635947,0.0003363453382635947,False,False,0.9480417281122021,0.9480417281122021,1.0,0.0019509126532883368,0.9999174045857256,0.9980150805519137,0.9108403479281203,True
bayesian-phystwin-prob4d-controlled-decisive-trial,target-outlier_groups-318620813,outlier_groups,P1_marginal_gauge_persistent,True,inference-admissible,0.08172887999936689,0.9472718537065475,True,True,0.0033354537764697986,0.00037865052449107694,0.00037865052449107694,False,False,0.8864770583354221,0.8864770583354221,1.0,0.0010476568741748843,1.0,0.9989113893237173,0.8283204114113714,True
bayesian-phystwin-prob4d-controlled-decisive-trial,target-outlier_groups-318620814,outlier_groups,P1_marginal_gauge_persistent,True,inference-admissible,0.4097902045628518,0.9472718537065475,True,True,0.0014098529851265733,0.0004879885181015137,0.0004879885181015137,False,False,0.653872763153597,0.653872763153597,1.0,0.0010666472685800252,0.9898328682519796,0.9976439157449849,0.9483651351258291,False
bayesian-phystwin-prob4d-controlled-decisive-trial,target-outlier_groups-318620815,outlier_groups,P1_marginal_gauge_persistent,True,inference-admissible,0.50760170454115,0.9472718537065475,True,True,0.004353631756905266,0.0006929928017058836,0.0006929928017058836,False,False,0.8408242036991915,0.8408242036991915,1.0,0.0015480956202708256,0.9357483575803962,0.9980058013437763,0.8370309418838416,False
bayesian-phystwin-prob4d-controlled-decisive-trial,target-outlier_groups-318620816,outlier_groups,P1_marginal_gauge_persistent,True,inference-admissible,0.11111010643460345,0.9472718537065475,True,True,0.0032225117487154876,4.824996359944302e-05,4.824996359944302e-05,False,False,0.9850272187157499,0.9850272187157499,1.0,0.001329350149157215,0.9998347651814199,0.9977933218729631,0.746713094104897,True
bayesian-phystwin-prob4d-controlled-decisive-trial,target-outlier_groups-318620817,outlier_groups,P1_marginal_gauge_persistent,True,inference-admissible,0.06508406523904448,0.9472718537065475,True,True,0.005714529967902613,0.00021700192129332752,0.00021700192129332752,False,False,0.9620262869366012,0.9620262869366012,1.0,0.0009079072494418359,0.998899772064733,0.9977396662196992,0.8652272638581718,True
bayesian-phystwin-prob4d-controlled-decisive-trial,target-outlier_groups-318620818,outlier_groups,P1_marginal_gauge_persistent,True,inference-admissible,0.06602544980184552,0.9472718537065475,True,True,0.003991418654500563,0.0001640249465531648,0.0001640249465531648,False,False,0.9589056020549944,0.9589056020549944,1.0,0.0008668904213550021,0.9999999456153775,0.9990502513227013,0.8378936106334233,True
bayesian-phystwin-prob4d-controlled-decisive-trial,target-outlier_groups-318620819,outlier_groups,P1_marginal_gauge_persistent,True,inference-admissible,0.438087214837251,0.9472718537065475,True,True,0.006028005342670893,0.00033842821318173127,0.00033842821318173127,False,False,0.9438573468430637,0.9438573468430637,1.0,0.00204298312282989,0.9994269862701199,0.9989491229965032,0.9365262466463324,False
bayesian-phystwin-prob4d-controlled-decisive-trial,target-outlier_groups-318620820,outlier_groups,P1_marginal_gauge_persistent,True,inference-admissible,0.08195678687225072,0.9472718537065475,True,True,0.007864563062623916,0.0002903239572181703,0.0002903239572181703,False,False,0.9630845407549816,0.9630845407549816,1.0,0.0010461965428922163,0.9966292201812297,0.9980856767669141,0.8175449818847281,True
bayesian-phystwin-prob4d-controlled-decisive-trial,target-outlier_groups-318620821,outlier_groups,P1_marginal_gauge_persistent,True,inference-admissible,0.45848879414979715,0.9472718537065475,True,True,0.005185284027451402,0.0006377234873508262,0.0006377234873508262,False,False,0.8770128147321042,0.8770128147321042,1.0,0.0013780416990575525,0.9999958328889108,0.9975188997992842,0.7682047639673781,False
bayesian-phystwin-prob4d-controlled-decisive-trial,target-outlier_groups-318620822,outlier_groups,P1_marginal_gauge_persistent,True,inference-admissible,0.058036128918773175,0.9472718537065475,True,True,0.004383958785774099,0.0002763677947305035,0.0002763677947305035,False,False,0.936959308187998,0.936959308187998,1.0,0.0009143991594201534,1.0,0.9986929585220983,0.8834976677821132,True
bayesian-phystwin-prob4d-controlled-decisive-trial,target-outlier_groups-318620823,outlier_groups,P1_marginal_gauge_persistent,True,inference-admissible,0.07699617868931913,0.9472718537065475,True,True,0.008786778929080493,0.0005623607461839434,0.0005623607461839434,False,False,0.9359992153298896,0.9359992153298896,1.0,0.0013409295826218946,0.9930770430273586,0.9980307721314453,0.899705634074942,True
bayesian-phystwin-prob4d-controlled-decisive-trial,target-outlier_groups-318620824,outlier_groups,P1_marginal_gauge_persistent,True,inference-admissible,0.4217138285482072,0.9472718537065475,True,True,0.0029386787390966434,0.0005432221100892772,0.0005432221100892772,False,False,0.8151475005205009,0.8151475005205009,1.0,0.0016016044926134183,1.0,0.9979158773571672,0.9423159315314512,False
bayesian-phystwin-prob4d-controlled-decisive-trial,target-outlier_groups-318620825,outlier_groups,P1_marginal_gauge_persistent,True,inference-admissible,0.45240321400192574,0.9472718537065475,True,True,0.005846805819354886,0.00018395088139075788,0.00018395088139075788,False,False,0.9685382263283281,0.9685382263283281,1.0,0.0011464528438485547,0.9782454070864038,0.9981353650443047,0.8506795849498094,False
bayesian-phystwin-prob4d-controlled-decisive-trial,target-outlier_groups-318620826,outlier_groups,P1_marginal_gauge_persistent,True,inference-admissible,0.4419696622579854,0.9472718537065475,True,True,0.006761264262104678,6.454825491631945e-05,6.454825491631945e-05,False,False,0.9904532270276585,0.9904532270276585,1.0,0.0010450872499665057,1.0,0.9961948628188746,0.7941289036173832,False
bayesian-phystwin-prob4d-controlled-decisive-trial,target-outlier_groups-318620827,outlier_groups,P1_marginal_gauge_persistent,True,inference-admissible,0.41528222416797156,0.9472718537065475,True,True,0.007094242189008854,0.0003198248475367289,0.0003198248475367289,False,False,0.9549176869049896,0.9549176869049896,1.0,0.0010946751329103325,0.9921061921521612,0.9977590851606805,0.9174095471689425,False
bayesian-phystwin-prob4d-controlled-decisive-trial,target-outlier_groups-318620828,outlier_groups,P1_marginal_gauge_persistent,True,inference-admissible,0.08031695426067756,0.9472718537065475,True,True,0.009541211456635394,0.0002951136850828726,0.0002951136850828726,False,False,0.9690695792222865,0.9690695792222865,1.0,0.001230894248663522,0.999984325698646,0.9976323235155292,0.8198314434924134,True
bayesian-phystwin-prob4d-controlled-decisive-trial,target-outlier_groups-318620829,outlier_groups,P1_marginal_gauge_persistent,True,inference-admissible,0.4387468848351691,0.9472718537065475,True,True,0.007783334249463878,0.0004276104796376463,0.0004276104796376463,False,False,0.9450607585473924,0.9450607585473924,1.0,0.0009671347468249233,0.9999999999999645,0.9979822932350226,0.7566574913863343,False
bayesian-phystwin-prob4d-controlled-decisive-trial,target-outlier_groups-318620830,outlier_groups,P1_marginal_gauge_persistent,True,inference-admissible,0.4416897031549293,0.9472718537065475,True,True,0.009013578109553708,0.00028536724290580275,0.00028536724290580275,False,False,0.968340292896188,0.968340292896188,1.0,0.0010021628502292924,1.0,0.9984234302234726,0.7427878245073335,False
bayesian-phystwin-prob4d-controlled-decisive-trial,target-outlier_groups-318620831,outlier_groups,P1_marginal_gauge_persistent,True,inference-admissible,0.08577895070236377,0.9472718537065475,True,True,0.004055062535084113,0.0006782138792254739,0.0006782138792254739,False,False,0.8327488482957746,0.8327488482957746,1.0,0.001757865849532226,0.9999276088385423,0.9980987600931345,0.8821677806918572,True
bayesian-phystwin-prob4d-controlled-decisive-trial,target-outlier_groups-318620832,outlier_groups,P1_marginal_gauge_persistent,True,inference-admissible,0.09530505671719323,0.9472718537065475,True,True,0.002614853293663056,0.00013348134326762536,0.00013348134326762536,False,False,0.9489526454156684,0.9489526454156684,1.0,0.0009231885457967725,1.0,0.9986974150258042,0.7287444942502908,True
bayesian-phystwin-prob4d-controlled-decisive-trial,target-outlier_groups-318620833,outlier_groups,P1_marginal_gauge_persistent,True,inference-admissible,0.07557990102844023,0.9472718537065475,True,True,0.006288378144585268,0.00033732179532987506,0.00033732179532987506,False,False,0.9463579022167532,0.9463579022167532,1.0,0.0016514209303464212,0.999999642989919,0.9985592575669465,0.9052167935500166,True
bayesian-phystwin-prob4d-controlled-decisive-trial,target-outlier_groups-318620834,outlier_groups,P1_marginal_gauge_persistent,True,inference-admissible,0.4766593433430382,0.9472718537065475,True,True,0.004684203327899956,0.0004297424747220615,0.0004297424747220615,False,False,0.9082570835124859,0.9082570835124859,1.0,0.001585746360370709,0.9649926918424168,0.9961339454073073,0.8593565510359013,False
bayesian-phystwin-prob4d-controlled-decisive-trial,target-outlier_groups-318620835,outlier_groups,P1_marginal_gauge_persistent,True,inference-admissible,0.42690253110581267,0.9472718537065475,True,True,0.007868065380772645,0.00015002911670014012,0.00015002911670014012,False,False,0.9809318924742582,0.9809318924742582,1.0,0.0011273208956864586,1.0,0.9988924294631719,0.8339056065697987,False
bayesian-phystwin-prob4d-controlled-decisive-trial,target-outlier_groups-318620836,outlier_groups,P1_marginal_gauge_persistent,True,inference-admissible,0.08952749519888065,0.9472718537065475,True,True,0.006350347350129486,0.000712928353533799,0.000712928353533799,False,False,0.8877339593842435,0.8877339593842435,1.0,0.0011939140929448655,1.0,0.9990089912790973,0.7930519416098045,True
bayesian-phystwin-prob4d-controlled-decisive-trial,target-outlier_groups-318620837,outlier_groups,P1_marginal_gauge_persistent,True,inference-admissible,0.41840384114781604,0.9472718537065475,True,True,0.0008354583458070945,0.0007726258461013361,0.0007726258461013361,False,False,0.07520722010988956,0.07520722010988956,1.0,0.0015661562467880518,0.9999916852957615,0.998242789878207,0.9292349683325261,False
bayesian-phystwin-prob4d-controlled-decisive-trial,target-outlier_groups-318620838,outlier_groups,P1_marginal_gauge_persistent,True,inference-admissible,0.405947774925241,0.9472718537065475,True,True,0.004915684377988328,0.0002954012660062574,0.0002954012660062574,False,False,0.9399063806193461,0.9399063806193461,1.0,0.0015314657369372466,0.9999089788050995,0.9974165288325445,0.965557128318133,False
bayesian-phystwin-prob4d-controlled-decisive-trial,target-outlier_groups-318620839,outlier_groups,P1_marginal_gauge_persistent,True,inference-admissible,0.06755428745022446,0.9472718537065475,True,True,0.0022628799646034056,0.0006649936783279926,0.0006649936783279926,False,False,0.7061294948340134,0.7061294948340134,1.0,0.0009127559163530874,0.9987926994075588,0.9987658357808508,0.8562703063967563,True
bayesian-phystwin-prob4d-controlled-decisive-trial,target-outlier_groups-318620840,outlier_groups,P1_marginal_gauge_persistent,True,inference-admissible,0.08746279320274065,0.9472718537065475,True,True,0.005601483911017078,0.00027919493636022945,0.00027919493636022945,False,False,0.9501569689754701,0.9501569689754701,1.0,0.0012378428884216258,0.9973368184558,0.998853114398614,0.8076691200152157,True
bayesian-phystwin-prob4d-controlled-decisive-trial,target-outlier_groups-318620841,outlier_groups,P1_marginal_gauge_persistent,True,inference-admissible,0.043421726502514274,0.9472718537065475,True,True,0.005069787761840298,0.000589551960634084,0.000589551960634084,False,False,0.8837126940359175,0.8837126940359175,1.0,0.0010714369038033857,0.9995995103070276,0.9980582986402516,0.9926278518538707,True
bayesian-phystwin-prob4d-controlled-decisive-trial,target-outlier_groups-318620842,outlier_groups,P1_marginal_gauge_persistent,True,inference-admissible,0.045259786461092896,0.9472718537065475,True,True,0.0024374765926138907,0.00038484816373494344,0.00038484816373494344,False,False,0.8421120576496525,0.8421120576496525,1.0,0.001020926251674761,0.9999915554973265,0.997249936625485,0.953674187573312,True
bayesian-phystwin-prob4d-controlled-decisive-trial,target-outlier_groups-318620843,outlier_groups,P1_marginal_gauge_persistent,True,inference-admissible,0.4034108231942682,0.9472718537065475,True,True,0.01096661810052434,0.00030682068614037614,0.00030682068614037614,False,False,0.9720223059353451,0.9720223059353451,1.0,0.0010525162508757413,1.0,0.9981099207320212,0.9168352184298914,False
bayesian-phystwin-prob4d-controlled-decisive-trial,target-outlier_groups-318620844,outlier_groups,P1_marginal_gauge_persistent,True,inference-admissible,0.45733629092753314,0.9472718537065475,True,True,0.008060665055709676,0.0004772643906478822,0.0004772643906478822,False,False,0.9407909412747751,0.9407909412747751,1.0,0.0015927993688790495,0.9982119167517464,0.9980845614780697,0.7692010629094801,False
bayesian-phystwin-prob4d-controlled-decisive-trial,target-outlier_groups-318620845,outlier_groups,P1_marginal_gauge_persistent,True,inference-admissible,0.0667476689819875,0.9472718537065475,True,True,0.0034769856246215616,0.0005042451858322729,0.0005042451858322729,False,False,0.8549763386245937,0.8549763386245937,1.0,0.001717823941625326,0.9984190545115667,0.9968599570268012,0.9673705985852922,True
bayesian-phystwin-prob4d-controlled-decisive-trial,target-outlier_groups-318620846,outlier_groups,P1_marginal_gauge_persistent,True,inference-admissible,0.16100091542088446,0.9472718537065475,True,True,0.0022690001527822384,0.0005269868953835052,0.0005269868953835052,False,False,0.7677448832529534,0.7677448832529534,1.0,0.0019260948662445654,0.9995752959554303,0.997053763414971,0.5950018842109105,True
bayesian-phystwin-prob4d-controlled-decisive-trial,target-outlier_groups-318620847,outlier_groups,P1_marginal_gauge_persistent,True,inference-admissible,0.07900844655719425,0.9472718537065475,True,True,0.005223493703635257,0.0002985488445776599,0.0002985488445776599,False,False,0.9428449881408133,0.9428449881408133,1.0,0.0015628342228384898,0.9994025311621015,0.9990664267070238,0.8909097902018663,True
bayesian-phystwin-prob4d-controlled-decisive-trial,target-outlier_groups-318620848,outlier_groups,P1_marginal_gauge_persistent,True,inference-admissible,0.10935471187600088,0.9472718537065475,True,True,0.008769605870200436,0.0002925156507445852,0.0002925156507445852,False,False,0.9666443788838255,0.9666443788838255,1.0,0.0010193764578134664,0.9988524716551798,0.9978093252121414,0.7019584641386583,True
bayesian-phystwin-prob4d-controlled-decisive-trial,target-outlier_groups-318620849,outlier_groups,P1_marginal_gauge_persistent,True,inference-admissible,0.40074013046244295,0.9472718537065475,True,True,0.0025200222035358507,0.0003846433800826001,0.0003846433800826001,False,False,0.8473650829175609,0.8473650829175609,1.0,0.0010003557521197613,1.0,0.9983579879673918,0.954696323386038,False
bayesian-phystwin-prob4d-controlled-decisive-trial,target-outlier_groups-318620850,outlier_groups,P1_marginal_gauge_persistent,True,inference-admissible,0.08272531806370964,0.9472718537065475,True,True,0.0068105593255386775,0.0005161848600781314,0.0005161848600781314,False,False,0.9242081545134615,0.9242081545134615,1.0,0.0013497089241185651,0.997039045370314,0.9989310808452706,0.8440222219892539,True
bayesian-phystwin-prob4d-controlled-decisive-trial,target-outlier_groups-318620851,outlier_groups,P1_marginal_gauge_persistent,True,inference-admissible,0.42443153096764474,0.9472718537065475,True,True,0.008308912834170488,0.00034248924633206745,0.00034248924633206745,False,False,0.9587804983434683,0.9587804983434683,1.0,0.0014514324097834868,1.0,0.9977141185249983,0.8835469813110217,False
bayesian-phystwin-prob4d-controlled-decisive-trial,target-outlier_groups-318620852,outlier_groups,P1_marginal_gauge_persistent,True,inference-admissible,0.06865089688622766,0.9472718537065475,True,True,0.00815946170854626,0.0006089062912540424,0.0006089062912540424,False,False,0.9253742081274465,0.9253742081274465,1.0,0.0013219766961960198,0.9869327608426182,0.9986432366809063,0.9680111935304023,True
bayesian-phystwin-prob4d-controlled-decisive-trial,target-outlier_groups-318620853,outlier_groups,P1_marginal_gauge_persistent,True,inference-admissible,0.06621144051262201,0.9472718537065475,True,True,0.00522498249783747,0.0003292743603567532,0.0003292743603567532,False,False,0.936980772568514,0.936980772568514,1.0,0.0010620641176402044,0.9999956827522167,0.9985048962852169,0.8698680085008835,True
bayesian-phystwin-prob4d-controlled-decisive-trial,target-outlier_groups-318620854,outlier_groups,P1_marginal_gauge_persistent,True,inference-admissible,0.07389726188275231,0.9472718537065475,True,True,0.0046747177540388115,0.0003759364768449961,0.0003759364768449961,False,False,0.9195809251756004,0.9195809251756004,1.0,0.0010930641957540028,0.9998671191044798,0.9983890345518616,0.8274700165687546,True
bayesian-phystwin-prob4d-controlled-decisive-trial,target-outlier_groups-318620855,outlier_groups,P1_marginal_gauge_persistent,True,inference-admissible,0.07812914553348997,0.9472718537065475,True,True,0.007766580735628449,0.0004473851765707786,0.0004473851765707786,False,False,0.9423961210473946,0.9423961210473946,1.0,0.0009369918214267263,0.999999999976847,0.9988787027158033,0.8053967301807863,True
bayesian-phystwin-prob4d-controlled-decisive-trial,target-outlier_groups-318620856,outlier_groups,P1_marginal_gauge_persistent,True,inference-admissible,0.09410182093185204,0.9472718537065475,True,True,0.00723967364554318,0.00016972793602641547,0.00016972793602641547,False,False,0.976555858131685,0.976555858131685,1.0,0.0010383130200173848,1.0,0.9950418121329122,0.7674104836398216,True
bayesian-phystwin-prob4d-controlled-decisive-trial,target-outlier_groups-318620857,outlier_groups,P1_marginal_gauge_persistent,True,inference-admissible,0.4245367215133477,0.9472718537065475,True,True,0.005611865404624781,0.0001758169370649798,0.0001758169370649798,False,False,0.9686705000230248,0.9686705000230248,1.0,0.0010706661656244894,1.0,0.9980182618173276,0.8246892979736344,False
bayesian-phystwin-prob4d-controlled-decisive-trial,target-outlier_groups-318620858,outlier_groups,P1_marginal_gauge_persistent,True,inference-admissible,0.10783227317951051,0.9472718537065475,True,True,0.004501614660123775,0.00043335679910945605,0.00043335679910945605,False,False,0.903733030961486,0.903733030961486,1.0,0.0009643329107371828,0.9811964351853837,0.9986627227196669,0.7791056009006683,True
bayesian-phystwin-prob4d-controlled-decisive-trial,target-outlier_groups-318620859,outlier_groups,P1_marginal_gauge_persistent,True,inference-admissible,0.49866781422650164,0.9472718537065475,True,True,0.006392628308591071,0.00041064516698545575,0.00041064516698545575,False,False,0.9357627024187237,0.9357627024187237,1.0,0.00189323825245177,0.9968835814714089,0.9982259403335157,0.6537803573427845,False
bayesian-phystwin-prob4d-controlled-decisive-trial,target-outlier_groups-318620860,outlier_groups,P1_marginal_gauge_persistent,True,inference-admissible,0.08419739697751133,0.9472718537065475,True,True,0.005726351765468711,0.0005873681671779527,0.0005873681671779527,False,False,0.8974271593442923,0.8974271593442923,1.0,0.0016060280541873168,0.9868691972130261,0.9974288712731465,0.93079827786712,True
bayesian-phystwin-prob4d-controlled-decisive-trial,target-outlier_groups-318620861,outlier_groups,P1_marginal_gauge_persistent,True,inference-admissible,0.43106619926025913,0.9472718537065475,True,True,0.004273625823784311,0.0003873005903672542,0.0003873005903672542,False,False,0.9093742395013192,0.9093742395013192,1.0,0.0014460550493347148,0.9997732037451088,0.9983775155304204,0.8636704482629797,False
bayesian-phystwin-prob4d-controlled-decisive-trial,target-outlier_groups-318620862,outlier_groups,P1_marginal_gauge_persistent,True,inference-admissible,0.09537573573149005,0.9472718537065475,True,True,0.009887514540903426,0.0014086275687577403,0.0014086275687577403,False,False,0.8575347158347609,0.8575347158347609,1.0,0.0017844886805907893,0.9997989381667811,0.9970566129751668,0.8435356580437282,True
bayesian-phystwin-prob4d-controlled-decisive-trial,target-outlier_groups-318620863,outlier_groups,P1_marginal_gauge_persistent,True,inference-admissible,0.12638278512561527,0.9472718537065475,True,True,0.00308407611467401,0.0006082223635854174,0.0006082223635854174,False,False,0.8027862021006874,0.8027862021006874,1.0,0.0015227897842602755,0.9999976240073425,0.9979652261890396,0.7283911331267419,True
bayesian-phystwin-prob4d-controlled-decisive-trial,target-outlier_groups-318620864,outlier_groups,P1_marginal_gauge_persistent,True,inference-admissible,0.08336521256427426,0.9472718537065475,True,True,0.0018251786450019201,0.0005067191093069301,0.0005067191093069301,False,False,0.7223728698039873,0.7223728698039873,1.0,0.0011502322715088074,0.9999822847438059,0.9980793656333218,0.8056512448608663,True
bayesian-phystwin-prob4d-controlled-decisive-trial,target-outlier_groups-318620865,outlier_groups,P1_marginal_gauge_persistent,True,inference-admissible,0.06498294541210303,0.9472718537065475,True,True,0.0026002370655815923,0.0004360670052865625,0.0004360670052865625,False,False,0.8322972120278472,0.8322972120278472,1.0,0.0010867545500520194,0.9999974930788013,0.9986531021956705,0.8790481330892375,True
bayesian-phystwin-prob4d-controlled-decisive-trial,target-outlier_groups-318620866,outlier_groups,P1_marginal_gauge_persistent,True,inference-admissible,0.07352309055325792,0.9472718537065475,True,True,0.006381164470297762,0.00047049288238460926,0.00047049288238460926,False,False,0.9262684914995374,0.9262684914995374,1.0,0.0010659642405263644,0.9995170613360722,0.9992617637441085,0.8530729064964073,True
bayesian-phystwin-prob4d-controlled-decisive-trial,target-outlier_groups-318620867,outlier_groups,P1_marginal_gauge_persistent,True,inference-admissible,0.16781668140397316,0.9472718537065475,True,True,0.00525994850751076,0.0004896254884575189,0.0004896254884575189,False,False,0.9069143951203371,0.9069143951203371,1.0,0.0014615985216092798,0.9974916466451836,0.9982137493035212,0.539826143222268,True
bayesian-phystwin-prob4d-controlled-decisive-trial,target-weak_identifiability-318720804,weak_identifiability,P1_marginal_gauge_persistent,True,inference-admissible,0.949041174727318,0.9472718537065475,False,True,0.010832019976097715,0.0010249462126693232,0.010832019976097715,False,False,0.9053781090755924,0.0,1.0,0.002853146188589119,1.0,0.1804973226728969,0.5866369041330911,False
bayesian-phystwin-prob4d-controlled-decisive-trial,target-weak_identifiability-318720805,weak_identifiability,P1_marginal_gauge_persistent,True,inference-admissible,0.5822263508401093,0.9472718537065475,True,True,0.011429269540722637,0.005248491221075228,0.005248491221075228,False,False,0.5407850692141973,0.5407850692141973,0.0,0.002589419239435806,1.0,0.1784739702644045,0.6486280316858231,True
bayesian-phystwin-prob4d-controlled-decisive-trial,target-weak_identifiability-318720806,weak_identifiability,P1_marginal_gauge_persistent,True,inference-admissible,0.5945930941318366,0.9472718537065475,True,True,0.007758338809505293,0.008905369757839263,0.008905369757839263,True,True,-0.14784491583799642,-0.14784491583799642,0.0,0.0026367113433778087,1.0,0.18160580049488942,0.5925077574337876,True
bayesian-phystwin-prob4d-controlled-decisive-trial,target-weak_identifiability-318720807,weak_identifiability,P1_marginal_gauge_persistent,True,inference-admissible,0.5692091430854884,0.9472718537065475,True,True,0.008992024054404513,0.004075312116025012,0.004075312116025012,False,False,0.5467858969940339,0.5467858969940339,0.0,0.0026043532518127102,1.0,0.18092978156947573,0.696728479653536,True
bayesian-phystwin-prob4d-controlled-decisive-trial,target-weak_identifiability-318720808,weak_identifiability,P1_marginal_gauge_persistent,True,inference-admissible,0.5653973560630176,0.9472718537065475,True,True,0.004375259120309621,0.00355926458592146,0.00355926458592146,False,False,0.18650199038506687,0.18650199038506687,0.0,0.0025943369085010414,1.0,0.17816124165437486,0.7322073855819494,True
bayesian-phystwin-prob4d-controlled-decisive-trial,target-weak_identifiability-318720809,weak_identifiability,P1_marginal_gauge_persistent,True,inference-admissible,0.604622919848126,0.9472718537065475,True,True,0.011759734922268361,0.006291047032255474,0.006291047032255474,False,False,0.465034962621251,0.465034962621251,0.0,0.002721668906098854,1.0,0.17718182423557058,0.5902504639487863,True
bayesian-phystwin-prob4d-controlled-decisive-trial,target-weak_identifiability-318720810,weak_identifiability,P1_marginal_gauge_persistent,True,inference-admissible,0.9597262566084768,0.9472718537065475,False,True,0.002438066949580228,0.002430420725837607,0.002438066949580228,False,False,0.003136182845158264,0.0,1.0,0.0032130162034764566,1.0,0.1808420255154264,0.5999197630743507,False
bayesian-phystwin-prob4d-controlled-decisive-trial,target-weak_identifiability-318720811,weak_identifiability,P1_marginal_gauge_persistent,True,inference-admissible,0.5999788705710744,0.9472718537065475,True,True,0.004100492522023597,0.006434952703120239,0.006434952703120239,True,True,-0.5693121420313147,-0.5693121420313147,0.0,0.002753572825901978,1.0,0.18219887145601535,0.5879793137743725,True
bayesian-phystwin-prob4d-controlled-decisive-trial,target-weak_identifiability-318720812,weak_identifiability,P1_marginal_gauge_persistent,True,inference-admissible,0.8965036239855613,0.9472718537065475,True,True,0.008504625643186065,0.007043621972729915,0.007043621972729915,False,False,0.1717892981717204,0.1717892981717204,0.0,0.0032889546002647114,1.0,0.17832753535731252,0.8618888674256496,False
bayesian-phystwin-prob4d-controlled-decisive-trial,target-weak_identifiability-318720813,weak_identifiability,P1_marginal_gauge_persistent,True,inference-admissible,0.9569928088647298,0.9472718537065475,False,True,0.010597500123673585,0.0027161554642071476,0.010597500123673585,False,False,0.7436984729880236,0.0,0.0,0.0030474619772417597,1.0,0.18084677111022018,0.5938435072281305,False
bayesian-phystwin-prob4d-controlled-decisive-trial,target-weak_identifiability-318720814,weak_identifiability,P1_marginal_gauge_persistent,True,inference-admissible,0.5981798233596283,0.9472718537065475,True,True,0.0029103265204323786,0.004035974631217608,0.004035974631217608,True,True,-0.3867772577689994,-0.3867772577689994,0.0,0.002461208503407413,1.0,0.18128291430154625,0.5639969105666403,True
bayesian-phystwin-prob4d-controlled-decisive-trial,target-weak_identifiability-318720815,weak_identifiability,P1_marginal_gauge_persistent,True,inference-admissible,0.5570584746345748,0.9472718537065475,True,True,0.007646028675287816,0.0049411438684593195,0.0049411438684593195,False,False,0.35376336156974686,0.35376336156974686,0.0,0.0023543808428896245,1.0,0.17917695543614698,0.7129777173497652,True
bayesian-phystwin-prob4d-controlled-decisive-trial,target-weak_identifiability-318720816,weak_identifiability,P1_marginal_gauge_persistent,True,inference-admissible,0.5773499992059705,0.9472718537065475,True,True,0.012063719250199155,0.00024996554579425175,0.00024996554579425175,False,False,0.9792795620811446,0.9792795620811446,1.0,0.0024318050483844614,1.0,0.18175699070093082,0.6285684147369148,True
bayesian-phystwin-prob4d-controlled-decisive-trial,target-weak_identifiability-318720817,weak_identifiability,P1_marginal_gauge_persistent,True,inference-admissible,0.9374716971698374,0.9472718537065475,True,True,0.004965553368754771,0.007265982489535368,0.007265982489535368,True,True,-0.4632774939558215,-0.4632774939558215,0.0,0.003073792850377876,1.0,0.18187477476433458,0.6711616574095474,False
bayesian-phystwin-prob4d-controlled-decisive-trial,target-weak_identifiability-318720818,weak_identifiability,P1_marginal_gauge_persistent,True,inference-admissible,0.9499687418600664,0.9472718537065475,False,True,0.002197753064924715,0.006113950149581243,0.002197753064924715,True,False,-1.7819095089241426,0.0,0.0,0.0029735996639509575,1.0,0.17985884736663812,0.5977840442052075,False
bayesian-phystwin-prob4d-controlled-decisive-trial,target-weak_identifiability-318720819,weak_identifiability,P1_marginal_gauge_persistent,True,inference-admissible,0.5952548960855123,0.9472718537065475,True,True,0.0038674271681587956,0.0019132080681455348,0.0019132080681455348,False,False,0.5053021078464486,0.5053021078464486,1.0,0.002617050595263182,1.0,0.1808258355418251,0.6046585246635586,True
bayesian-phystwin-prob4d-controlled-decisive-trial,target-weak_identifiability-318720820,weak_identifiability,P1_marginal_gauge_persistent,True,inference-admissible,0.9551138113108005,0.9472718537065475,False,True,0.007226321525624406,0.007626259644526256,0.007226321525624406,False,False,-0.05534463384775745,0.0,0.0,0.003629090135835156,1.0,0.17901808273984418,0.6746343228838707,False
bayesian-phystwin-prob4d-controlled-decisive-trial,target-weak_identifiability-318720821,weak_identifiability,P1_marginal_gauge_persistent,True,inference-admissible,0.5637992384737844,0.9472718537065475,True,True,0.00904580560149366,0.007942998286287523,0.007942998286287523,False,False,0.12191366516035218,0.12191366516035218,0.0,0.0027160347440137404,1.0,0.18244101330877574,0.7187056880254974,True
bayesian-phystwin-prob4d-controlled-decisive-trial,target-weak_identifiability-318720822,weak_identifiability,P1_marginal_gauge_persistent,True,inference-admissible,0.9317090819110719,0.9472718537065475,True,True,0.00768196353716127,0.006862357224625281,0.006862357224625281,False,False,0.1066922940432049,0.1066922940432049,0.0,0.0030064597756188876,1.0,0.18044901641155067,0.6797323032420943,False
bayesian-phystwin-prob4d-controlled-decisive-trial,target-weak_identifiability-318720823,weak_identifiability,P1_marginal_gauge_persistent,True,inference-admissible,0.5738211160568392,0.9472718537065475,True,True,0.007436957902988697,0.001953576106119897,0.001953576106119897,False,False,0.7373151587512938,0.7373151587512938,1.0,0.0024521656732425304,1.0,0.18037338223513727,0.6735657995278812,True
bayesian-phystwin-prob4d-controlled-decisive-trial,target-weak_identifiability-318720824,weak_identifiability,P1_marginal_gauge_persistent,True,inference-admissible,0.5970438316090593,0.9472718537065475,True,True,0.009116463099661682,0.00362425390467772,0.00362425390467772,False,False,0.6024495612983704,0.6024495612983704,0.0,0.002644790696066895,1.0,0.1793733910153933,0.6033905829071774,True
bayesian-phystwin-prob4d-controlled-decisive-trial,target-weak_identifiability-318720825,weak_identifiability,P1_marginal_gauge_persistent,True,inference-admissible,0.5606135829780898,0.9472718537065475,True,True,0.007844080281687885,0.003005250915846539,0.003005250915846539,False,False,0.6168765734253971,0.6168765734253971,0.0,0.0024750456396685798,1.0,0.18195412233530855,0.6949070626389935,True
bayesian-phystwin-prob4d-controlled-decisive-trial,target-weak_identifiability-318720826,weak_identifiability,P1_marginal_gauge_persistent,True,inference-admissible,0.9501313146322959,0.9472718537065475,False,True,0.013177845391582819,0.0020398187378542565,0.013177845391582819,False,False,0.8452084785304004,0.0,1.0,0.002879029234207856,1.0,0.18135053797437342,0.5926293587239735,False
bayesian-phystwin-prob4d-controlled-decisive-trial,target-weak_identifiability-318720827,weak_identifiability,P1_marginal_gauge_persistent,True,inference-admissible,0.5674507999801573,0.9472718537065475,True,True,0.009029261772495972,0.0048562058372713796,0.0048562058372713796,False,False,0.46217022391976004,0.46217022391976004,0.0,0.002545692689121214,1.0,0.17833615661322072,0.6642616032247437,True
bayesian-phystwin-prob4d-controlled-decisive-trial,target-weak_identifiability-318720828,weak_identifiability,P1_marginal_gauge_persistent,True,inference-admissible,0.9589934351209425,0.9472718537065475,False,True,0.009711125803584532,0.007863230092572466,0.009711125803584532,False,False,0.19028645580206338,0.0,0.0,0.0030241320330634796,1.0,0.17753908484307787,0.5939327046933719,False
bayesian-phystwin-prob4d-controlled-decisive-trial,target-weak_identifiability-318720829,weak_identifiability,P1_marginal_gauge_persistent,True,inference-admissible,0.5636509377191323,0.9472718537065475,True,True,0.006194488124638477,0.005334282027093864,0.005334282027093864,False,False,0.1388663728522067,0.1388663728522067,0.0,0.002647280895927643,1.0,0.1785582847808711,0.7164932833129879,True
bayesian-phystwin-prob4d-controlled-decisive-trial,target-weak_identifiability-318720830,weak_identifiability,P1_marginal_gauge_persistent,True,inference-admissible,0.6025574141579482,0.9472718537065475,True,True,0.005978918658666037,0.0013541519176212737,0.0013541519176212737,False,False,0.773512236086617,0.773512236086617,1.0,0.002740879546645142,1.0,0.17984935844155198,0.5701907172933047,True
bayesian-phystwin-prob4d-controlled-decisive-trial,target-weak_identifiability-318720831,weak_identifiability,P1_marginal_gauge_persistent,True,inference-admissible,0.5857000716791722,0.9472718537065475,True,True,0.008363184270310874,0.005223241014168151,0.005223241014168151,False,False,0.3754482927381445,0.3754482927381445,0.0,0.0028150553752248272,1.0,0.1825738300623484,0.6462391506061453,True
bayesian-phystwin-prob4d-controlled-decisive-trial,target-weak_identifiability-318720832,weak_identifiability,P1_marginal_gauge_persistent,True,inference-admissible,0.590784135569449,0.9472718537065475,True,True,0.010990076297439475,0.0016998661869620855,0.0016998661869620855,False,False,0.8453271714448307,0.8453271714448307,1.0,0.0023968134994838465,1.0,0.1809614404596668,0.5884486933153605,True
bayesian-phystwin-prob4d-controlled-decisive-trial,target-weak_identifiability-318720833,weak_identifiability,P1_marginal_gauge_persistent,True,inference-admissible,0.5815280488212285,0.9472718537065475,True,True,0.006918107511306053,0.003073582644808416,0.003073582644808416,False,False,0.5557191558839822,0.5557191558839822,0.0,0.002652201680909914,1.0,0.17998925789431325,0.6500791249046948,True
bayesian-phystwin-prob4d-controlled-decisive-trial,target-weak_identifiability-318720834,weak_identifiability,P1_marginal_gauge_persistent,True,inference-admissible,0.6242606540606903,0.9472718537065475,True,True,0.000784887873091406,0.001917546476377053,0.001917546476377053,True,True,-1.443083327080199,-1.443083327080199,1.0,0.002657861936006848,1.0,0.17942890535291298,0.4816542138156446,True
bayesian-phystwin-prob4d-controlled-decisive-trial,target-weak_identifiability-318720835,weak_identifiability,P1_marginal_gauge_persistent,True,inference-admissible,0.5942684504073416,0.9472718537065475,True,True,0.009723354187886965,0.0024668886355447323,0.0024668886355447323,False,False,0.7462924225656717,0.7462924225656717,0.0,0.0024074654269584804,1.0,0.18027236329603635,0.5758992628469192,True
bayesian-phystwin-prob4d-controlled-decisive-trial,target-weak_identifiability-318720836,weak_identifiability,P1_marginal_gauge_persistent,True,inference-admissible,0.9046817475896349,0.9472718537065475,True,True,0.0071539840836954685,0.004462484804393933,0.004462484804393933,False,False,0.3762238282631477,0.3762238282631477,0.0,0.002908267316329323,1.0,0.1791121705239794,0.7539870262268792,False
bayesian-phystwin-prob4d-controlled-decisive-trial,target-weak_identifiability-318720837,weak_identifiability,P1_marginal_gauge_persistent,True,inference-admissible,0.926758578655357,0.9472718537065475,True,True,0.01188577620195655,0.006109927521061291,0.006109927521061291,False,False,0.48594627584730066,0.48594627584730066,0.0,0.0028895870152469225,1.0,0.18214260492887352,0.7107374463058574,False
bayesian-phystwin-prob4d-controlled-decisive-trial,target-weak_identifiability-318720838,weak_identifiability,P1_marginal_gauge_persistent,True,inference-admissible,0.6018846712665296,0.9472718537065475,True,True,0.00706815104052288,0.003686631669753617,0.003686631669753617,False,False,0.47841639933590174,0.47841639933590174,0.0,0.0024042380837613246,1.0,0.179587755178908,0.5279814447060137,True
bayesian-phystwin-prob4d-controlled-decisive-trial,target-weak_identifiability-318720839,weak_identifiability,P1_marginal_gauge_persistent,True,inference-admissible,0.5763190543911444,0.9472718537065475,True,True,0.002147096083552658,0.0024099221285156136,0.0024099221285156136,False,False,-0.12241000622947196,-0.12241000622947196,0.0,0.002585983253129679,1.0,0.17955108104316883,0.6871736239843934,True
bayesian-phystwin-prob4d-controlled-decisive-trial,target-weak_identifiability-318720840,weak_identifiability,P1_marginal_gauge_persistent,True,inference-admissible,0.606114853650094,0.9472718537065475,True,True,0.010592373594068515,0.0029962323647532083,0.0029962323647532083,False,False,0.7171330544429599,0.7171330544429599,0.0,0.002443524743000444,1.0,0.18087175839880038,0.516731034061831,True
bayesian-phystwin-prob4d-controlled-decisive-trial,target-weak_identifiability-318720841,weak_identifiability,P1_marginal_gauge_persistent,True,inference-admissible,0.9307378447300344,0.9472718537065475,True,True,0.006310984910758985,0.003395613757131705,0.003395613757131705,False,False,0.46195184980669923,0.46195184980669923,0.0,0.003012625743536427,1.0,0.18448508671058117,0.7079722766089915,False
bayesian-phystwin-prob4d-controlled-decisive-trial,target-weak_identifiability-318720842,weak_identifiability,P1_marginal_gauge_persistent,True,inference-admissible,0.5889581206315104,0.9472718537065475,True,True,0.008706663397201329,0.003431621115553565,0.003431621115553565,False,False,0.6058626641456444,0.6058626641456444,0.0,0.0023770107778130363,1.0,0.18019783186491473,0.5956343630733563,True
bayesian-phystwin-prob4d-controlled-decisive-trial,target-weak_identifiability-318720843,weak_identifiability,P1_marginal_gauge_persistent,True,inference-admissible,0.9663909527176593,0.9472718537065475,False,True,0.01013784050276278,0.006135364116638129,0.01013784050276278,False,False,0.39480561812290205,0.0,0.0,0.0031194858750211024,1.0,0.1810671403946837,0.5740705958070457,False
bayesian-phystwin-prob4d-controlled-decisive-trial,target-weak_identifiability-318720844,weak_identifiability,P1_marginal_gauge_persistent,True,inference-admissible,0.575922977059521,0.9472718537065475,True,True,0.012751653226098255,0.007585965347381317,0.007585965347381317,False,False,0.4050994633499403,0.4050994633499403,0.0,0.0025672739528926915,1.0,0.1813493745822608,0.6338226969844651,True
bayesian-phystwin-prob4d-controlled-decisive-trial,target-weak_identifiability-318720845,weak_identifiability,P1_marginal_gauge_persistent,True,inference-admissible,0.9379029395047811,0.9472718537065475,True,True,0.0032760224775190984,0.005308109782818887,0.005308109782818887,True,True,-0.6202910142541724,-0.6202910142541724,0.0,0.003169182396481469,1.0,0.18406173978362372,0.6907775086024581,False
bayesian-phystwin-prob4d-controlled-decisive-trial,target-weak_identifiability-318720846,weak_identifiability,P1_marginal_gauge_persistent,True,inference-admissible,0.948936490295525,0.9472718537065475,False,True,0.011708505014643333,0.006805141812233122,0.011708505014643333,False,False,0.4187864459448736,0.0,0.0,0.002772045947336914,1.0,0.17760483396243978,0.5829530718915974,False
bayesian-phystwin-prob4d-controlled-decisive-trial,target-weak_identifiability-318720847,weak_identifiability,P1_marginal_gauge_persistent,True,inference-admissible,0.5496335166363937,0.9472718537065475,True,True,0.004828503931793069,0.0014077783022191123,0.0014077783022191123,False,False,0.708444205057045,0.708444205057045,1.0,0.0023231091963183017,1.0,0.178718959522964,0.7344312813371044,True
bayesian-phystwin-prob4d-controlled-decisive-trial,target-weak_identifiability-318720848,weak_identifiability,P1_marginal_gauge_persistent,True,inference-admissible,0.5899241591000359,0.9472718537065475,True,True,0.007112209845983812,0.006032694562290673,0.006032694562290673,False,False,0.15178338478057274,0.15178338478057274,0.0,0.002505062884733245,1.0,0.17900216348043896,0.5980708244631103,True
bayesian-phystwin-prob4d-controlled-decisive-trial,target-weak_identifiability-318720849,weak_identifiability,P1_marginal_gauge_persistent,True,inference-admissible,0.5580235777228202,0.9472718537065475,True,True,0.009048397130844052,0.002580712715199935,0.002580712715199935,False,False,0.7147878593433044,0.7147878593433044,0.0,0.0025347786353754815,1.0,0.17944854352341744,0.7387629575153294,True
bayesian-phystwin-prob4d-controlled-decisive-trial,target-weak_identifiability-318720850,weak_identifiability,P1_marginal_gauge_persistent,True,inference-admissible,0.6117701103695103,0.9472718537065475,True,True,0.005511947407721714,0.0030705585915592306,0.0030705585915592306,False,False,0.4429267254513949,0.4429267254513949,0.0,0.0024042698432065177,1.0,0.18102729484144878,0.5109324901884181,True
bayesian-phystwin-prob4d-controlled-decisive-trial,target-weak_identifiability-318720851,weak_identifiability,P1_marginal_gauge_persistent,True,inference-admissible,0.5628003747879629,0.9472718537065475,True,True,0.012111453522527465,0.0058261869237361584,0.0058261869237361584,False,False,0.5189522947927453,0.5189522947927453,0.0,0.002704374405862575,1.0,0.17857544064161368,0.7115026145749203,True
bayesian-phystwin-prob4d-controlled-decisive-trial,target-weak_identifiability-318720852,weak_identifiability,P1_marginal_gauge_persistent,True,inference-admissible,0.9471190103416564,0.9472718537065475,True,True,0.006740852314074749,0.003831232664754866,0.003831232664754866,False,False,0.4316397265142068,0.4316397265142068,0.0,0.0027128730624991527,1.0,0.17795752172563023,0.609434151523994,False
bayesian-phystwin-prob4d-controlled-decisive-trial,target-weak_identifiability-318720853,weak_identifiability,P1_marginal_gauge_persistent,True,inference-admissible,0.6003611881964203,0.9472718537065475,True,True,0.004974569985450818,0.00497445975272959,0.00497445975272959,False,False,2.215924623638621e-05,2.215924623638621e-05,0.0,0.0025506322569655653,1.0,0.18043304795841994,0.543027547967422,True
bayesian-phystwin-prob4d-controlled-decisive-trial,target-weak_identifiability-318720854,weak_identifiability,P1_marginal_gauge_persistent,True,inference-admissible,0.9633521072562472,0.9472718537065475,False,True,0.005859704643116196,0.005365422408234387,0.005859704643116196,False,False,0.08435275581039337,0.0,0.0,0.003049643696860052,1.0,0.1789744544632733,0.5602001352671585,False
bayesian-phystwin-prob4d-controlled-decisive-trial,target-weak_identifiability-318720855,weak_identifiability,P1_marginal_gauge_persistent,True,inference-admissible,0.573207119122785,0.9472718537065475,True,True,0.012298024176974174,0.004601925404721575,0.004601925404721575,False,False,0.6257996131331529,0.6257996131331529,0.0,0.002738312745518449,1.0,0.1812689849124491,0.6878886081554504,True
bayesian-phystwin-prob4d-controlled-decisive-trial,target-weak_identifiability-318720856,weak_identifiability,P1_marginal_gauge_persistent,True,inference-admissible,0.9633934904306971,0.9472718537065475,False,True,0.013874483808568072,0.003744137583302758,0.013874483808568072,False,False,0.7301422067327221,0.0,0.0,0.003101349569828178,1.0,0.17970530645612698,0.580527109451389,False
bayesian-phystwin-prob4d-controlled-decisive-trial,target-weak_identifiability-318720857,weak_identifiability,P1_marginal_gauge_persistent,True,inference-admissible,0.5809605664292357,0.9472718537065475,True,True,0.007969132026844239,0.0038943399571506614,0.0038943399571506614,False,False,0.511321942711895,0.511321942711895,0.0,0.002500472888078202,1.0,0.17973497405527109,0.6252848268673699,True
bayesian-phystwin-prob4d-controlled-decisive-trial,target-weak_identifiability-318720858,weak_identifiability,P1_marginal_gauge_persistent,True,inference-admissible,0.9313608049059192,0.9472718537065475,True,True,0.004254641942214242,0.0034522974672121505,0.0034522974672121505,False,False,0.18858096307500982,0.18858096307500982,0.0,0.00262787051620971,1.0,0.1797179073997699,0.6251288926220796,False
bayesian-phystwin-prob4d-controlled-decisive-trial,target-weak_identifiability-318720859,weak_identifiability,P1_marginal_gauge_persistent,True,inference-admissible,0.6026445035939532,0.9472718537065475,True,True,0.005314578892357473,0.0014649210116597648,0.0014649210116597648,False,False,0.7243580269800179,0.7243580269800179,1.0,0.0024727140055565353,1.0,0.17889397289879344,0.5309861871416497,True
bayesian-phystwin-prob4d-controlled-decisive-trial,target-weak_identifiability-318720860,weak_identifiability,P1_marginal_gauge_persistent,True,inference-admissible,0.5958408283525801,0.9472718537065475,True,True,0.009798310728306609,0.0033125902784749183,0.0033125902784749183,False,False,0.6619223078009676,0.6619223078009676,0.0,0.0025923730164314125,1.0,0.17908826079170825,0.6065875634537592,True
bayesian-phystwin-prob4d-controlled-decisive-trial,target-weak_identifiability-318720861,weak_identifiability,P1_marginal_gauge_persistent,True,inference-admissible,0.9325600200862267,0.9472718537065475,True,True,0.0045584441681390175,0.007770787265195826,0.007770787265195826,True,True,-0.7047016434925966,-0.7047016434925966,0.0,0.0029888854056976167,1.0,0.1806643998071274,0.7059941720320984,False
bayesian-phystwin-prob4d-controlled-decisive-trial,target-weak_identifiability-318720862,weak_identifiability,P1_marginal_gauge_persistent,True,inference-admissible,0.5863794986298454,0.9472718537065475,True,True,0.004356659778849663,0.007390001931738446,0.007390001931738446,True,True,-0.6962540815362244,-0.6962540815362244,0.0,0.002828899275394866,1.0,0.18088725092437094,0.6640009281095096,True
bayesian-phystwin-prob4d-controlled-decisive-trial,target-weak_identifiability-318720863,weak_identifiability,P1_marginal_gauge_persistent,True,inference-admissible,0.5728861727079074,0.9472718537065475,True,True,0.004817799018330219,0.003913336754099246,0.003913336754099246,False,False,0.18773349838583486,0.18773349838583486,0.0,0.00235692374767439,1.0,0.17909884382565286,0.6402692814811571,True
bayesian-phystwin-prob4d-controlled-decisive-trial,target-weak_identifiability-318720864,weak_identifiability,P1_marginal_gauge_persistent,True,inference-admissible,0.9084059151013618,0.9472718537065475,True,True,0.008061278610256703,0.005401505968199884,0.005401505968199884,False,False,0.32994426450819825,0.32994426450819825,0.0,0.002687950201721211,1.0,0.18020581962221302,0.735601585153904,False
bayesian-phystwin-prob4d-controlled-decisive-trial,target-weak_identifiability-318720865,weak_identifiability,P1_marginal_gauge_persistent,True,inference-admissible,0.9822786173602981,0.9472718537065475,False,True,0.007366649051283098,0.006658352652420316,0.007366649051283098,False,False,0.09614906233919385,0.0,0.0,0.00307922111554724,1.0,0.18105657977578316,0.4931939902146188,False
bayesian-phystwin-prob4d-controlled-decisive-trial,target-weak_identifiability-318720866,weak_identifiability,P1_marginal_gauge_persistent,True,inference-admissible,0.9169516463746471,0.9472718537065475,True,True,0.009797830312356495,0.0019386385096869473,0.0019386385096869473,False,False,0.8021359374593331,0.8021359374593331,1.0,0.0027328121214173925,1.0,0.17957978791281823,0.7214299408006302,False
bayesian-phystwin-prob4d-controlled-decisive-trial,target-weak_identifiability-318720867,weak_identifiability,P1_marginal_gauge_persistent,True,inference-admissible,0.5879490733229182,0.9472718537065475,True,True,0.009562833077892656,0.0029207912610489392,0.0029207912610489392,False,False,0.6945684153160405,0.6945684153160405,0.0,0.002514360157092702,1.0,0.17893285902653208,0.6040132633780314,True
bayesian-phystwin-prob4d-controlled-decisive-trial,target-large_gauge_uncertainty-318820804,large_gauge_uncertainty,P1_marginal_gauge_persistent,True,inference-admissible,0.4839713060801545,0.9472718537065475,True,True,0.003208544168013197,0.0005572738943985024,0.0005572738943985024,False,False,0.8263156543225711,0.8263156543225711,1.0,0.002167430662939823,1.0,0.999064613000812,0.7328903666349196,False
bayesian-phystwin-prob4d-controlled-decisive-trial,target-large_gauge_uncertainty-318820805,large_gauge_uncertainty,P1_marginal_gauge_persistent,True,inference-admissible,0.4425181325149623,0.9472718537065475,True,True,0.006916236402730918,0.0002417419098782731,0.0002417419098782731,False,False,0.9650471881234685,0.9650471881234685,1.0,0.0017487953361391736,1.0,0.996409317740992,0.8971808663726939,False
bayesian-phystwin-prob4d-controlled-decisive-trial,target-large_gauge_uncertainty-318820806,large_gauge_uncertainty,P1_marginal_gauge_persistent,True,inference-admissible,0.49422002412573485,0.9472718537065475,True,True,0.008860807365412938,0.0005574808051747203,0.0005574808051747203,False,False,0.9370846490410369,0.9370846490410369,1.0,0.0018850300873989815,1.0,0.997985770123801,0.684050797948111,False
bayesian-phystwin-prob4d-controlled-decisive-trial,target-large_gauge_uncertainty-318820807,large_gauge_uncertainty,P1_marginal_gauge_persistent,True,inference-admissible,0.4147494753364434,0.9472718537065475,True,True,0.008406226507531254,0.00031456897763950135,0.00031456897763950135,False,False,0.9625790504981427,0.9625790504981427,1.0,0.001816855538404311,1.0,0.9973649735201855,0.9425786623429837,False
bayesian-phystwin-prob4d-controlled-decisive-trial,target-large_gauge_uncertainty-318820808,large_gauge_uncertainty,P1_marginal_gauge_persistent,True,inference-admissible,0.08363086760250135,0.9472718537065475,True,True,0.0039335216063859585,0.0005047235131945671,0.0005047235131945671,False,False,0.8716866046000197,0.8716866046000197,1.0,0.0015737433820380497,1.0,0.998125322485059,0.8845796253145406,True
bayesian-phystwin-prob4d-controlled-decisive-trial,target-large_gauge_uncertainty-318820809,large_gauge_uncertainty,P1_marginal_gauge_persistent,True,inference-admissible,0.12749677366798595,0.9472718537065475,True,True,0.005187583162636318,0.0004328713841600264,0.0004328713841600264,False,False,0.9165562516129299,0.9165562516129299,1.0,0.0015556611407587181,1.0,0.9974886802011171,0.7014722247014038,True
bayesian-phystwin-prob4d-controlled-decisive-trial,target-large_gauge_uncertainty-318820810,large_gauge_uncertainty,P1_marginal_gauge_persistent,True,inference-admissible,0.07565552853170342,0.9472718537065475,True,True,0.007870355432871672,0.0004773714655584768,0.0004773714655584768,False,False,0.9393456280812089,0.9393456280812089,1.0,0.0016270695371125871,1.0,0.9986953208751378,0.8941672798967645,True
bayesian-phystwin-prob4d-controlled-decisive-trial,target-large_gauge_uncertainty-318820811,large_gauge_uncertainty,P1_marginal_gauge_persistent,True,inference-admissible,0.41447498707179187,0.9472718537065475,True,True,0.006064391692487632,0.0005930629971556136,0.0005930629971556136,False,False,0.9022056906564462,0.9022056906564462,1.0,0.0018430373189059722,1.0,0.9991052672355094,0.9481904947480261,False
bayesian-phystwin-prob4d-controlled-decisive-trial,target-large_gauge_uncertainty-318820812,large_gauge_uncertainty,P1_marginal_gauge_persistent,True,inference-admissible,0.41973818155331893,0.9472718537065475,True,True,0.0022313200595366536,0.00035255160700539706,0.00035255160700539706,False,False,0.8419986386540144,0.8419986386540144,1.0,0.0017540849531002157,1.0,0.998562564234152,0.9565509793122726,False
bayesian-phystwin-prob4d-controlled-decisive-trial,target-large_gauge_uncertainty-318820813,large_gauge_uncertainty,P1_marginal_gauge_persistent,True,inference-admissible,0.4861374374181686,0.9472718537065475,True,True,0.005579671363717622,0.0007791003447317685,0.0007791003447317685,False,False,0.8603680586283365,0.8603680586283365,1.0,0.0018583761872391538,1.0,0.996728916828401,0.73036296285059,False
bayesian-phystwin-prob4d-controlled-decisive-trial,target-large_gauge_uncertainty-318820814,large_gauge_uncertainty,P1_marginal_gauge_persistent,True,inference-admissible,0.40748364779354285,0.9472718537065475,True,True,0.008426253682023236,0.0001431738599024999,0.0001431738599024999,False,False,0.9830085984465492,0.9830085984465492,1.0,0.001855417475761913,1.0,0.9975207245337855,0.9837554804211337,False
bayesian-phystwin-prob4d-controlled-decisive-trial,target-large_gauge_uncertainty-318820815,large_gauge_uncertainty,P1_marginal_gauge_persistent,True,inference-admissible,0.10342528175443726,0.9472718537065475,True,True,0.00703920566495709,0.0008620237320442964,0.0008620237320442964,False,False,0.8775396297432161,0.8775396297432161,1.0,0.0015523038894876384,1.0,0.9973654977889629,0.8062635492534665,True
bayesian-phystwin-prob4d-controlled-decisive-trial,target-large_gauge_uncertainty-318820816,large_gauge_uncertainty,P1_marginal_gauge_persistent,True,inference-admissible,0.06294693242846419,0.9472718537065475,True,True,0.006032023134716629,0.00036423054494452424,0.00036423054494452424,False,False,0.939617183686144,0.939617183686144,1.0,0.0016948985738293183,1.0,0.9981950615605165,0.9788498612099606,True
bayesian-phystwin-prob4d-controlled-decisive-trial,target-large_gauge_uncertainty-318820817,large_gauge_uncertainty,P1_marginal_gauge_persistent,True,inference-admissible,0.05792412350687372,0.9472718537065475,True,True,0.009518834591408046,0.0009689879533314559,0.0009689879533314559,False,False,0.8982030894615933,0.8982030894615933,1.0,0.0016108188516878166,1.0,0.9978835167219843,0.9532165440025614,True
bayesian-phystwin-prob4d-controlled-decisive-trial,target-large_gauge_uncertainty-318820818,large_gauge_uncertainty,P1_marginal_gauge_persistent,True,inference-admissible,0.4252091836629084,0.9472718537065475,True,True,0.007572083243515794,0.00035119595757604043,0.00035119595757604043,False,False,0.9536196385747898,0.9536196385747898,1.0,0.001829596363677748,1.0,0.998708626994942,0.9222405028787921,False
bayesian-phystwin-prob4d-controlled-decisive-trial,target-large_gauge_uncertainty-318820819,large_gauge_uncertainty,P1_marginal_gauge_persistent,True,inference-admissible,0.42149170823773313,0.9472718537065475,True,True,0.009971296972132579,0.0007947068948189214,0.0007947068948189214,False,False,0.9203005489616908,0.9203005489616908,1.0,0.0018145313699834116,1.0,0.997765658091286,0.9326878818924731,False
bayesian-phystwin-prob4d-controlled-decisive-trial,target-large_gauge_uncertainty-318820820,large_gauge_uncertainty,P1_marginal_gauge_persistent,True,inference-admissible,0.44504248358764065,0.9472718537065475,True,True,0.004300627029193142,0.00042224634259547465,0.00042224634259547465,False,False,0.9018174931866403,0.9018174931866403,1.0,0.0020543685564444157,1.0,0.9986160129850401,0.8627005013043358,False
bayesian-phystwin-prob4d-controlled-decisive-trial,target-large_gauge_uncertainty-318820821,large_gauge_uncertainty,P1_marginal_gauge_persistent,True,inference-admissible,0.450449141129094,0.9472718537065475,True,True,0.006233141565414859,0.00032667184692575983,0.00032667184692575983,False,False,0.9475911394763874,0.9475911394763874,1.0,0.0017197663670400411,1.0,0.9975853084545612,0.8214370562821623,False
bayesian-phystwin-prob4d-controlled-decisive-trial,target-large_gauge_uncertainty-318820822,large_gauge_uncertainty,P1_marginal_gauge_persistent,True,inference-admissible,0.4690687155744114,0.9472718537065475,True,True,0.002110666113158798,0.00037389579509222373,0.00037389579509222373,False,False,0.8228541251687338,0.8228541251687338,1.0,0.002486916848225122,1.0,0.9956583852320398,0.8068642404359493,False
bayesian-phystwin-prob4d-controlled-decisive-trial,target-large_gauge_uncertainty-318820823,large_gauge_uncertainty,P1_marginal_gauge_persistent,True,inference-admissible,0.445200956510535,0.9472718537065475,True,True,0.005255020669681619,0.0005529401138892906,0.0005529401138892906,False,False,0.894778698573075,0.894778698573075,1.0,0.0020219519197641157,1.0,0.9976622138751097,0.9014107974945519,False
bayesian-phystwin-prob4d-controlled-decisive-trial,target-large_gauge_uncertainty-318820824,large_gauge_uncertainty,P1_marginal_gauge_persistent,True,inference-admissible,0.4611671047321806,0.9472718537065475,True,True,0.008645058496188364,0.00047171682115619063,0.00047171682115619063,False,False,0.9454350920396696,0.9454350920396696,1.0,0.0016863105865681748,1.0,0.9982112444579276,0.7958069773637103,False
bayesian-phystwin-prob4d-controlled-decisive-trial,target-large_gauge_uncertainty-318820825,large_gauge_uncertainty,P1_marginal_gauge_persistent,True,inference-admissible,0.4988841757188282,0.9472718537065475,True,True,0.001581112223102546,0.0002067740260155358,0.0002067740260155358,False,False,0.8692224226754808,0.8692224226754808,1.0,0.0017158197330014756,1.0,0.9985745241731836,0.6521117838532815,False
bayesian-phystwin-prob4d-controlled-decisive-trial,target-large_gauge_uncertainty-318820826,large_gauge_uncertainty,P1_marginal_gauge_persistent,True,inference-admissible,0.09625152716069925,0.9472718537065475,True,True,0.006236229621879177,0.00026543230993768296,0.00026543230993768296,False,False,0.9574370531504419,0.9574370531504419,1.0,0.0015088008338143752,1.0,0.997504753277654,0.811582462707949,True
bayesian-phystwin-prob4d-controlled-decisive-trial,target-large_gauge_uncertainty-318820827,large_gauge_uncertainty,P1_marginal_gauge_persistent,True,inference-admissible,0.09271273232207292,0.9472718537065475,True,True,0.003888762769784036,0.00048708449527548766,0.00048708449527548766,False,False,0.8747456391374221,0.8747456391374221,1.0,0.001551208608141387,1.0,0.9971218355442357,0.8251052670611217,True
bayesian-phystwin-prob4d-controlled-decisive-trial,target-large_gauge_uncertainty-318820828,large_gauge_uncertainty,P1_marginal_gauge_persistent,True,inference-admissible,0.08939332712211842,0.9472718537065475,True,True,0.008685361805923742,0.0006130972817318867,0.0006130972817318867,False,False,0.9294102772651646,0.9294102772651646,1.0,0.0015270225199282641,1.0,0.9976359996845905,0.8321788256610142,True
bayesian-phystwin-prob4d-controlled-decisive-trial,target-large_gauge_uncertainty-318820829,large_gauge_uncertainty,P1_marginal_gauge_persistent,True,inference-admissible,0.41140057708826344,0.9472718537065475,True,True,0.006897989913279833,0.0010121968534807235,0.0010121968534807235,False,False,0.8532620565982464,0.8532620565982464,1.0,0.001865926501397562,1.0,0.9973571072164029,0.979389330068284,False
bayesian-phystwin-prob4d-controlled-decisive-trial,target-large_gauge_uncertainty-318820830,large_gauge_uncertainty,P1_marginal_gauge_persistent,True,inference-admissible,0.06489841899977487,0.9472718537065475,True,True,0.005022418521652246,0.0002421812639333198,0.0002421812639333198,False,False,0.9517799516529243,0.9517799516529243,1.0,0.0016804061703219605,1.0,0.9978382663212324,0.9344659611245753,True
bayesian-phystwin-prob4d-controlled-decisive-trial,target-large_gauge_uncertainty-318820831,large_gauge_uncertainty,P1_marginal_gauge_persistent,True,inference-admissible,0.4494126485950206,0.9472718537065475,True,True,0.006324305137501519,0.0006247457207133549,0.0006247457207133549,False,False,0.9012151205341482,0.9012151205341482,1.0,0.0016374660391470259,1.0,0.9975945915764841,0.7865007346957376,False
bayesian-phystwin-prob4d-controlled-decisive-trial,target-large_gauge_uncertainty-318820832,large_gauge_uncertainty,P1_marginal_gauge_persistent,True,inference-admissible,0.0675111556989592,0.9472718537065475,True,True,0.005013513387207691,0.0007478554032994362,0.0007478554032994362,False,False,0.8508320721337579,0.8508320721337579,1.0,0.0017235408665420115,1.0,0.9984871188199628,0.9268548438374107,True
bayesian-phystwin-prob4d-controlled-decisive-trial,target-large_gauge_uncertainty-318820833,large_gauge_uncertainty,P1_marginal_gauge_persistent,True,inference-admissible,0.405976826311757,0.9472718537065475,True,True,0.005652409049342764,0.0005504012000117118,0.0005504012000117118,False,False,0.9026253770371219,0.9026253770371219,1.0,0.0016502979766043438,1.0,0.9983686974211529,0.9860135686695772,False
bayesian-phystwin-prob4d-controlled-decisive-trial,target-large_gauge_uncertainty-318820834,large_gauge_uncertainty,P1_marginal_gauge_persistent,True,inference-admissible,0.4141520398336296,0.9472718537065475,True,True,0.00650226565184264,0.00025019912986536065,0.00025019912986536065,False,False,0.9615212384018087,0.9615212384018087,1.0,0.001675506125858207,1.0,0.9969485129652927,0.9545195484993931,False
bayesian-phystwin-prob4d-controlled-decisive-trial,target-large_gauge_uncertainty-318820835,large_gauge_uncertainty,P1_marginal_gauge_persistent,True,inference-admissible,0.08271898277971812,0.9472718537065475,True,True,0.006434855856801756,0.0007293634174669691,0.0007293634174669691,False,False,0.886654272652274,0.886654272652274,1.0,0.0017012782589775005,1.0,0.9979385788836634,0.8993161815591512,True
bayesian-phystwin-prob4d-controlled-decisive-trial,target-large_gauge_uncertainty-318820836,large_gauge_uncertainty,P1_marginal_gauge_persistent,True,inference-admissible,0.4485954284273805,0.9472718537065475,True,True,0.007610867052853091,0.0011965761836403828,0.0011965761836403828,False,False,0.8427805695026795,0.8427805695026795,1.0,0.0016512451128655261,1.0,0.9972867718099038,0.7969088539383882,False
bayesian-phystwin-prob4d-controlled-decisive-trial,target-large_gauge_uncertainty-318820837,large_gauge_uncertainty,P1_marginal_gauge_persistent,True,inference-admissible,0.4553493006686319,0.9472718537065475,True,True,0.006484737254868813,0.000737803447642903,0.000737803447642903,False,False,0.88622461964994,0.88622461964994,1.0,0.002059172147169384,1.0,0.9974726200756142,0.823220066050029,False
bayesian-phystwin-prob4d-controlled-decisive-trial,target-large_gauge_uncertainty-318820838,large_gauge_uncertainty,P1_marginal_gauge_persistent,True,inference-admissible,0.47133122687370366,0.9472718537065475,True,True,0.004805794897438854,0.0006208724653474617,0.0006208724653474617,False,False,0.8708075399392632,0.8708075399392632,1.0,0.001973245155592705,1.0,0.9986567133454795,0.7514040970394398,False
bayesian-phystwin-prob4d-controlled-decisive-trial,target-large_gauge_uncertainty-318820839,large_gauge_uncertainty,P1_marginal_gauge_persistent,True,inference-admissible,0.0750094694026834,0.9472718537065475,True,True,0.0023631404348923987,0.000572067411297961,0.000572067411297961,False,False,0.7579206877207834,0.7579206877207834,1.0,0.001525417790658795,1.0,0.9989433765115673,0.9000269115214192,True
bayesian-phystwin-prob4d-controlled-decisive-trial,target-large_gauge_uncertainty-318820840,large_gauge_uncertainty,P1_marginal_gauge_persistent,True,inference-admissible,0.4711463552888443,0.9472718537065475,True,True,0.003289812336650303,0.0007800922699446063,0.0007800922699446063,False,False,0.7628763618964057,0.7628763618964057,1.0,0.002012763170109382,1.0,0.9988217682238907,0.7861985392825609,False
bayesian-phystwin-prob4d-controlled-decisive-trial,target-large_gauge_uncertainty-318820841,large_gauge_uncertainty,P1_marginal_gauge_persistent,True,inference-admissible,0.4665286279996451,0.9472718537065475,True,True,0.007063471508786917,0.0002594681275646607,0.0002594681275646607,False,False,0.9632662031351179,0.9632662031351179,1.0,0.0016038681471144149,1.0,0.9987957324111857,0.7700061787234843,False
bayesian-phystwin-prob4d-controlled-decisive-trial,target-large_gauge_uncertainty-318820842,large_gauge_uncertainty,P1_marginal_gauge_persistent,True,inference-admissible,0.41175540101252617,0.9472718537065475,True,True,0.005211124837933684,0.00023486897952873094,0.00023486897952873094,False,False,0.9549293124165759,0.9549293124165759,1.0,0.0018069520397017928,1.0,0.9962016575784026,0.9681090109360656,False
bayesian-phystwin-prob4d-controlled-decisive-trial,target-large_gauge_uncertainty-318820843,large_gauge_uncertainty,P1_marginal_gauge_persistent,True,inference-admissible,0.16183660606527822,0.9472718537065475,True,True,0.007316871318338119,0.0004379420817437583,0.0004379420817437583,False,False,0.9401462643403126,0.9401462643403126,1.0,0.001858725321959881,1.0,0.9954910252789242,0.6250529418233911,True
bayesian-phystwin-prob4d-controlled-decisive-trial,target-large_gauge_uncertainty-318820844,large_gauge_uncertainty,P1_marginal_gauge_persistent,True,inference-admissible,0.08631244249508141,0.9472718537065475,True,True,0.010486765824421004,0.000312092715853543,0.000312092715853543,False,False,0.9702393739806072,0.9702393739806072,1.0,0.0015894942655574993,1.0,0.9983998608946886,0.8693713873179424,True
bayesian-phystwin-prob4d-controlled-decisive-trial,target-large_gauge_uncertainty-318820845,large_gauge_uncertainty,P1_marginal_gauge_persistent,True,inference-admissible,0.4428720350332027,0.9472718537065475,True,True,0.0029775568493492516,0.0014845645326152486,0.0014845645326152486,False,False,0.5014152180034105,0.5014152180034105,1.0,0.0021261920905778354,1.0,0.997210208219659,0.9093881504808783,False
bayesian-phystwin-prob4d-controlled-decisive-trial,target-large_gauge_uncertainty-318820846,large_gauge_uncertainty,P1_marginal_gauge_persistent,True,inference-admissible,0.10916140097778997,0.9472718537065475,True,True,0.0025425345516235306,0.0005784836828825536,0.0005784836828825536,False,False,0.7724775529547223,0.7724775529547223,1.0,0.0015852404842658548,1.0,0.9991744182712161,0.7814866538826051,True
bayesian-phystwin-prob4d-controlled-decisive-trial,target-large_gauge_uncertainty-318820847,large_gauge_uncertainty,P1_marginal_gauge_persistent,True,inference-admissible,0.11445442652757148,0.9472718537065475,True,True,0.005437260320502768,0.0006164509111687089,0.0006164509111687089,False,False,0.886624720018609,0.886624720018609,1.0,0.001565392243381351,1.0,0.9977911592476423,0.7453577088999972,True
bayesian-phystwin-prob4d-controlled-decisive-trial,target-large_gauge_uncertainty-318820848,large_gauge_uncertainty,P1_marginal_gauge_persistent,True,inference-admissible,0.43039128650154845,0.9472718537065475,True,True,0.010211946488097081,0.0013586489646756341,0.0013586489646756341,False,False,0.8669549467127292,0.8669549467127292,1.0,0.0017855711910932234,1.0,0.9968947997866215,0.8919167391140411,False
bayesian-phystwin-prob4d-controlled-decisive-trial,target-large_gauge_uncertainty-318820849,large_gauge_uncertainty,P1_marginal_gauge_persistent,True,inference-admissible,0.07972141096505003,0.9472718537065475,True,True,0.0024715237386950923,0.0009227422506053305,0.0009227422506053305,False,False,0.6266504601357714,0.6266504601357714,1.0,0.0017512110788112146,1.0,0.9989359975373872,0.8840493094876205,True
bayesian-phystwin-prob4d-controlled-decisive-trial,target-large_gauge_uncertainty-318820850,large_gauge_uncertainty,P1_marginal_gauge_persistent,True,inference-admissible,0.492950056283056,0.9472718537065475,True,True,0.006717968335600244,0.0007660108962484006,0.0007660108962484006,False,False,0.8859758102477037,0.8859758102477037,1.0,0.0017397062570621996,1.0,0.9982014145346976,0.6555671423783994,False
bayesian-phystwin-prob4d-controlled-decisive-trial,target-large_gauge_uncertainty-318820851,large_gauge_uncertainty,P1_marginal_gauge_persistent,True,inference-admissible,0.09192132893808119,0.9472718537065475,True,True,0.0009552741580587617,0.0006152631252260024,0.0006152631252260024,False,False,0.35593031588303914,0.35593031588303914,1.0,0.0014466042754961797,1.0,0.9975805024034178,0.840209652461292,True
bayesian-phystwin-prob4d-controlled-decisive-trial,target-large_gauge_uncertainty-318820852,large_gauge_uncertainty,P1_marginal_gauge_persistent,True,inference-admissible,0.4591052798306412,0.9472718537065475,True,True,0.00709944720288371,0.00025241773900529615,0.00025241773900529615,False,False,0.9644454375401557,0.9644454375401557,1.0,0.001822167900897281,1.0,0.9987777521801804,0.7804415123225905,False
bayesian-phystwin-prob4d-controlled-decisive-trial,target-large_gauge_uncertainty-318820853,large_gauge_uncertainty,P1_marginal_gauge_persistent,True,inference-admissible,0.10280173742551693,0.9472718537065475,True,True,0.008458536144158972,0.00027187491871167446,0.00027187491871167446,False,False,0.9678579231585578,0.9678579231585578,1.0,0.0015303872367391756,1.0,0.9988023340665018,0.7882650863889271,True
bayesian-phystwin-prob4d-controlled-decisive-trial,target-large_gauge_uncertainty-318820854,large_gauge_uncertainty,P1_marginal_gauge_persistent,True,inference-admissible,0.4512515780515603,0.9472718537065475,True,True,0.00821438844713705,0.0006171475173521795,0.0006171475173521795,False,False,0.9248699375098005,0.9248699375098005,1.0,0.0020746252989567305,1.0,0.9970388926395041,0.8614209378221929,False
bayesian-phystwin-prob4d-controlled-decisive-trial,target-large_gauge_uncertainty-318820855,large_gauge_uncertainty,P1_marginal_gauge_persistent,True,inference-admissible,0.4547620851973657,0.9472718537065475,True,True,0.00952465845083217,0.0003249046750938103,0.0003249046750938103,False,False,0.9658880497635668,0.9658880497635668,1.0,0.0017541947536652126,1.0,0.9969722885975674,0.8193634207825526,False
bayesian-phystwin-prob4d-controlled-decisive-trial,target-large_gauge_uncertainty-318820856,large_gauge_uncertainty,P1_marginal_gauge_persistent,True,inference-admissible,0.09135716462342666,0.9472718537065475,True,True,0.0075035069910854135,0.0006386780258597064,0.0006386780258597064,False,False,0.9148827306193635,0.9148827306193635,1.0,0.0017834637113061371,1.0,0.9989441044325791,0.8418075571411106,True
bayesian-phystwin-prob4d-controlled-decisive-trial,target-large_gauge_uncertainty-318820857,large_gauge_uncertainty,P1_marginal_gauge_persistent,True,inference-admissible,0.0867895939915799,0.9472718537065475,True,True,0.009330560717990356,0.0005141803989803333,0.0005141803989803333,False,False,0.9448928725163391,0.9448928725163391,1.0,0.0015849693875158277,1.0,0.9991804858054089,0.8628715657177236,True
bayesian-phystwin-prob4d-controlled-decisive-trial,target-large_gauge_uncertainty-318820858,large_gauge_uncertainty,P1_marginal_gauge_persistent,True,inference-admissible,0.461935196538683,0.9472718537065475,True,True,0.009117919351208736,0.0006286981889013057,0.0006286981889013057,False,False,0.9310480642913385,0.9310480642913385,1.0,0.0016196011339103661,1.0,0.9971048486240962,0.8002995703236399,False
bayesian-phystwin-prob4d-controlled-decisive-trial,target-large_gauge_uncertainty-318820859,large_gauge_uncertainty,P1_marginal_gauge_persistent,True,inference-admissible,0.44165000420943973,0.9472718537065475,True,True,0.008360857045296724,0.0005769663382655128,0.0005769663382655128,False,False,0.9309919622905074,0.9309919622905074,1.0,0.0018551080675212953,1.0,0.9977493138318706,0.9085925925966352,False
bayesian-phystwin-prob4d-controlled-decisive-trial,target-large_gauge_uncertainty-318820860,large_gauge_uncertainty,P1_marginal_gauge_persistent,True,inference-admissible,0.46177000889476655,0.9472718537065475,True,True,0.005971258625941111,0.00036306878135070536,0.00036306878135070536,False,False,0.93919727747624,0.93919727747624,1.0,0.001715975662249872,1.0,0.9980119026021652,0.7765620327942685,False
bayesian-phystwin-prob4d-controlled-decisive-trial,target-large_gauge_uncertainty-318820861,large_gauge_uncertainty,P1_marginal_gauge_persistent,True,inference-admissible,0.41156179846791713,0.9472718537065475,True,True,0.003522802795236866,0.0006021992136696794,0.0006021992136696794,False,False,0.8290567912334166,0.8290567912334166,1.0,0.0016031145546027692,1.0,0.9985477708671323,0.9485583447434555,False
bayesian-phystwin-prob4d-controlled-decisive-trial,target-large_gauge_uncertainty-318820862,large_gauge_uncertainty,P1_marginal_gauge_persistent,True,inference-admissible,0.42234277811503135,0.9472718537065475,True,True,0.005195257763743167,0.000642862195878767,0.000642862195878767,False,False,0.8762598074795837,0.8762598074795837,1.0,0.002012745887053818,1.0,0.9980821023427531,0.9555539674715994,False
bayesian-phystwin-prob4d-controlled-decisive-trial,target-large_gauge_uncertainty-318820863,large_gauge_uncertainty,P1_marginal_gauge_persistent,True,inference-admissible,0.43595608894043597,0.9472718537065475,True,True,0.00621319358371174,0.0006356355843472744,0.0006356355843472744,False,False,0.8976958345521969,0.8976958345521969,1.0,0.0017382168595910096,1.0,0.9963996231144661,0.8676380094028072,False
bayesian-phystwin-prob4d-controlled-decisive-trial,target-large_gauge_uncertainty-318820864,large_gauge_uncertainty,P1_marginal_gauge_persistent,True,inference-admissible,0.10385975521727157,0.9472718537065475,True,True,0.006772358656203738,0.00022764689841592292,0.00022764689841592292,False,False,0.9663858767716932,0.9663858767716932,1.0,0.0015803672920093042,1.0,0.9984720976715896,0.7964105623433898,True
bayesian-phystwin-prob4d-controlled-decisive-trial,target-large_gauge_uncertainty-318820865,large_gauge_uncertainty,P1_marginal_gauge_persistent,True,inference-admissible,0.4836509721020498,0.9472718537065475,True,True,0.0038006367014175053,0.000514494407448797,0.000514494407448797,False,False,0.8646294166298745,0.8646294166298745,1.0,0.002387885862480195,1.0,0.9968153461524626,0.7877813429200063,False
bayesian-phystwin-prob4d-controlled-decisive-trial,target-large_gauge_uncertainty-318820866,large_gauge_uncertainty,P1_marginal_gauge_persistent,True,inference-admissible,0.0682419580890611,0.9472718537065475,True,True,0.008980113215636038,0.0005921359771303836,0.0005921359771303836,False,False,0.9340614129341527,0.9340614129341527,1.0,0.0015955440625645984,1.0,0.9992625909623043,0.9222612788768165,True
bayesian-phystwin-prob4d-controlled-decisive-trial,target-large_gauge_uncertainty-318820867,large_gauge_uncertainty,P1_marginal_gauge_persistent,True,inference-admissible,0.1058339397245816,0.9472718537065475,True,True,0.002621174491785892,0.000698478852068255,0.000698478852068255,False,False,0.7335244737589528,0.7335244737589528,1.0,0.001466261054183798,1.0,0.9975499905194942,0.7503754911280635,True
bayesian-phystwin-prob4d-controlled-decisive-trial,target-mixed_stress-318920804,mixed_stress,P1_marginal_gauge_persistent,True,inference-admissible,0.41835429541270996,0.9472718537065475,True,True,0.004257484019844301,0.0005559889876186312,0.0005559889876186312,False,False,0.8694090253710538,0.8694090253710538,1.0,0.0012988522857002062,0.9999999999638476,0.9985543163942182,0.9009840613840274,False
bayesian-phystwin-prob4d-controlled-decisive-trial,target-mixed_stress-318920805,mixed_stress,P1_marginal_gauge_persistent,True,inference-admissible,0.43658268123397587,0.9472718537065475,True,True,0.008249428258314363,0.0010942256154628373,0.0010942256154628373,False,False,0.8673573996646375,0.8673573996646375,1.0,0.0019150714357791191,0.9999999999999893,0.9983474899421492,0.8995709506964108,False
bayesian-phystwin-prob4d-controlled-decisive-trial,target-mixed_stress-318920806,mixed_stress,P1_marginal_gauge_persistent,True,inference-admissible,0.42443393641221017,0.9472718537065475,True,True,0.009047445800643058,0.0003201760736234462,0.0003201760736234462,False,False,0.9646114405459396,0.9646114405459396,1.0,0.0019607657970363,1.0,0.9992915686620863,0.9603950894497704,False
bayesian-phystwin-prob4d-controlled-decisive-trial,target-mixed_stress-318920807,mixed_stress,P1_marginal_gauge_persistent,True,inference-admissible,0.4872996964910953,0.9472718537065475,True,True,0.0068395487857424485,0.0009190839407302351,0.0009190839407302351,False,False,0.8656221383132562,0.8656221383132562,1.0,0.0027341295908773927,0.9999999159369035,0.9983734919242636,0.7791039465127143,False
bayesian-phystwin-prob4d-controlled-decisive-trial,target-mixed_stress-318920808,mixed_stress,P1_marginal_gauge_persistent,True,inference-admissible,0.07375971608942974,0.9472718537065475,True,True,0.007504565343587711,0.00031862482799729246,0.00031862482799729246,False,False,0.9575425339897211,0.9575425339897211,1.0,0.0012444681953006017,1.0,0.9991180904174201,0.873733309020057,True
bayesian-phystwin-prob4d-controlled-decisive-trial,target-mixed_stress-318920809,mixed_stress,P1_marginal_gauge_persistent,True,inference-admissible,0.4342424703247818,0.9472718537065475,True,True,0.007853150002300262,0.00042485499467760066,0.00042485499467760066,False,False,0.9459000535386238,0.9459000535386238,1.0,0.001936229112504775,1.0,0.9979068943956363,0.9160823841479557,False
bayesian-phystwin-prob4d-controlled-decisive-trial,target-mixed_stress-318920810,mixed_stress,P1_marginal_gauge_persistent,True,inference-admissible,0.4394060538404352,0.9472718537065475,True,True,0.0022596819915972756,0.00023334188829106622,0.00023334188829106622,False,False,0.8967368465302825,0.8967368465302825,1.0,0.0015131405860837929,1.0,0.9980750026563927,0.845974781162721,False
bayesian-phystwin-prob4d-controlled-decisive-trial,target-mixed_stress-318920811,mixed_stress,P1_marginal_gauge_persistent,True,inference-admissible,0.4440263738845448,0.9472718537065475,True,True,0.0022713007412238093,0.001024711509367435,0.001024711509367435,False,False,0.5488437568970697,0.5488437568970697,1.0,0.0021438622316008638,0.9999999991307469,0.9962672014909902,0.9158347388384512,False
bayesian-phystwin-prob4d-controlled-decisive-trial,target-mixed_stress-318920812,mixed_stress,P1_marginal_gauge_persistent,True,inference-admissible,0.4544300169093757,0.9472718537065475,True,True,0.006065894510441812,0.00028623415978242753,0.00028623415978242753,False,False,0.9528125391416378,0.9528125391416378,1.0,0.001877174334027418,0.9999999999985505,0.9976764233455336,0.8192607843873955,False
bayesian-phystwin-prob4d-controlled-decisive-trial,target-mixed_stress-318920813,mixed_stress,P1_marginal_gauge_persistent,True,inference-admissible,0.0875663771814617,0.9472718537065475,True,True,0.005196554670634641,0.0003578265569669269,0.0003578265569669269,False,False,0.9311415775169307,0.9311415775169307,1.0,0.0012346774629871783,1.0,0.9989065073446761,0.8130762101806479,True
bayesian-phystwin-prob4d-controlled-decisive-trial,target-mixed_stress-318920814,mixed_stress,P1_marginal_gauge_persistent,True,inference-admissible,0.07279800477156514,0.9472718537065475,True,True,0.004000548116104895,0.0004349272024081312,0.0004349272024081312,False,False,0.891283096769351,0.891283096769351,1.0,0.0012528844978799637,1.0,0.9984442986574832,0.8902570925680605,True
bayesian-phystwin-prob4d-controlled-decisive-trial,target-mixed_stress-318920815,mixed_stress,P1_marginal_gauge_persistent,True,inference-admissible,0.4614230705780038,0.9472718537065475,True,True,0.0036569750609246323,0.0005494707020166782,0.0005494707020166782,False,False,0.8497472110521449,0.8497472110521449,1.0,0.0025219796870522278,0.9999999999999645,0.9986949257227997,0.8784153339757086,False
bayesian-phystwin-prob4d-controlled-decisive-trial,target-mixed_stress-318920816,mixed_stress,P1_marginal_gauge_persistent,True,inference-admissible,0.42321796646048904,0.9472718537065475,True,True,0.0031286479700473506,0.00033328831131049566,0.00033328831131049566,False,False,0.8934720957738651,0.8934720957738651,1.0,0.001450006651494154,1.0,0.9982162305119712,0.8885173558714062,False
bayesian-phystwin-prob4d-controlled-decisive-trial,target-mixed_stress-318920817,mixed_stress,P1_marginal_gauge_persistent,True,inference-admissible,0.46594671223765893,0.9472718537065475,True,True,0.009844958256679992,0.0006570635554595946,0.0006570635554595946,False,False,0.9332588784707376,0.9332588784707376,1.0,0.002100209653894898,0.9999999968413817,0.9972636115651207,0.8549153803418688,False
bayesian-phystwin-prob4d-controlled-decisive-trial,target-mixed_stress-318920818,mixed_stress,P1_marginal_gauge_persistent,True,inference-admissible,0.1061955496836271,0.9472718537065475,True,True,0.004738162015447977,0.0007939769952390067,0.0007939769952390067,False,False,0.8324293275218579,0.8324293275218579,1.0,0.001285602740736537,1.0,0.9972480992067013,0.7427806869192586,True
bayesian-phystwin-prob4d-controlled-decisive-trial,target-mixed_stress-318920819,mixed_stress,P1_marginal_gauge_persistent,True,inference-admissible,0.09189028235279914,0.9472718537065475,True,True,0.004361678906036321,9.417806850713931e-05,9.417806850713931e-05,False,False,0.9784078400689235,0.9784078400689235,1.0,0.001250372974842459,1.0,0.9977574191524483,0.7828881878803721,True
bayesian-phystwin-prob4d-controlled-decisive-trial,target-mixed_stress-318920820,mixed_stress,P1_marginal_gauge_persistent,True,inference-admissible,0.06303187810574967,0.9472718537065475,True,True,0.006556581742314347,0.00074383251675309,0.00074383251675309,False,False,0.8865517817077453,0.8865517817077453,1.0,0.002005266832837351,1.0,0.9980696401951634,0.9923764376879181,True
bayesian-phystwin-prob4d-controlled-decisive-trial,target-mixed_stress-318920821,mixed_stress,P1_marginal_gauge_persistent,True,inference-admissible,0.39950826425015107,0.9472718537065475,True,True,0.0016691815698563152,0.0008078076351161434,0.0008078076351161434,False,False,0.5160456778913032,0.5160456778913032,1.0,0.00163013738746405,1.0,0.9980572516348408,0.9845565884481076,False
bayesian-phystwin-prob4d-controlled-decisive-trial,target-mixed_stress-318920822,mixed_stress,P1_marginal_gauge_persistent,True,inference-admissible,0.4181710045758986,0.9472718537065475,True,True,0.003042062866155528,0.0006536836086634998,0.0006536836086634998,False,False,0.7851183103623344,0.7851183103623344,1.0,0.001518232003871946,1.0,0.9985168310743144,0.9106218994660893,False
bayesian-phystwin-prob4d-controlled-decisive-trial,target-mixed_stress-318920823,mixed_stress,P1_marginal_gauge_persistent,True,inference-admissible,0.4261189471752391,0.9472718537065475,True,True,0.006831596039747789,0.0009511178244991376,0.0009511178244991376,False,False,0.8607766297999302,0.8607766297999302,1.0,0.002115399709235808,0.9999998414020905,0.9977009080015291,0.9649340830636589,False
bayesian-phystwin-prob4d-controlled-decisive-trial,target-mixed_stress-318920824,mixed_stress,P1_marginal_gauge_persistent,True,inference-admissible,0.0765844226659698,0.9472718537065475,True,True,0.008372421099677377,0.0002891057782872005,0.0002891057782872005,False,False,0.9654692740791142,0.9654692740791142,1.0,0.0012882476439639607,0.9999999999950049,0.9987651297741247,0.8723814106141764,True
bayesian-phystwin-prob4d-controlled-decisive-trial,target-mixed_stress-318920825,mixed_stress,P1_marginal_gauge_persistent,True,inference-admissible,0.41557641836660586,0.9472718537065475,True,True,0.008011887347319231,0.00041957735698781623,0.00041957735698781623,False,False,0.9476306469625779,0.9476306469625779,1.0,0.0013618957760069925,1.0,0.998121567887693,0.9167249631390978,False
bayesian-phystwin-prob4d-controlled-decisive-trial,target-mixed_stress-318920826,mixed_stress,P1_marginal_gauge_persistent,True,inference-admissible,0.07745577084821247,0.9472718537065475,True,True,0.007749819701490868,0.0006293198424358175,0.0006293198424358175,False,False,0.9187955505190976,0.9187955505190976,1.0,0.0012452960126427624,1.0,0.9984227169566108,0.8657334706515443,True
bayesian-phystwin-prob4d-controlled-decisive-trial,target-mixed_stress-318920827,mixed_stress,P1_marginal_gauge_persistent,True,inference-admissible,0.45963071252639137,0.9472718537065475,True,True,0.002346844974378024,0.00018280958565289248,0.00018280958565289248,False,False,0.9221041067268017,0.9221041067268017,1.0,0.0015069486036237221,1.0,0.998692971314943,0.730225515737867,False
bayesian-phystwin-prob4d-controlled-decisive-trial,target-mixed_stress-318920828,mixed_stress,P1_marginal_gauge_persistent,True,inference-admissible,0.08112093475056789,0.9472718537065475,True,True,0.0020669497441323137,0.00039547400174672347,0.00039547400174672347,False,False,0.8086678193945447,0.8086678193945447,1.0,0.0013706487472837493,1.0,0.9971777424382862,0.8397524967665335,True
bayesian-phystwin-prob4d-controlled-decisive-trial,target-mixed_stress-318920829,mixed_stress,P1_marginal_gauge_persistent,True,inference-admissible,0.10428171683802254,0.9472718537065475,True,True,0.0060399368315731455,0.00046240530553522206,0.00046240530553522206,False,False,0.9234420295394405,0.9234420295394405,1.0,0.0011478179067212514,0.9999999999999964,0.9988200511731596,0.7120015163630681,True
bayesian-phystwin-prob4d-controlled-decisive-trial,target-mixed_stress-318920830,mixed_stress,P1_marginal_gauge_persistent,True,inference-admissible,0.47738600159768674,0.9472718537065475,True,True,0.00223087529381282,0.0005655373042216419,0.0005655373042216419,False,False,0.7464953304247347,0.7464953304247347,1.0,0.001976716654275927,1.0,0.9985100591123939,0.8007389207911163,False
bayesian-phystwin-prob4d-controlled-decisive-trial,target-mixed_stress-318920831,mixed_stress,P1_marginal_gauge_persistent,True,inference-admissible,0.47111341183369254,0.9472718537065475,True,True,0.0027991236151480494,0.000286109414380929,0.000286109414380929,False,False,0.897786073886631,0.897786073886631,1.0,0.0016412599197305087,0.9999999999999893,0.9973472221305821,0.719302370217122,False
bayesian-phystwin-prob4d-controlled-decisive-trial,target-mixed_stress-318920832,mixed_stress,P1_marginal_gauge_persistent,True,inference-admissible,0.11549347487941636,0.9472718537065475,True,True,0.0034366604146397507,0.0002653844473286519,0.0002653844473286519,False,False,0.9227783908476535,0.9227783908476535,1.0,0.0012258122248021113,1.0,0.9964446047948703,0.7115963049723325,True
bayesian-phystwin-prob4d-controlled-decisive-trial,target-mixed_stress-318920833,mixed_stress,P1_marginal_gauge_persistent,True,inference-admissible,0.3955790598055355,0.9472718537065475,True,True,0.006649591135228967,0.0003110373943081249,0.0003110373943081249,False,False,0.9532245835897676,0.9532245835897676,1.0,0.001396396591998221,1.0,0.9987142535383997,0.9948386171118758,False
bayesian-phystwin-prob4d-controlled-decisive-trial,target-mixed_stress-318920834,mixed_stress,P1_marginal_gauge_persistent,True,inference-admissible,0.4331798773743991,0.9472718537065475,True,True,0.003934798931674845,0.0005540961981668129,0.0005540961981668129,False,False,0.859180555909381,0.859180555909381,1.0,0.0016361949472059687,1.0,0.9966961148722678,0.8713468877089028,False
bayesian-phystwin-prob4d-controlled-decisive-trial,target-mixed_stress-318920835,mixed_stress,P1_marginal_gauge_persistent,True,inference-admissible,0.07972798291111607,0.9472718537065475,True,True,0.005526274303523965,0.0007348089869029218,0.0007348089869029218,False,False,0.8670335660981663,0.8670335660981663,1.0,0.0012665389800707002,1.0,0.9981105350774403,0.8323674217336359,True
bayesian-phystwin-prob4d-controlled-decisive-trial,target-mixed_stress-318920836,mixed_stress,P1_marginal_gauge_persistent,True,inference-admissible,0.08115292403757109,0.9472718537065475,True,True,0.006196451883297416,0.0004471344698522411,0.0004471344698522411,False,False,0.9278402417587562,0.9278402417587562,1.0,0.0014310488785343632,1.0,0.998429229531198,0.8822330777710662,True
bayesian-phystwin-prob4d-controlled-decisive-trial,target-mixed_stress-318920837,mixed_stress,P1_marginal_gauge_persistent,True,inference-admissible,0.42979731047373765,0.9472718537065475,True,True,0.00352754526515169,0.0004719870994902612,0.0004719870994902612,False,False,0.8661995625816683,0.8661995625816683,1.0,0.0012512233108382036,0.9999999983631511,0.9978010716262202,0.837695171587504,False
bayesian-phystwin-prob4d-controlled-decisive-trial,target-mixed_stress-318920838,mixed_stress,P1_marginal_gauge_persistent,True,inference-admissible,0.47294450034208085,0.9472718537065475,True,True,0.007015176076499218,0.0006822610873799863,0.0006822610873799863,False,False,0.9027449803198019,0.9027449803198019,1.0,0.0014653477752809188,1.0,0.9981144574995292,0.6996843088190696,False
bayesian-phystwin-prob4d-controlled-decisive-trial,target-mixed_stress-318920839,mixed_stress,P1_marginal_gauge_persistent,True,inference-admissible,0.41953540295771913,0.9472718537065475,True,True,0.004379132243090214,0.0003667883804365443,0.0003667883804365443,False,False,0.9162417666159098,0.9162417666159098,1.0,0.0013409427937286784,0.9999999999999787,0.9989525055831109,0.8988377899728446,False
bayesian-phystwin-prob4d-controlled-decisive-trial,target-mixed_stress-318920840,mixed_stress,P1_marginal_gauge_persistent,True,inference-admissible,0.08785520534924236,0.9472718537065475,True,True,0.0026645807706204487,0.00030431659802684967,0.00030431659802684967,False,False,0.885791940937865,0.885791940937865,1.0,0.0011462235356405656,1.0,0.9976498781849664,0.8159284260479513,True
bayesian-phystwin-prob4d-controlled-decisive-trial,target-mixed_stress-318920841,mixed_stress,P1_marginal_gauge_persistent,True,inference-admissible,0.43116319561881544,0.9472718537065475,True,True,0.004093070025326843,0.00068983065194234,0.00068983065194234,False,False,0.8314637551583899,0.8314637551583899,1.0,0.0016699680155063113,1.0,0.9954751979343377,0.8791762060760178,False
bayesian-phystwin-prob4d-controlled-decisive-trial,target-mixed_stress-318920842,mixed_stress,P1_marginal_gauge_persistent,True,inference-admissible,0.08782424862138193,0.9472718537065475,True,True,0.00634360703649337,0.0003919889690302272,0.0003919889690302272,False,False,0.9382072428548613,0.9382072428548613,1.0,0.0018608740303989449,1.0,0.9988166433210011,0.9011407157189668,True
bayesian-phystwin-prob4d-controlled-decisive-trial,target-mixed_stress-318920843,mixed_stress,P1_marginal_gauge_persistent,True,inference-admissible,0.06949654945466704,0.9472718537065475,True,True,0.005201324542105712,0.00050273838499173,0.00050273838499173,False,False,0.9033441614877197,0.9033441614877197,1.0,0.0016396485714682437,1.0,0.9978149055186112,0.9335165355253863,True
bayesian-phystwin-prob4d-controlled-decisive-trial,target-mixed_stress-318920844,mixed_stress,P1_marginal_gauge_persistent,True,inference-admissible,0.43577100731221674,0.9472718537065475,True,True,0.006709477650524742,0.00048343573900834784,0.00048343573900834784,False,False,0.9279473359642925,0.9279473359642925,1.0,0.0014695629654265553,1.0,0.9981931757331937,0.8789287245892418,False
bayesian-phystwin-prob4d-controlled-decisive-trial,target-mixed_stress-318920845,mixed_stress,P1_marginal_gauge_persistent,True,inference-admissible,0.07884848148458376,0.9472718537065475,True,True,0.0022912518172043873,0.00038014139711003585,0.00038014139711003585,False,False,0.8340900837456375,0.8340900837456375,1.0,0.001218738165204978,1.0,0.9988446373702065,0.8214655735566778,True
bayesian-phystwin-prob4d-controlled-decisive-trial,target-mixed_stress-318920846,mixed_stress,P1_marginal_gauge_persistent,True,inference-admissible,0.11266133641490314,0.9472718537065475,True,True,0.002843688801480675,0.0002449976624087756,0.0002449976624087756,False,False,0.9138451217723935,0.9138451217723935,1.0,0.0012778678252985025,0.9999901367150332,0.9985006481101066,0.7209541715877639,True
bayesian-phystwin-prob4d-controlled-decisive-trial,target-mixed_stress-318920847,mixed_stress,P1_marginal_gauge_persistent,True,inference-admissible,0.4520668716471873,0.9472718537065475,True,True,0.00570951558554897,0.0002596047631599177,0.0002596047631599177,False,False,0.9545312103504913,0.9545312103504913,1.0,0.0012990999316852294,0.9999999999999929,0.9991756657043166,0.7387109174496357,False
bayesian-phystwin-prob4d-controlled-decisive-trial,target-mixed_stress-318920848,mixed_stress,P1_marginal_gauge_persistent,True,inference-admissible,0.13366295114314702,0.9472718537065475,True,True,0.0042197131799195705,0.0002736265305580507,0.0002736265305580507,False,False,0.9351551826175859,0.9351551826175859,1.0,0.002093148032084926,1.0,0.9980654506562945,0.7407799977801965,True
bayesian-phystwin-prob4d-controlled-decisive-trial,target-mixed_stress-318920849,mixed_stress,P1_marginal_gauge_persistent,True,inference-admissible,0.43540861178255186,0.9472718537065475,True,True,0.0031150288266262116,0.00024204629141600924,0.00024204629141600924,False,False,0.9222972547325792,0.9222972547325792,1.0,0.0013104983827112806,1.0,0.9978039919466916,0.843078047803561,False
bayesian-phystwin-prob4d-controlled-decisive-trial,target-mixed_stress-318920850,mixed_stress,P1_marginal_gauge_persistent,True,inference-admissible,0.429144524229213,0.9472718537065475,True,True,0.004974919279476662,0.001063780486406064,0.001063780486406064,False,False,0.7861713071818989,0.7861713071818989,1.0,0.0014514636739634379,1.0,0.9984381119933982,0.875122677168424,False
bayesian-phystwin-prob4d-controlled-decisive-trial,target-mixed_stress-318920851,mixed_stress,P1_marginal_gauge_persistent,True,inference-admissible,0.14003200717385328,0.9472718537065475,True,True,0.00045059617520858835,0.0004419260457048646,0.0004419260457048646,False,False,0.01924146271261662,0.01924146271261662,1.0,0.0017446013323992114,1.0,0.9980496234416575,0.6848318422010816,True
bayesian-phystwin-prob4d-controlled-decisive-trial,target-mixed_stress-318920852,mixed_stress,P1_marginal_gauge_persistent,True,inference-admissible,0.08341835075628204,0.9472718537065475,True,True,0.005097926767824955,0.000225597690230228,0.000225597690230228,False,False,0.955747169289668,0.955747169289668,1.0,0.0013197948367037204,0.9999999999942482,0.9977276624093093,0.8765231518159987,True
bayesian-phystwin-prob4d-controlled-decisive-trial,target-mixed_stress-318920853,mixed_stress,P1_marginal_gauge_persistent,True,inference-admissible,0.42856173570950373,0.9472718537065475,True,True,0.005679649698083115,0.0006633094416849612,0.0006633094416849612,False,False,0.8832129661255643,0.8832129661255643,1.0,0.0015219092103173576,1.0,0.9992629945284038,0.9008723273974465,False
bayesian-phystwin-prob4d-controlled-decisive-trial,target-mixed_stress-318920854,mixed_stress,P1_marginal_gauge_persistent,True,inference-admissible,0.06624111069029182,0.9472718537065475,True,True,0.0070584770070194845,0.0002194930987994388,0.0002194930987994388,False,False,0.9689036177944395,0.9689036177944395,1.0,0.0018019995857221206,1.0,0.9969128148528996,0.9398131371085451,True
bayesian-phystwin-prob4d-controlled-decisive-trial,target-mixed_stress-318920855,mixed_stress,P1_marginal_gauge_persistent,True,inference-admissible,0.461276079211537,0.9472718537065475,True,True,0.008395289054847306,0.0003309179258033162,0.0003309179258033162,False,False,0.9605829026682232,0.9605829026682232,1.0,0.0013888782553470713,0.9999999999215845,0.9966442713862259,0.7150961048214007,False
bayesian-phystwin-prob4d-controlled-decisive-trial,target-mixed_stress-318920856,mixed_stress,P1_marginal_gauge_persistent,True,inference-admissible,0.44319556858820197,0.9472718537065475,True,True,0.006064975277261084,0.0004431935248465027,0.0004431935248465027,False,False,0.9269257491439196,0.9269257491439196,1.0,0.001277600784212892,1.0,0.9990463673735365,0.8038293877667192,False
bayesian-phystwin-prob4d-controlled-decisive-trial,target-mixed_stress-318920857,mixed_stress,P1_marginal_gauge_persistent,True,inference-admissible,0.12103159869132546,0.9472718537065475,True,True,0.003531143553359264,0.0008369530957885969,0.0008369530957885969,False,False,0.7629795891497011,0.7629795891497011,1.0,0.0025711686546608637,0.9999999999958291,0.9971140121716633,0.8444840842853265,True
bayesian-phystwin-prob4d-controlled-decisive-trial,target-mixed_stress-318920858,mixed_stress,P1_marginal_gauge_persistent,True,inference-admissible,0.12275696757315359,0.9472718537065475,True,True,0.008459358529487008,0.0007827940912858915,0.0007827940912858915,False,False,0.9074641311681866,0.9074641311681866,1.0,0.00214292706559974,0.9999999999999467,0.9989398495624637,0.7827895542814568,True
bayesian-phystwin-prob4d-controlled-decisive-trial,target-mixed_stress-318920859,mixed_stress,P1_marginal_gauge_persistent,True,inference-admissible,0.43554133937408,0.9472718537065475,True,True,0.005269284923542608,0.0005218784320638734,0.0005218784320638734,False,False,0.9009583957526807,0.9009583957526807,1.0,0.0019585777398328963,0.999999999999968,0.9981632006144513,0.9564334793077909,False
bayesian-phystwin-prob4d-controlled-decisive-trial,target-mixed_stress-318920860,mixed_stress,P1_marginal_gauge_persistent,True,inference-admissible,0.07747779751666498,0.9472718537065475,True,True,0.008722250546636598,0.00037774577260210016,0.00037774577260210016,False,False,0.956691708111072,0.956691708111072,1.0,0.0016368322397444749,1.0,0.9988002062855185,0.9288062215398414,True
bayesian-phystwin-prob4d-controlled-decisive-trial,target-mixed_stress-318920861,mixed_stress,P1_marginal_gauge_persistent,True,inference-admissible,0.11288013041985619,0.9472718537065475,True,True,0.007755448498105406,0.000575379041979566,0.000575379041979566,False,False,0.9258097011255859,0.9258097011255859,1.0,0.002144194513786869,0.9999999999999929,0.997676695271844,0.8542182228270253,True
bayesian-phystwin-prob4d-controlled-decisive-trial,target-mixed_stress-318920862,mixed_stress,P1_marginal_gauge_persistent,True,inference-admissible,0.047178689075313814,0.9472718537065475,True,True,0.006220063163305213,0.0007615325053830033,0.0007615325053830033,False,False,0.8775683645986738,0.8775683645986738,1.0,0.0015968754939760185,1.0,0.9982950467616759,0.9990793193588519,True
bayesian-phystwin-prob4d-controlled-decisive-trial,target-mixed_stress-318920863,mixed_stress,P1_marginal_gauge_persistent,True,inference-admissible,0.04149012170681951,0.9472718537065475,True,True,0.006795958514221737,0.0006846030809471309,0.0006846030809471309,False,False,0.8992632048129078,0.8992632048129078,1.0,0.001440261782598662,1.0,0.9984419539993089,0.9956052124561118,True
bayesian-phystwin-prob4d-controlled-decisive-trial,target-mixed_stress-318920864,mixed_stress,P1_marginal_gauge_persistent,True,inference-admissible,0.0598984271385915,0.9472718537065475,True,True,0.006320217354846661,0.00027190471106743665,0.00027190471106743665,False,False,0.9569785822541488,0.9569785822541488,1.0,0.001242845721711058,1.0,0.9973417147977344,0.9253196217427048,True
bayesian-phystwin-prob4d-controlled-decisive-trial,target-mixed_stress-318920865,mixed_stress,P1_marginal_gauge_persistent,True,inference-admissible,0.06788151286103042,0.9472718537065475,True,True,0.008174092081910209,0.0002746936966220129,0.0002746936966220129,False,False,0.9663945923450107,0.9663945923450107,1.0,0.0012605355533217577,0.9999999999999254,0.9976530160209268,0.9068874121694989,True
bayesian-phystwin-prob4d-controlled-decisive-trial,target-mixed_stress-318920866,mixed_stress,P1_marginal_gauge_persistent,True,inference-admissible,0.40086436930794156,0.9472718537065475,True,True,0.005438184295940302,0.00037289427272949407,0.00037289427272949407,False,False,0.9314303722645321,0.9314303722645321,1.0,0.0015788299690547077,0.9999999999851603,0.9986426092068704,0.9675864424421853,False
bayesian-phystwin-prob4d-controlled-decisive-trial,target-mixed_stress-318920867,mixed_stress,P1_marginal_gauge_persistent,True,inference-admissible,0.09435277773654563,0.9472718537065475,True,True,0.009543632283449845,0.0002995420805828353,0.0002995420805828353,False,False,0.9686134092674245,0.9686134092674245,1.0,0.0012392219950990706,1.0,0.9979204708890385,0.7750765297824019,True
bayesian-phystwin-prob4d-controlled-decisive-trial,target-nominal_correlated-318420804,nominal_correlated,P2_explicit_gauge_framewise,True,inference-admissible,0.11349051475930996,0.737265425866642,True,True,0.003173077289673415,0.00040596503362914254,0.00040596503362914254,False,False,0.8720595193346438,0.8720595193346438,1.0,0.0008218624945910412,1.0,0.9018079677484088,0.8581164552815046,True
bayesian-phystwin-prob4d-controlled-decisive-trial,target-nominal_correlated-318420805,nominal_correlated,P2_explicit_gauge_framewise,True,inference-admissible,0.09132462432097165,0.737265425866642,True,True,0.0034597442387149036,0.00029106832187873977,0.00029106832187873977,False,False,0.9158699887056232,0.9158699887056232,1.0,0.0008285188639645278,1.0,0.8926825888003261,0.9544210446929917,True
bayesian-phystwin-prob4d-controlled-decisive-trial,target-nominal_correlated-318420806,nominal_correlated,P2_explicit_gauge_framewise,True,inference-admissible,0.10855921789625016,0.737265425866642,True,True,0.00252557343092159,0.0006452881335593414,0.0006452881335593414,False,False,0.744498367911689,0.744498367911689,1.0,0.000827210784589169,1.0,0.9369752424405253,0.7922056800560364,True
bayesian-phystwin-prob4d-controlled-decisive-trial,target-nominal_correlated-318420807,nominal_correlated,P2_explicit_gauge_framewise,True,inference-admissible,0.055859817616867306,0.737265425866642,True,True,0.00363734890911544,0.0005043847300181995,0.0005043847300181995,False,False,0.8613317714024691,0.8613317714024691,1.0,0.0007416477112318371,1.0,0.9791369599175456,0.9187667060100099,True
bayesian-phystwin-prob4d-controlled-decisive-trial,target-nominal_correlated-318420808,nominal_correlated,P2_explicit_gauge_framewise,True,inference-admissible,0.0884193802175252,0.737265425866642,True,True,0.006618358675767432,0.00027542939409253085,0.00027542939409253085,False,False,0.958384033325212,0.958384033325212,1.0,0.0009410069181708872,0.9999999999999574,0.8919635314795499,0.9791209846688906,True
bayesian-phystwin-prob4d-controlled-decisive-trial,target-nominal_correlated-318420809,nominal_correlated,P2_explicit_gauge_framewise,True,inference-admissible,0.05119451109582082,0.737265425866642,True,True,0.008763860558339342,0.000333364304107893,0.000333364304107893,False,False,0.9619614778340264,0.9619614778340264,1.0,0.0008366970819717957,1.0,0.9655384839523911,0.9652689304626976,True
bayesian-phystwin-prob4d-controlled-decisive-trial,target-nominal_correlated-318420810,nominal_correlated,P2_explicit_gauge_framewise,True,inference-admissible,0.08723691945976672,0.737265425866642,True,True,0.0033459813777053566,0.000660573976134152,0.000660573976134152,False,False,0.8025769119530582,0.8025769119530582,1.0,0.0008976207415132983,0.9999999999999716,0.9608459656386422,0.8404478879390399,True
bayesian-phystwin-prob4d-controlled-decisive-trial,target-nominal_correlated-318420811,nominal_correlated,P2_explicit_gauge_framewise,True,inference-admissible,0.11575137954825462,0.737265425866642,True,True,0.0056739267504122975,0.0006424094276796667,0.0006424094276796667,False,False,0.88677868856291,0.88677868856291,1.0,0.0008457355237344871,1.0,0.923943557069875,0.7945069556009574,True
bayesian-phystwin-prob4d-controlled-decisive-trial,target-nominal_correlated-318420812,nominal_correlated,P2_explicit_gauge_framewise,True,inference-admissible,0.08774425975028291,0.737265425866642,True,True,0.007466767888902175,0.00043172494070246355,0.00043172494070246355,False,False,0.9421804792748233,0.9421804792748233,1.0,0.0008356000052297431,1.0,0.9632830755633476,0.841837185444492,True
bayesian-phystwin-prob4d-controlled-decisive-trial,target-nominal_correlated-318420813,nominal_correlated,P2_explicit_gauge_framewise,True,inference-admissible,0.16182477580264326,0.737265425866642,True,True,0.008442699271924396,0.00011636803911795704,0.00011636803911795704,False,False,0.9862167257923149,0.9862167257923149,1.0,0.0007978230199232422,1.0,0.8760402043061855,0.7187221947987463,True
bayesian-phystwin-prob4d-controlled-decisive-trial,target-nominal_correlated-318420814,nominal_correlated,P2_explicit_gauge_framewise,True,inference-admissible,0.13345926308904815,0.737265425866642,True,True,0.004317973572073503,0.00045608542564175357,0.00045608542564175357,False,False,0.8943751234163436,0.8943751234163436,1.0,0.000841129540078635,1.0,0.9027636996292696,0.7897151432673507,True
bayesian-phystwin-prob4d-controlled-decisive-trial,target-nominal_correlated-318420815,nominal_correlated,P2_explicit_gauge_framewise,True,inference-admissible,0.05245666344734936,0.737265425866642,True,True,0.010172673345607102,0.0003071133049218337,0.0003071133049218337,False,False,0.9698099708416907,0.9698099708416907,1.0,0.0008288182735985087,1.0,0.9576276943915144,0.9622518514383603,True
bayesian-phystwin-prob4d-controlled-decisive-trial,target-nominal_correlated-318420816,nominal_correlated,P2_explicit_gauge_framewise,True,inference-admissible,0.07192646146214283,0.737265425866642,True,True,0.00785667791141908,0.0003086327704398061,0.0003086327704398061,False,False,0.9607171410207319,0.9607171410207319,1.0,0.0008756854321414031,1.0,0.9577310993315682,0.9158025883053105,True
bayesian-phystwin-prob4d-controlled-decisive-trial,target-nominal_correlated-318420817,nominal_correlated,P2_explicit_gauge_framewise,True,inference-admissible,0.09690394701918408,0.737265425866642,True,True,0.004334707914304273,0.000525469196759912,0.000525469196759912,False,False,0.8787763311511958,0.8787763311511958,1.0,0.0007577230809646781,1.0,0.9472206744011404,0.8030258635460928,True
bayesian-phystwin-prob4d-controlled-decisive-trial,target-nominal_correlated-318420818,nominal_correlated,P2_explicit_gauge_framewise,True,inference-admissible,0.08236373740825376,0.737265425866642,True,True,0.009666424147654874,0.00039268826694499424,0.00039268826694499424,False,False,0.9593760566527321,0.9593760566527321,1.0,0.0009202962752691807,0.9999999999999432,0.9717582877688499,0.8537628657342625,True
bayesian-phystwin-prob4d-controlled-decisive-trial,target-nominal_correlated-318420819,nominal_correlated,P2_explicit_gauge_framewise,True,inference-admissible,0.09216261566579298,0.737265425866642,True,True,0.0057574935397624325,0.0006512658774463136,0.0006512658774463136,False,False,0.8868837849406972,0.8868837849406972,1.0,0.0008886774596728054,1.0,0.906542691515815,0.9289432345200567,True
bayesian-phystwin-prob4d-controlled-decisive-trial,target-nominal_correlated-318420820,nominal_correlated,P2_explicit_gauge_framewise,True,inference-admissible,0.12513644967139304,0.737265425866642,True,True,0.00620721418676249,0.0004843494926567898,0.0004843494926567898,False,False,0.9219699082255428,0.9219699082255428,1.0,0.0007680274091315158,1.0,0.9029045688460181,0.7872910494232731,True
bayesian-phystwin-prob4d-controlled-decisive-trial,target-nominal_correlated-318420821,nominal_correlated,P2_explicit_gauge_framewise,True,inference-admissible,0.10678051533738338,0.737265425866642,True,True,0.004190129178468414,0.0006513850048774155,0.0006513850048774155,False,False,0.8445429777619622,0.8445429777619622,1.0,0.0008911310271535582,0.9999999999999858,0.934237892275758,0.8236337722898698,True
bayesian-phystwin-prob4d-controlled-decisive-trial,target-nominal_correlated-318420822,nominal_correlated,P2_explicit_gauge_framewise,True,inference-admissible,0.15730283733921835,0.737265425866642,True,True,0.003993383847544752,0.000527008367484907,0.000527008367484907,False,False,0.8680296240971358,0.8680296240971358,1.0,0.0007703417176565036,1.0,0.8798776059518457,0.7030704250854792,True
bayesian-phystwin-prob4d-controlled-decisive-trial,target-nominal_correlated-318420823,nominal_correlated,P2_explicit_gauge_framewise,True,inference-admissible,0.07309497328934059,0.737265425866642,True,True,0.008532107459452256,0.00047243046236726137,0.00047243046236726137,False,False,0.9446291007687811,0.9446291007687811,1.0,0.0007809510723013315,1.0,0.9666852815362467,0.8640450409939715,True
bayesian-phystwin-prob4d-controlled-decisive-trial,target-nominal_correlated-318420824,nominal_correlated,P2_explicit_gauge_framewise,True,inference-admissible,0.1530445539805662,0.737265425866642,True,True,0.0018661135759485605,0.00017218662543737795,0.00017218662543737795,False,False,0.9077298254208058,0.9077298254208058,1.0,0.0009202710564585491,0.9999999999999716,0.9113582433905308,0.7031818626278117,True
bayesian-phystwin-prob4d-controlled-decisive-trial,target-nominal_correlated-318420825,nominal_correlated,P2_explicit_gauge_framewise,True,inference-admissible,0.09296596301274643,0.737265425866642,True,True,0.007769231007067137,0.00040598320275514406,0.00040598320275514406,False,False,0.9477447378787104,0.9477447378787104,1.0,0.0008033779090548977,1.0,0.9442143586094264,0.8448572245863337,True
bayesian-phystwin-prob4d-controlled-decisive-trial,target-nominal_correlated-318420826,nominal_correlated,P2_explicit_gauge_framewise,True,inference-admissible,0.1258977249522098,0.737265425866642,True,True,0.01132785141254362,0.000277953182109537,0.000277953182109537,False,False,0.975462850633638,0.975462850633638,1.0,0.0009219743673117663,0.9999999999999574,0.9191936811563577,0.7825807283742312,True
bayesian-phystwin-prob4d-controlled-decisive-trial,target-nominal_correlated-318420827,nominal_correlated,P2_explicit_gauge_framewise,True,inference-admissible,0.09422728068113079,0.737265425866642,True,True,0.009779337645973576,0.00036203759046702456,0.00036203759046702456,False,False,0.9629793342276013,0.9629793342276013,1.0,0.0007968384156239219,1.0,0.9361375479281746,0.8550642458260063,True
bayesian-phystwin-prob4d-controlled-decisive-trial,target-nominal_correlated-318420828,nominal_correlated,P2_explicit_gauge_framewise,True,inference-admissible,0.08409010063997945,0.737265425866642,True,True,0.003873676638452656,0.00029355802549784583,0.00029355802549784583,False,False,0.924217209411907,0.924217209411907,1.0,0.0007645985607108399,1.0,0.956239356310754,0.8425821176059982,True
bayesian-phystwin-prob4d-controlled-decisive-trial,target-nominal_correlated-318420829,nominal_correlated,P2_explicit_gauge_framewise,True,inference-admissible,0.08120758669960426,0.737265425866642,True,True,0.0016554947117872892,0.00031082494959666624,0.00031082494959666624,False,False,0.8122464859696855,0.8122464859696855,1.0,0.0006842700624212642,1.0,0.9766851653825046,0.800811226819719,True
bayesian-phystwin-prob4d-controlled-decisive-trial,target-nominal_correlated-318420830,nominal_correlated,P2_explicit_gauge_framewise,True,inference-admissible,0.08046992997035507,0.737265425866642,True,True,0.0066812451148761404,0.0004860706184174266,0.0004860706184174266,False,False,0.9272484978383497,0.9272484978383497,1.0,0.0008666012988647756,1.0,0.9512968416438524,0.8902645301944869,True
bayesian-phystwin-prob4d-controlled-decisive-trial,target-nominal_correlated-318420831,nominal_correlated,P2_explicit_gauge_framewise,True,inference-admissible,0.10423998347998735,0.737265425866642,True,True,0.005988667301689113,0.000269193055243784,0.000269193055243784,False,False,0.9550495892186468,0.9550495892186468,1.0,0.0008556524602752344,1.0,0.9022141500528919,0.8650907415290492,True
bayesian-phystwin-prob4d-controlled-decisive-trial,target-nominal_correlated-318420832,nominal_correlated,P2_explicit_gauge_framewise,True,inference-admissible,0.09914789021369097,0.737265425866642,True,True,0.007976006260119869,0.0005643452803962784,0.0005643452803962784,False,False,0.9292446292052187,0.9292446292052187,1.0,0.000823281827882974,1.0,0.9197031197711426,0.8590794135253454,True
bayesian-phystwin-prob4d-controlled-decisive-trial,target-nominal_correlated-318420833,nominal_correlated,P2_explicit_gauge_framewise,True,inference-admissible,0.10056967254746307,0.737265425866642,True,True,0.007599787596001098,0.0002605044915448212,0.0002605044915448212,False,False,0.965722135223635,0.965722135223635,1.0,0.0008625258640276061,1.0,0.9393932339300266,0.8187061310292716,True
bayesian-phystwin-prob4d-controlled-decisive-trial,target-nominal_correlated-318420834,nominal_correlated,P2_explicit_gauge_framewise,True,inference-admissible,0.09527825231707962,0.737265425866642,True,True,0.0068543984492612205,0.0005536027764696437,0.0005536027764696437,False,False,0.9192339370744763,0.9192339370744763,1.0,0.0008703903338983802,1.0,0.9514302818478296,0.833345131872162,True
bayesian-phystwin-prob4d-controlled-decisive-trial,target-nominal_correlated-318420835,nominal_correlated,P2_explicit_gauge_framewise,True,inference-admissible,0.1082304734543666,0.737265425866642,True,True,0.007911399760523028,0.0004500734381136279,0.0004500734381136279,False,False,0.9431107703140672,0.9431107703140672,1.0,0.0008162925214022376,1.0,0.9119499621456191,0.864336702590014,True
bayesian-phystwin-prob4d-controlled-decisive-trial,target-nominal_correlated-318420836,nominal_correlated,P2_explicit_gauge_framewise,True,inference-admissible,0.10114962016398535,0.737265425866642,True,True,0.004338076701578592,0.00023936048732815058,0.00023936048732815058,False,False,0.9448233621039828,0.9448233621039828,1.0,0.000917591777628525,0.9999999999999147,0.9181823445102059,0.8915835174591232,True
bayesian-phystwin-prob4d-controlled-decisive-trial,target-nominal_correlated-318420837,nominal_correlated,P2_explicit_gauge_framewise,True,inference-admissible,0.05751049216055709,0.737265425866642,True,True,0.005788416764574352,0.0002688504878696708,0.0002688504878696708,False,False,0.9535537092776283,0.9535537092776283,1.0,0.0007933963773855362,1.0,0.9669198944789252,0.9242814328524366,True
bayesian-phystwin-prob4d-controlled-decisive-trial,target-nominal_correlated-318420838,nominal_correlated,P2_explicit_gauge_framewise,True,inference-admissible,0.06341175282382493,0.737265425866642,True,True,0.00322990555711752,0.0003674323888360647,0.0003674323888360647,False,False,0.8862405162199312,0.8862405162199312,1.0,0.0007612855882624738,1.0,0.9562956863497578,0.9460904391481049,True
bayesian-phystwin-prob4d-controlled-decisive-trial,target-nominal_correlated-318420839,nominal_correlated,P2_explicit_gauge_framewise,True,inference-admissible,0.09866296919035852,0.737265425866642,True,True,0.008061808264819762,0.00010289368263812216,0.00010289368263812216,False,False,0.9872368978201663,0.9872368978201663,1.0,0.0010310338500850006,0.9999999999917719,0.9443410012320499,0.8524189724372196,True
bayesian-phystwin-prob4d-controlled-decisive-trial,target-nominal_correlated-318420840,nominal_correlated,P2_explicit_gauge_framewise,True,inference-admissible,0.12282304327771129,0.737265425866642,True,True,0.007779908530677194,0.0002376086019555004,0.0002376086019555004,False,False,0.9694586895181893,0.9694586895181893,1.0,0.0008598170438675602,1.0,0.875378586964329,0.8717118764113092,True
bayesian-phystwin-prob4d-controlled-decisive-trial,target-nominal_correlated-318420841,nominal_correlated,P2_explicit_gauge_framewise,True,inference-admissible,0.099317753558922,0.737265425866642,True,True,0.009599464061503114,0.0005269164090854336,0.0005269164090854336,False,False,0.9451098097029672,0.9451098097029672,1.0,0.0009490049535593436,0.9999999999999005,0.9293828174818681,0.8662990580015204,True
bayesian-phystwin-prob4d-controlled-decisive-trial,target-nominal_correlated-318420842,nominal_correlated,P2_explicit_gauge_framewise,True,inference-admissible,0.09374628505677644,0.737265425866642,True,True,0.008020848441902775,0.00040931336401275886,0.00040931336401275886,False,False,0.9489688195734493,0.9489688195734493,1.0,0.0006894974018126211,1.0,0.93305246504294,0.8471629138067155,True
bayesian-phystwin-prob4d-controlled-decisive-trial,target-nominal_correlated-318420843,nominal_correlated,P2_explicit_gauge_framewise,True,inference-admissible,0.11745436777269255,0.737265425866642,True,True,0.0067555980064415285,0.00028841896151300656,0.00028841896151300656,False,False,0.9573066720017982,0.9573066720017982,1.0,0.0009679780082900408,0.9999999999996732,0.9224449975306384,0.7966267552220319,True
bayesian-phystwin-prob4d-controlled-decisive-trial,target-nominal_correlated-318420844,nominal_correlated,P2_explicit_gauge_framewise,True,inference-admissible,0.07988500930386366,0.737265425866642,True,True,0.007189264568316358,0.00016302815906928795,0.00016302815906928795,False,False,0.9773233885719319,0.9773233885719319,1.0,0.0008566379752532813,1.0,0.9667207805000991,0.8444110353628146,True
bayesian-phystwin-prob4d-controlled-decisive-trial,target-nominal_correlated-318420845,nominal_correlated,P2_explicit_gauge_framewise,True,inference-admissible,0.10838887147569984,0.737265425866642,True,True,0.007879015720960681,0.0005267802570162531,0.0005267802570162531,False,False,0.9331413623639752,0.9331413623639752,1.0,0.0007322977084593353,1.0,0.9391487156764572,0.7738892824088994,True
bayesian-phystwin-prob4d-controlled-decisive-trial,target-nominal_correlated-318420846,nominal_correlated,P2_explicit_gauge_framewise,True,inference-admissible,0.129535699489201,0.737265425866642,True,True,0.009072618011926355,0.00041410551848914263,0.00041410551848914263,False,False,0.954356557506909,0.954356557506909,1.0,0.0008506776149843033,1.0,0.9483453891628167,0.7089346151853739,True
bayesian-phystwin-prob4d-controlled-decisive-trial,target-nominal_correlated-318420847,nominal_correlated,P2_explicit_gauge_framewise,True,inference-admissible,0.13532959710855613,0.737265425866642,True,True,0.005209733742007863,0.0003593483633099481,0.0003593483633099481,False,False,0.9310236604968121,0.9310236604968121,1.0,0.0010188722200247227,0.9999999999952109,0.9418842122146145,0.7096921912155261,True
bayesian-phystwin-prob4d-controlled-decisive-trial,target-nominal_correlated-318420848,nominal_correlated,P2_explicit_gauge_framewise,True,inference-admissible,0.15576443305316956,0.737265425866642,True,True,0.005187469140182476,0.000493455765233911,0.000493455765233911,False,False,0.9048754311786512,0.9048754311786512,1.0,0.0009609045366580186,0.9999999999998579,0.9145452120108263,0.6703831802669602,True
bayesian-phystwin-prob4d-controlled-decisive-trial,target-nominal_correlated-318420849,nominal_correlated,P2_explicit_gauge_framewise,True,inference-admissible,0.12415612895327832,0.737265425866642,True,True,0.005456036487691015,0.0006052068942305317,0.0006052068942305317,False,False,0.889075724549149,0.889075724549149,1.0,0.0008179719333893118,1.0,0.9315736141870908,0.749254191329509,True
bayesian-phystwin-prob4d-controlled-decisive-trial,target-nominal_correlated-318420850,nominal_correlated,P2_explicit_gauge_framewise,True,inference-admissible,0.05185251127340905,0.737265425866642,True,True,0.0056243790137171425,0.0004263782539213017,0.0004263782539213017,False,False,0.924191052402155,0.924191052402155,1.0,0.0008441107835103615,1.0,0.9573941485732993,0.984853872717998,True
bayesian-phystwin-prob4d-controlled-decisive-trial,target-nominal_correlated-318420851,nominal_correlated,P2_explicit_gauge_framewise,True,inference-admissible,0.06363006223592377,0.737265425866642,True,True,0.010289740879883203,0.00019834335153022113,0.00019834335153022113,False,False,0.9807241645979649,0.9807241645979649,1.0,0.0008966343235268015,0.9999999999999858,0.9541679541391681,0.9474225601913518,True
bayesian-phystwin-prob4d-controlled-decisive-trial,target-nominal_correlated-318420852,nominal_correlated,P2_explicit_gauge_framewise,True,inference-admissible,0.07415076693192728,0.737265425866642,True,True,0.005625340219712845,0.00085787865038092,0.00085787865038092,False,False,0.847497463820115,0.847497463820115,0.0,0.000798046523028317,1.0,0.9485818118691886,0.901087544240232,True
bayesian-phystwin-prob4d-controlled-decisive-trial,target-nominal_correlated-318420853,nominal_correlated,P2_explicit_gauge_framewise,True,inference-admissible,0.083646842586349,0.737265425866642,True,True,0.007022886670104842,0.00021533915785440716,0.00021533915785440716,False,False,0.9693375149037977,0.9693375149037977,1.0,0.0008450878233729882,1.0,0.9524195567281383,0.8631495579615936,True
bayesian-phystwin-prob4d-controlled-decisive-trial,target-nominal_correlated-318420854,nominal_correlated,P2_explicit_gauge_framewise,True,inference-admissible,0.11935511456444078,0.737265425866642,True,True,0.005892903898858267,6.491938040564074e-05,6.491938040564074e-05,False,False,0.988983465279619,0.988983465279619,1.0,0.0006991317411372284,1.0,0.8619031741366838,0.8792294089739504,True
bayesian-phystwin-prob4d-controlled-decisive-trial,target-nominal_correlated-318420855,nominal_correlated,P2_explicit_gauge_framewise,True,inference-admissible,0.13166756374932115,0.737265425866642,True,True,0.009438678596719444,0.0006374580850103291,0.0006374580850103291,False,False,0.932463206742532,0.932463206742532,0.041666666666666664,0.0006549991464729074,1.0,0.9239920516683908,0.7155996854198117,True
bayesian-phystwin-prob4d-controlled-decisive-trial,target-nominal_correlated-318420856,nominal_correlated,P2_explicit_gauge_framewise,True,inference-admissible,0.07708960243297266,0.737265425866642,True,True,0.008312606936155476,0.00033426095430084073,0.00033426095430084073,False,False,0.9597886731721933,0.9597886731721933,1.0,0.0009366618383210937,0.9999999999999147,0.953478810923606,0.9036875518557652,True
bayesian-phystwin-prob4d-controlled-decisive-trial,target-nominal_correlated-318420857,nominal_correlated,P2_explicit_gauge_framewise,True,inference-admissible,0.05210718254584669,0.737265425866642,True,True,0.01026698975283368,0.0003008079376142847,0.0003008079376142847,False,False,0.9707014475658494,0.9707014475658494,1.0,0.0007824927431453018,1.0,0.9697287932984373,0.9470967058727596,True
bayesian-phystwin-prob4d-controlled-decisive-trial,target-nominal_correlated-318420858,nominal_correlated,P2_explicit_gauge_framewise,True,inference-admissible,0.0844436537532009,0.737265425866642,True,True,0.008605389275677278,0.0002172832008097981,0.0002172832008097981,False,False,0.9747503344881865,0.9747503344881865,1.0,0.0007186149867341047,1.0,0.9359853093204058,0.8865398328390712,True
bayesian-phystwin-prob4d-controlled-decisive-trial,target-nominal_correlated-318420859,nominal_correlated,P2_explicit_gauge_framewise,True,inference-admissible,0.11937890102926638,0.737265425866642,True,True,0.004802092746801631,0.0005606390371634686,0.0005606390371634686,False,False,0.8832511018166247,0.8832511018166247,1.0,0.0007333721717144651,1.0,0.9354152375235001,0.7502569819628743,True
bayesian-phystwin-prob4d-controlled-decisive-trial,target-nominal_correlated-318420860,nominal_correlated,P2_explicit_gauge_framewise,True,inference-admissible,0.09850932889512172,0.737265425866642,True,True,0.0065673887562010015,0.0003927188861442833,0.0003927188861442833,False,False,0.9402016690768498,0.9402016690768498,1.0,0.000886854478101395,0.9999999999999858,0.9703442204210893,0.7848327101478687,True
bayesian-phystwin-prob4d-controlled-decisive-trial,target-nominal_correlated-318420861,nominal_correlated,P2_explicit_gauge_framewise,True,inference-admissible,0.06494086354991516,0.737265425866642,True,True,0.00692682173300754,0.000287604197105917,0.000287604197105917,False,False,0.9584796306023826,0.9584796306023826,1.0,0.0008097278128255694,1.0,0.9220326924926762,0.9937541630397856,True
bayesian-phystwin-prob4d-controlled-decisive-trial,target-nominal_correlated-318420862,nominal_correlated,P2_explicit_gauge_framewise,True,inference-admissible,0.0751114089870214,0.737265425866642,True,True,0.005027365504812286,0.00015551606896470327,0.00015551606896470327,False,False,0.9690660906162799,0.9690660906162799,1.0,0.0007631108114942286,1.0,0.9564928138186976,0.8915819592158967,True
bayesian-phystwin-prob4d-controlled-decisive-trial,target-nominal_correlated-318420863,nominal_correlated,P2_explicit_gauge_framewise,True,inference-admissible,0.07756040172138284,0.737265425866642,True,True,0.005410818776371862,0.0002637886487639659,0.0002637886487639659,False,False,0.9512479238972322,0.9512479238972322,1.0,0.000958383046194753,0.9999999999996732,0.9545690336419842,0.9033621383126191,True
bayesian-phystwin-prob4d-controlled-decisive-trial,target-nominal_correlated-318420864,nominal_correlated,P2_explicit_gauge_framewise,True,inference-admissible,0.09601557504825163,0.737265425866642,True,True,0.008272976578144997,0.000448793821912197,0.000448793821912197,False,False,0.9457518321642792,0.9457518321642792,1.0,0.000721751984589075,1.0,0.9088214701194386,0.8806220864987355,True
bayesian-phystwin-prob4d-controlled-decisive-trial,target-nominal_correlated-318420865,nominal_correlated,P2_explicit_gauge_framewise,True,inference-admissible,0.03944794364563951,0.737265425866642,True,True,0.003765042519536687,0.0001023997508786241,0.0001023997508786241,False,False,0.972802498153135,0.972802498153135,1.0,0.0007835832538917383,1.0,0.9798799635229452,0.964429139120732,True
bayesian-phystwin-prob4d-controlled-decisive-trial,target-nominal_correlated-318420866,nominal_correlated,P2_explicit_gauge_framewise,True,inference-admissible,0.08715248171132248,0.737265425866642,True,True,0.007675964475566049,0.0007784080857533746,0.0007784080857533746,False,False,0.8985914944980289,0.8985914944980289,0.0,0.0007224519978887068,1.0,0.9187678423611333,0.9132964395464749,True
bayesian-phystwin-prob4d-controlled-decisive-trial,target-nominal_correlated-318420867,nominal_correlated,P2_explicit_gauge_framewise,True,inference-admissible,0.08757033926250518,0.737265425866642,True,True,0.008714120594407451,0.0003954546119619488,0.0003954546119619488,False,False,0.9546191026762076,0.9546191026762076,1.0,0.0009140655340326686,0.9999999999999716,0.9448679445901996,0.8698722238099502,True
bayesian-phystwin-prob4d-controlled-decisive-trial,target-common_mode_bias-318520804,common_mode_bias,P2_explicit_gauge_framewise,True,inference-admissible,0.10413428358012099,0.737265425866642,True,True,0.006295163382284109,0.0001479983213042542,0.0001479983213042542,False,False,0.9764901540568824,0.9764901540568824,1.0,0.000810112723307335,1.0,0.8878306294200815,0.9029759538872438,True
bayesian-phystwin-prob4d-controlled-decisive-trial,target-common_mode_bias-318520805,common_mode_bias,P2_explicit_gauge_framewise,True,inference-admissible,0.16022768980682311,0.737265425866642,True,True,0.004014819144346342,0.0005613218188152363,0.0005613218188152363,False,False,0.8601875206245123,0.8601875206245123,1.0,0.0008098347502507594,1.0,0.9121256012571293,0.6443214407981827,True
bayesian-phystwin-prob4d-controlled-decisive-trial,target-common_mode_bias-318520806,common_mode_bias,P2_explicit_gauge_framewise,True,inference-admissible,0.0951527743680358,0.737265425866642,True,True,0.009788929661137867,0.0005327631167592876,0.0005327631167592876,False,False,0.9455749366680648,0.9455749366680648,1.0,0.0009289713613037553,0.9999999999998863,0.9531277366628598,0.8053236407965186,True
bayesian-phystwin-prob4d-controlled-decisive-trial,target-common_mode_bias-318520807,common_mode_bias,P2_explicit_gauge_framewise,True,inference-admissible,0.06718849910307281,0.737265425866642,True,True,0.008952025647914825,0.00018873053242129153,0.00018873053242129153,False,False,0.9789175612488049,0.9789175612488049,1.0,0.0009067328900331076,0.9999999999999716,0.9587664594813551,0.9271068468196806,True
bayesian-phystwin-prob4d-controlled-decisive-trial,target-common_mode_bias-318520808,common_mode_bias,P2_explicit_gauge_framewise,True,inference-admissible,0.067133253289297,0.737265425866642,True,True,0.003080500920836963,0.00020268537448074402,0.00020268537448074402,False,False,0.9342037611124379,0.9342037611124379,1.0,0.0008327684799656158,1.0,0.9750387076135978,0.8767854054850952,True
bayesian-phystwin-prob4d-controlled-decisive-trial,target-common_mode_bias-318520809,common_mode_bias,P2_explicit_gauge_framewise,True,inference-admissible,0.13891836110518863,0.737265425866642,True,True,0.0036316706600353593,0.00018388931189846318,0.00018388931189846318,False,False,0.9493650914103888,0.9493650914103888,1.0,0.0009281585066019277,0.9999999999997016,0.9611433203239715,0.6573969532770498,True
bayesian-phystwin-prob4d-controlled-decisive-trial,target-common_mode_bias-318520810,common_mode_bias,P2_explicit_gauge_framewise,True,inference-admissible,0.11033576434214609,0.737265425866642,True,True,0.004979774051487603,0.0005644866717461133,0.0005644866717461133,False,False,0.8866441196107111,0.8866441196107111,1.0,0.0008737591115584885,1.0,0.8569205761720412,0.9424709021357114,True
bayesian-phystwin-prob4d-controlled-decisive-trial,target-common_mode_bias-318520811,common_mode_bias,P2_explicit_gauge_framewise,True,inference-admissible,0.05610710223191663,0.737265425866642,True,True,0.004910896070034872,0.00041065886090573136,0.00041065886090573136,False,False,0.9163780183800926,0.9163780183800926,1.0,0.0008372477059450326,1.0,0.9620889146484792,0.9660943063395196,True
bayesian-phystwin-prob4d-controlled-decisive-trial,target-common_mode_bias-318520812,common_mode_bias,P2_explicit_gauge_framewise,True,inference-admissible,0.09175716703648715,0.737265425866642,True,True,0.005215908475252118,0.00020691018197113159,0.00020691018197113159,False,False,0.9603309408221297,0.9603309408221297,1.0,0.0008700757014056737,1.0,0.9864485296631692,0.7725375463481056,True
bayesian-phystwin-prob4d-controlled-decisive-trial,target-common_mode_bias-318520813,common_mode_bias,P2_explicit_gauge_framewise,True,inference-admissible,0.10680983418947303,0.737265425866642,True,True,0.004887678880295078,0.0006475762652910901,0.0006475762652910901,False,False,0.8675084265658641,0.8675084265658641,1.0,0.000816118186109525,1.0,0.9487332870337665,0.7885447281878658,True
bayesian-phystwin-prob4d-controlled-decisive-trial,target-common_mode_bias-318520814,common_mode_bias,P2_explicit_gauge_framewise,True,inference-admissible,0.12953613132922334,0.737265425866642,True,True,0.001806819755430712,0.0003341940430253796,0.0003341940430253796,False,False,0.8150374202955768,0.8150374202955768,1.0,0.0008294121975669023,1.0,0.9300074141074128,0.7319651137705809,True
bayesian-phystwin-prob4d-controlled-decisive-trial,target-common_mode_bias-318520815,common_mode_bias,P2_explicit_gauge_framewise,True,inference-admissible,0.07469365312770196,0.737265425866642,True,True,0.007037644852962149,0.0002119762690659209,0.0002119762690659209,False,False,0.9698796581108097,0.9698796581108097,1.0,0.0007026804858899311,1.0,0.9512809439694606,0.8770908824819138,True
bayesian-phystwin-prob4d-controlled-decisive-trial,target-common_mode_bias-318520816,common_mode_bias,P2_explicit_gauge_framewise,True,inference-admissible,0.0778912636871533,0.737265425866642,True,True,0.007448841755349864,0.00011949997774575308,0.00011949997774575308,False,False,0.9839572403776834,0.9839572403776834,1.0,0.0007617784511241054,1.0,0.9622966320168514,0.8551741630728735,True
bayesian-phystwin-prob4d-controlled-decisive-trial,target-common_mode_bias-318520817,common_mode_bias,P2_explicit_gauge_framewise,True,inference-admissible,0.08029347640446724,0.737265425866642,True,True,0.008080443224969454,0.00042394579051233274,0.00042394579051233274,False,False,0.9475343395517842,0.9475343395517842,1.0,0.0009262537834658418,0.9999999999999147,0.9686964837713223,0.8393762143834416,True
bayesian-phystwin-prob4d-controlled-decisive-trial,target-common_mode_bias-318520818,common_mode_bias,P2_explicit_gauge_framewise,True,inference-admissible,0.12024404122530746,0.737265425866642,True,True,0.00675776480890649,0.0001345654565633148,0.0001345654565633148,False,False,0.9800872832410559,0.9800872832410559,1.0,0.0008463671739810892,1.0,0.9714639029560542,0.6913257249450928,True
bayesian-phystwin-prob4d-controlled-decisive-trial,target-common_mode_bias-318520819,common_mode_bias,P2_explicit_gauge_framewise,True,inference-admissible,0.07746773521117793,0.737265425866642,True,True,0.0054213892441629325,0.00025048154984568373,0.00025048154984568373,False,False,0.9537975344390978,0.9537975344390978,1.0,0.0008987680921866821,0.9999999999999858,0.9324186129206967,0.9386864294208916,True
bayesian-phystwin-prob4d-controlled-decisive-trial,target-common_mode_bias-318520820,common_mode_bias,P2_explicit_gauge_framewise,True,inference-admissible,0.09424942263881657,0.737265425866642,True,True,0.006181235941782645,0.00018531082657724155,0.00018531082657724155,False,False,0.9700204249890195,0.9700204249890195,1.0,0.000829718676847066,1.0,0.9273826929565723,0.8808994650006357,True
bayesian-phystwin-prob4d-controlled-decisive-trial,target-common_mode_bias-318520821,common_mode_bias,P2_explicit_gauge_framewise,True,inference-admissible,0.06643869198196298,0.737265425866642,True,True,0.006102723876932564,0.00048521898591295576,0.00048521898591295576,False,False,0.9204914074931335,0.9204914074931335,1.0,0.0008675776791662208,1.0,0.9538863995962721,0.9318288918471529,True
bayesian-phystwin-prob4d-controlled-decisive-trial,target-common_mode_bias-318520822,common_mode_bias,P2_explicit_gauge_framewise,True,inference-admissible,0.11369304380455206,0.737265425866642,True,True,0.00706136357321453,0.0003469668872276323,0.0003469668872276323,False,False,0.9508640387043995,0.9508640387043995,1.0,0.000759848055869638,1.0,0.8607633020164516,0.9296641148032296,True
bayesian-phystwin-prob4d-controlled-decisive-trial,target-common_mode_bias-318520823,common_mode_bias,P2_explicit_gauge_framewise,True,inference-admissible,0.09123268170644153,0.737265425866642,True,True,0.0030996312359180232,0.00039571548871518674,0.00039571548871518674,False,False,0.8723346557714028,0.8723346557714028,1.0,0.0009405310478371627,0.999999999999929,0.8913840214459392,0.9706619284702396,True
bayesian-phystwin-prob4d-controlled-decisive-trial,target-common_mode_bias-318520824,common_mode_bias,P2_explicit_gauge_framewise,True,inference-admissible,0.10354355399349556,0.737265425866642,True,True,0.0035633836040291503,0.0001724820831241284,0.0001724820831241284,False,False,0.9515959822767603,0.9515959822767603,1.0,0.0008305732851864972,1.0,0.9189030390257096,0.8480960585276889,True
bayesian-phystwin-prob4d-controlled-decisive-trial,target-common_mode_bias-318520825,common_mode_bias,P2_explicit_gauge_framewise,True,inference-admissible,0.13974495762866368,0.737265425866642,True,True,0.0042749463424532315,0.00017982390170352694,0.00017982390170352694,False,False,0.9579354014534057,0.9579354014534057,1.0,0.0008009896745039225,1.0,0.8620711349129232,0.8236280218529693,True
bayesian-phystwin-prob4d-controlled-decisive-trial,target-common_mode_bias-318520826,common_mode_bias,P2_explicit_gauge_framewise,True,inference-admissible,0.08938223249137608,0.737265425866642,True,True,0.008328662380558656,0.0004382920580389992,0.0004382920580389992,False,False,0.9473754562242682,0.9473754562242682,1.0,0.0007705091622114919,1.0,0.9744683064642445,0.7965006514627821,True
bayesian-phystwin-prob4d-controlled-decisive-trial,target-common_mode_bias-318520827,common_mode_bias,P2_explicit_gauge_framewise,True,inference-admissible,0.11081536551692782,0.737265425866642,True,True,0.005246726521101587,0.00040253962918248795,0.00040253962918248795,False,False,0.9232779471993574,0.9232779471993574,1.0,0.0008636479702688413,1.0,0.913671301062756,0.8416568170577885,True
bayesian-phystwin-prob4d-controlled-decisive-trial,target-common_mode_bias-318520828,common_mode_bias,P2_explicit_gauge_framewise,True,inference-admissible,0.07462742627755939,0.737265425866642,True,True,0.004605293288079465,0.000254613262577866,0.000254613262577866,False,False,0.9447129104161688,0.9447129104161688,1.0,0.000976851342708653,0.9999999999969731,0.9437193075106712,0.9219730897923039,True
bayesian-phystwin-prob4d-controlled-decisive-trial,target-common_mode_bias-318520829,common_mode_bias,P2_explicit_gauge_framewise,True,inference-admissible,0.14065114767333925,0.737265425866642,True,True,0.004862837680346359,0.0004128903891254385,0.0004128903891254385,False,False,0.9150927058918343,0.9150927058918343,1.0,0.0008220474626914476,1.0,0.8624859940733729,0.8161993496914858,True
bayesian-phystwin-prob4d-controlled-decisive-trial,target-common_mode_bias-318520830,common_mode_bias,P2_explicit_gauge_framewise,True,inference-admissible,0.05249287845608225,0.737265425866642,True,True,0.0032574330022757158,0.00023272687325879486,0.00023272687325879486,False,False,0.9285551312655681,0.9285551312655681,1.0,0.0008538159519400206,1.0,0.9572973535262247,0.9637899680068288,True
bayesian-phystwin-prob4d-controlled-decisive-trial,target-common_mode_bias-318520831,common_mode_bias,P2_explicit_gauge_framewise,True,inference-admissible,0.07470833660306811,0.737265425866642,True,True,0.0010887427608259302,0.00022088517683389194,0.00022088517683389194,False,False,0.7971190397019711,0.7971190397019711,1.0,0.0008052466877658018,1.0,0.9618022758777586,0.8824567164022479,True
bayesian-phystwin-prob4d-controlled-decisive-trial,target-common_mode_bias-318520832,common_mode_bias,P2_explicit_gauge_framewise,True,inference-admissible,0.08432310432290994,0.737265425866642,True,True,0.007016307626067638,0.0005994328459976389,0.0005994328459976389,False,False,0.9145657690705336,0.9145657690705336,1.0,0.0009617116565969822,0.9999999999993321,0.902178450513706,0.9942361092182114,True
bayesian-phystwin-prob4d-controlled-decisive-trial,target-common_mode_bias-318520833,common_mode_bias,P2_explicit_gauge_framewise,True,inference-admissible,0.06875790263725728,0.737265425866642,True,True,0.008117973792514091,0.00028304709475573785,0.00028304709475573785,False,False,0.9651332830100108,0.9651332830100108,1.0,0.0008267567903019243,1.0,0.9605771383864745,0.9169278348099725,True
bayesian-phystwin-prob4d-controlled-decisive-trial,target-common_mode_bias-318520834,common_mode_bias,P2_explicit_gauge_framewise,True,inference-admissible,0.1094387224908708,0.737265425866642,True,True,0.009535587588571629,0.0003787162905046326,0.0003787162905046326,False,False,0.9602839062630474,0.9602839062630474,1.0,0.0009355987606713711,0.9999999999998721,0.9320502043122715,0.816834409171137,True
bayesian-phystwin-prob4d-controlled-decisive-trial,target-common_mode_bias-318520835,common_mode_bias,P2_explicit_gauge_framewise,True,inference-admissible,0.05823280689027331,0.737265425866642,True,True,0.004994584972864126,0.00016775314300330915,0.00016775314300330915,False,False,0.9664129964922568,0.9664129964922568,1.0,0.0008203578539889454,1.0,0.9756076300143184,0.932228438620287,True
bayesian-phystwin-prob4d-controlled-decisive-trial,target-common_mode_bias-318520836,common_mode_bias,P2_explicit_gauge_framewise,True,inference-admissible,0.08040377005478594,0.737265425866642,True,True,0.007844945270711508,0.00017004265414555467,0.00017004265414555467,False,False,0.9783245582629626,0.9783245582629626,1.0,0.0008356639703206215,1.0,0.948898960836932,0.8853781619291483,True
bayesian-phystwin-prob4d-controlled-decisive-trial,target-common_mode_bias-318520837,common_mode_bias,P2_explicit_gauge_framewise,True,inference-admissible,0.08410514339739357,0.737265425866642,True,True,0.00612137586202495,0.0002695637990306822,0.0002695637990306822,False,False,0.9559635276273477,0.9559635276273477,1.0,0.0007002213306370747,1.0,0.9606753007495699,0.8275639550139425,True
bayesian-phystwin-prob4d-controlled-decisive-trial,target-common_mode_bias-318520838,common_mode_bias,P2_explicit_gauge_framewise,True,inference-admissible,0.1630564180856275,0.737265425866642,True,True,0.002166868574363461,0.00037500204629308345,0.00037500204629308345,False,False,0.8269382597865936,0.8269382597865936,1.0,0.0008829220360585242,0.9999999999999858,0.9122924127816895,0.6431251922156874,True
bayesian-phystwin-prob4d-controlled-decisive-trial,target-common_mode_bias-318520839,common_mode_bias,P2_explicit_gauge_framewise,True,inference-admissible,0.1023903568320624,0.737265425866642,True,True,0.0044778322534981445,0.0002286077581658761,0.0002286077581658761,False,False,0.9489467793289299,0.9489467793289299,1.0,0.0008233397779349635,1.0,0.94847284895964,0.7922818579871568,True
bayesian-phystwin-prob4d-controlled-decisive-trial,target-common_mode_bias-318520840,common_mode_bias,P2_explicit_gauge_framewise,True,inference-admissible,0.11969071850438098,0.737265425866642,True,True,0.0013451416824888879,0.00042738086514537807,0.00042738086514537807,False,False,0.6822781787903531,0.6822781787903531,1.0,0.0008316506134066889,1.0,0.973031860721021,0.6753720123622577,True
bayesian-phystwin-prob4d-controlled-decisive-trial,target-common_mode_bias-318520841,common_mode_bias,P2_explicit_gauge_framewise,True,inference-admissible,0.11193562820419137,0.737265425866642,True,True,0.0073789945348718905,0.00021048540949546686,0.00021048540949546686,False,False,0.9714750555105105,0.9714750555105105,1.0,0.0009767007210382437,0.9999999999996163,0.9412689355691687,0.7826572602457924,True
bayesian-phystwin-prob4d-controlled-decisive-trial,target-common_mode_bias-318520842,common_mode_bias,P2_explicit_gauge_framewise,True,inference-admissible,0.1306593155016375,0.737265425866642,True,True,0.005111913919006046,0.0006140821572670247,0.0006140821572670247,False,False,0.8798723595513075,0.8798723595513075,1.0,0.0008048140544981054,1.0,0.9444382089746466,0.6997556884741235,True
bayesian-phystwin-prob4d-controlled-decisive-trial,target-common_mode_bias-318520843,common_mode_bias,P2_explicit_gauge_framewise,True,inference-admissible,0.13147534014116932,0.737265425866642,True,True,0.00773261081034473,0.00037960171801002196,0.00037960171801002196,False,False,0.9509089843882756,0.9509089843882756,1.0,0.0009715092162539446,0.9999999999994884,0.895384100265287,0.8167701300958936,True
bayesian-phystwin-prob4d-controlled-decisive-trial,target-common_mode_bias-318520844,common_mode_bias,P2_explicit_gauge_framewise,True,inference-admissible,0.07445937656271463,0.737265425866642,True,True,0.004234796979359111,0.0003400967405787109,0.0003400967405787109,False,False,0.9196899539136394,0.9196899539136394,1.0,0.0008071139360240156,1.0,0.9373870506669867,0.9211896454531956,True
bayesian-phystwin-prob4d-controlled-decisive-trial,target-common_mode_bias-318520845,common_mode_bias,P2_explicit_gauge_framewise,True,inference-admissible,0.054254562676677956,0.737265425866642,True,True,0.0028932142403625054,0.0003341436299125175,0.0003341436299125175,False,False,0.8845078165139091,0.8845078165139091,1.0,0.0008385963852021717,1.0,0.9720462116119006,0.9296455414204509,True
bayesian-phystwin-prob4d-controlled-decisive-trial,target-common_mode_bias-318520846,common_mode_bias,P2_explicit_gauge_framewise,True,inference-admissible,0.0769401246245239,0.737265425866642,True,True,0.007520380728134806,0.00036896180947098146,0.00036896180947098146,False,False,0.9509384135179961,0.9509384135179961,1.0,0.0007559299761703428,1.0,0.9465497492155974,0.8884244899999383,True
bayesian-phystwin-prob4d-controlled-decisive-trial,target-common_mode_bias-318520847,common_mode_bias,P2_explicit_gauge_framewise,True,inference-admissible,0.08686120848957012,0.737265425866642,True,True,0.008128999459310206,0.00047514635542250455,0.00047514635542250455,False,False,0.9415492204420908,0.9415492204420908,1.0,0.000953161010523482,0.9999999999991473,0.9495025790668894,0.8712335431023861,True
bayesian-phystwin-prob4d-controlled-decisive-trial,target-common_mode_bias-318520848,common_mode_bias,P2_explicit_gauge_framewise,True,inference-admissible,0.1065861187567159,0.737265425866642,True,True,0.0100899831848008,0.000260973704373524,0.000260973704373524,False,False,0.9741353677609051,0.9741353677609051,1.0,0.0006917419307884043,1.0,0.9010211619429359,0.859649920959637,True
bayesian-phystwin-prob4d-controlled-decisive-trial,target-common_mode_bias-318520849,common_mode_bias,P2_explicit_gauge_framewise,True,inference-admissible,0.05121394200547086,0.737265425866642,True,True,0.006939794695010641,0.00048274831341089974,0.00048274831341089974,False,False,0.9304376664401943,0.9304376664401943,1.0,0.0007808536349811153,1.0,0.9653890512131456,0.9600578198658233,True
bayesian-phystwin-prob4d-controlled-decisive-trial,target-common_mode_bias-318520850,common_mode_bias,P2_explicit_gauge_framewise,True,inference-admissible,0.08543341297954303,0.737265425866642,True,True,0.006434460220623743,0.00015400367488237773,0.00015400367488237773,False,False,0.9760657973471085,0.9760657973471085,1.0,0.0008658719601059326,1.0,0.9061999841290049,0.9629412385627963,True
bayesian-phystwin-prob4d-controlled-decisive-trial,target-common_mode_bias-318520851,common_mode_bias,P2_explicit_gauge_framewise,True,inference-admissible,0.0898672826884668,0.737265425866642,True,True,0.005729999140827842,0.0001751869233479102,0.0001751869233479102,False,False,0.9694263613235725,0.9694263613235725,1.0,0.0008204408248142885,1.0,0.9732956034286921,0.7976529757137651,True
bayesian-phystwin-prob4d-controlled-decisive-trial,target-common_mode_bias-318520852,common_mode_bias,P2_explicit_gauge_framewise,True,inference-admissible,0.10286820928387094,0.737265425866642,True,True,0.005451392990131184,0.00020562748410802326,0.00020562748410802326,False,False,0.9622798274715698,0.9622798274715698,1.0,0.0007344893213557451,1.0,0.9298235181660124,0.8273220232470636,True
bayesian-phystwin-prob4d-controlled-decisive-trial,target-common_mode_bias-318520853,common_mode_bias,P2_explicit_gauge_framewise,True,inference-admissible,0.09392038764326029,0.737265425866642,True,True,0.00382477786440126,0.0007417741536785534,0.0007417741536785534,False,False,0.8060608537341364,0.8060608537341364,0.0,0.0007413062286281601,1.0,0.9016760465124234,0.9221674728298431,True
bayesian-phystwin-prob4d-controlled-decisive-trial,target-common_mode_bias-318520854,common_mode_bias,P2_explicit_gauge_framewise,True,inference-admissible,0.16576501037090074,0.737265425866642,True,True,0.008332760428439478,0.00019323105570685854,0.00019323105570685854,False,False,0.9768106790821243,0.9768106790821243,1.0,0.000827832475364923,1.0,0.7543913917950681,0.9245367261795785,True
bayesian-phystwin-prob4d-controlled-decisive-trial,target-common_mode_bias-318520855,common_mode_bias,P2_explicit_gauge_framewise,True,inference-admissible,0.10295092479385391,0.737265425866642,True,True,0.00262642597372824,0.00027263149877949423,0.00027263149877949423,False,False,0.8961967702472532,0.8961967702472532,1.0,0.0008057654066868869,1.0,0.9327109826758243,0.8141690094502074,True
bayesian-phystwin-prob4d-controlled-decisive-trial,target-common_mode_bias-318520856,common_mode_bias,P2_explicit_gauge_framewise,True,inference-admissible,0.10576865131521015,0.737265425866642,True,True,0.006480846803422644,0.0006292514420905991,0.0006292514420905991,False,False,0.9029059841750493,0.9029059841750493,1.0,0.0007859438974788325,1.0,0.9443880853224154,0.7900528458873263,True
bayesian-phystwin-prob4d-controlled-decisive-trial,target-common_mode_bias-318520857,common_mode_bias,P2_explicit_gauge_framewise,True,inference-admissible,0.08843320397320342,0.737265425866642,True,True,0.006523742223902663,0.0002645923927598634,0.0002645923927598634,False,False,0.959441623583714,0.959441623583714,1.0,0.0008313947884812761,1.0,0.9561026357616781,0.846206119191667,True
bayesian-phystwin-prob4d-controlled-decisive-trial,target-common_mode_bias-318520858,common_mode_bias,P2_explicit_gauge_framewise,True,inference-admissible,0.08643835195913227,0.737265425866642,True,True,0.006415563427168445,0.00013237525412839574,0.00013237525412839574,False,False,0.9793665426846507,0.9793665426846507,1.0,0.0007377432142411373,1.0,0.9579011379549635,0.8229596732935404,True
bayesian-phystwin-prob4d-controlled-decisive-trial,target-common_mode_bias-318520859,common_mode_bias,P2_explicit_gauge_framewise,True,inference-admissible,0.10564204032000056,0.737265425866642,True,True,0.001288023918766599,0.0004344728228883914,0.0004344728228883914,False,False,0.6626826438872044,0.6626826438872044,1.0,0.0007773070138009022,1.0,0.933603512702576,0.8051849151395409,True
bayesian-phystwin-prob4d-controlled-decisive-trial,target-common_mode_bias-318520860,common_mode_bias,P2_explicit_gauge_framewise,True,inference-admissible,0.10311115571663523,0.737265425866642,True,True,0.0032444129748338746,0.00018019304776462872,0.00018019304776462872,False,False,0.9444605082144775,0.9444605082144775,1.0,0.0007772057490398353,1.0,0.9476786915436165,0.77524651618535,True
bayesian-phystwin-prob4d-controlled-decisive-trial,target-common_mode_bias-318520861,common_mode_bias,P2_explicit_gauge_framewise,True,inference-admissible,0.07738488627749707,0.737265425866642,True,True,0.008344041886215398,0.00038153952169518246,0.00038153952169518246,False,False,0.9542740164900781,0.9542740164900781,1.0,0.0008620986869689323,1.0,0.9502081743228401,0.8923069001869296,True
bayesian-phystwin-prob4d-controlled-decisive-trial,target-common_mode_bias-318520862,common_mode_bias,P2_explicit_gauge_framewise,True,inference-admissible,0.13650098841184402,0.737265425866642,True,True,0.005270443916976497,0.00011635000282307257,0.00011635000282307257,False,False,0.9779240601634522,0.9779240601634522,1.0,0.0010400487672619309,0.9999999999859313,0.9611012224466989,0.6637608097717349,True
bayesian-phystwin-prob4d-controlled-decisive-trial,target-common_mode_bias-318520863,common_mode_bias,P2_explicit_gauge_framewise,True,inference-admissible,0.0530686973730971,0.737265425866642,True,True,0.006611376573394591,0.00017573136299052757,0.00017573136299052757,False,False,0.9734198527281439,0.9734198527281439,1.0,0.0008408075030951666,1.0,0.9799709356049845,0.9164245785641643,True
bayesian-phystwin-prob4d-controlled-decisive-trial,target-common_mode_bias-318520864,common_mode_bias,P2_explicit_gauge_framewise,True,inference-admissible,0.05100337472949504,0.737265425866642,True,True,0.005668348769646425,0.00040283174133938786,0.00040283174133938786,False,False,0.9289331412533186,0.9289331412533186,1.0,0.0007963607730408464,1.0,0.9718212345118343,0.9532637938457189,True
bayesian-phystwin-prob4d-controlled-decisive-trial,target-common_mode_bias-318520865,common_mode_bias,P2_explicit_gauge_framewise,True,inference-admissible,0.11113090450569035,0.737265425866642,True,True,0.005960685588147554,0.00021225928622974513,0.00021225928622974513,False,False,0.9643901220604876,0.9643901220604876,1.0,0.000901167425041307,0.9999999999999716,0.9402332356257088,0.7897998879555073,True
bayesian-phystwin-prob4d-controlled-decisive-trial,target-common_mode_bias-318520866,common_mode_bias,P2_explicit_gauge_framewise,True,inference-admissible,0.05011688214070305,0.737265425866642,True,True,0.008269995405680141,0.00033778317518310926,0.00033778317518310926,False,False,0.9591555788590757,0.9591555788590757,1.0,0.0008385359151176873,1.0,0.9639828210766224,0.9714627603850932,True
bayesian-phystwin-prob4d-controlled-decisive-trial,target-common_mode_bias-318520867,common_mode_bias,P2_explicit_gauge_framewise,True,inference-admissible,0.11146846108067285,0.737265425866642,True,True,0.0098135573893855,0.00010940819416123297,0.00010940819416123297,False,False,0.9888513217154494,0.9888513217154494,1.0,0.0007857859197345332,1.0,0.9785413635449832,0.698253168876987,True
bayesian-phystwin-prob4d-controlled-decisive-trial,target-outlier_groups-318620804,outlier_groups,P2_explicit_gauge_framewise,True,inference-admissible,0.11290291692741977,0.737265425866642,True,True,0.007023840494156033,0.0007795755129804985,0.0007795755129804985,False,False,0.889010077374462,0.889010077374462,1.0,0.000957037632307446,0.9999999999987352,0.9242691274496165,0.8194939500733363,True
bayesian-phystwin-prob4d-controlled-decisive-trial,target-outlier_groups-318620805,outlier_groups,P2_explicit_gauge_framewise,True,inference-admissible,0.10855323684941476,0.737265425866642,True,True,0.004209501043148014,0.0005937816988218323,0.0005937816988218323,False,False,0.8589424987105405,0.8589424987105405,1.0,0.0007514461791233405,1.0,0.9486726160348762,0.7622004664849014,True
bayesian-phystwin-prob4d-controlled-decisive-trial,target-outlier_groups-318620806,outlier_groups,P2_explicit_gauge_framewise,True,inference-admissible,0.09125299308535884,0.737265425866642,True,True,0.005482039982217522,0.0002537990360595445,0.0002537990360595445,False,False,0.953703541586196,0.953703541586196,1.0,0.0009039424638443689,0.9999999999997584,0.9594856368617459,0.8213835378101702,True
bayesian-phystwin-prob4d-controlled-decisive-trial,target-outlier_groups-318620807,outlier_groups,P2_explicit_gauge_framewise,True,inference-admissible,0.07496840027598922,0.737265425866642,True,True,0.0027870019818157657,0.00036790112086144315,0.00036790112086144315,False,False,0.8679939507535797,0.8679939507535797,1.0,0.0009515800323607916,0.999999999998181,0.9752536197862518,0.8654533773129063,True
bayesian-phystwin-prob4d-controlled-decisive-trial,target-outlier_groups-318620808,outlier_groups,P2_explicit_gauge_framewise,True,inference-admissible,0.084736508328712,0.737265425866642,True,True,0.0035276871034583754,0.0004275208916790973,0.0004275208916790973,False,False,0.8788098606421255,0.8788098606421255,1.0,0.0008002826395602935,1.0,0.9626487222927522,0.8439196058783208,True
bayesian-phystwin-prob4d-controlled-decisive-trial,target-outlier_groups-318620809,outlier_groups,P2_explicit_gauge_framewise,True,inference-admissible,0.08291590531581584,0.737265425866642,True,True,0.005699417962161836,0.0003351851139946038,0.0003351851139946038,False,False,0.9411895887931221,0.9411895887931221,1.0,0.000829452711315661,1.0,0.9683364382476499,0.8372449687398485,True
bayesian-phystwin-prob4d-controlled-decisive-trial,target-outlier_groups-318620810,outlier_groups,P2_explicit_gauge_framewise,True,inference-admissible,0.0643109157964851,0.737265425866642,True,True,0.008394459291973952,0.00039375359975895387,0.00039375359975895387,False,False,0.9530936316368314,0.9530936316368314,1.0,0.000723331893246589,1.0,0.9217681741067879,0.9790471533534515,True
bayesian-phystwin-prob4d-controlled-decisive-trial,target-outlier_groups-318620811,outlier_groups,P2_explicit_gauge_framewise,True,inference-admissible,0.0735070619413835,0.737265425866642,True,True,0.004938773239930861,0.0004204074070984928,0.0004204074070984928,False,False,0.9148761470359837,0.9148761470359837,1.0,0.0008121548422122818,1.0,0.9838939254675786,0.8441932334809269,True
bayesian-phystwin-prob4d-controlled-decisive-trial,target-outlier_groups-318620812,outlier_groups,P2_explicit_gauge_framewise,True,inference-admissible,0.0690728079983133,0.737265425866642,True,True,0.006473374229803501,0.00021345537990039154,0.00021345537990039154,False,False,0.9670256388209969,0.9670256388209969,1.0,0.0007779288427258004,1.0,0.9682915858160761,0.8942695171610849,True
bayesian-phystwin-prob4d-controlled-decisive-trial,target-outlier_groups-318620813,outlier_groups,P2_explicit_gauge_framewise,True,inference-admissible,0.10540354559144596,0.737265425866642,True,True,0.0033354537764697986,0.00020631513342704146,0.00020631513342704146,False,False,0.9381448080970252,0.9381448080970252,1.0,0.0009646529438491761,0.9999999999985079,0.9433474378029871,0.8325778936250221,True
bayesian-phystwin-prob4d-controlled-decisive-trial,target-outlier_groups-318620814,outlier_groups,P2_explicit_gauge_framewise,True,inference-admissible,0.0646177078065488,0.737265425866642,True,True,0.0014098529851265733,0.00021237798250285268,0.00021237798250285268,False,False,0.8493616109315214,0.8493616109315214,1.0,0.0008553064299716496,0.9999999999999858,0.9570518926864663,0.941363576920594,True
bayesian-phystwin-prob4d-controlled-decisive-trial,target-outlier_groups-318620815,outlier_groups,P2_explicit_gauge_framewise,True,inference-admissible,0.10724111868293637,0.737265425866642,True,True,0.004353631756905266,0.0006595988768543676,0.0006595988768543676,False,False,0.8484945641513704,0.8484945641513704,1.0,0.0008676683121733765,1.0,0.9248094595681573,0.8371259512389483,True
bayesian-phystwin-prob4d-controlled-decisive-trial,target-outlier_groups-318620816,outlier_groups,P2_explicit_gauge_framewise,True,inference-admissible,0.1659916954979232,0.737265425866642,True,True,0.0032225117487154876,0.0003742479544130493,0.0003742479544130493,False,False,0.8838645182403984,0.8838645182403984,1.0,0.0008211166721696157,1.0,0.8526762526630963,0.7456681738925531,True
bayesian-phystwin-prob4d-controlled-decisive-trial,target-outlier_groups-318620817,outlier_groups,P2_explicit_gauge_framewise,True,inference-admissible,0.0712606719312989,0.737265425866642,True,True,0.005714529967902613,0.00032355957563463643,0.00032355957563463643,False,False,0.9433794944725101,0.9433794944725101,1.0,0.0008101466009056271,1.0,0.9848881825993656,0.8491926295251595,True
bayesian-phystwin-prob4d-controlled-decisive-trial,target-outlier_groups-318620818,outlier_groups,P2_explicit_gauge_framewise,True,inference-admissible,0.09490351681145184,0.737265425866642,True,True,0.003991418654500563,0.00020161091804579467,0.00020161091804579467,False,False,0.9494889072038418,0.9494889072038418,1.0,0.0007696900353662481,1.0,0.9448827731874032,0.819520938901715,True
bayesian-phystwin-prob4d-controlled-decisive-trial,target-outlier_groups-318620819,outlier_groups,P2_explicit_gauge_framewise,True,inference-admissible,0.07166395659624422,0.737265425866642,True,True,0.006028005342670893,0.00016953694685015202,0.00016953694685015202,False,False,0.9718751166907504,0.9718751166907504,1.0,0.0008384465521315476,1.0,0.9485045996786164,0.9331384600751875,True
bayesian-phystwin-prob4d-controlled-decisive-trial,target-outlier_groups-318620820,outlier_groups,P2_explicit_gauge_framewise,True,inference-admissible,0.08456600505219651,0.737265425866642,True,True,0.007864563062623916,0.00020030334619104142,0.00020030334619104142,False,False,0.9745308996067465,0.9745308996067465,1.0,0.0008346086249332198,1.0,0.9750513284088361,0.8137754131543196,True
bayesian-phystwin-prob4d-controlled-decisive-trial,target-outlier_groups-318620821,outlier_groups,P2_explicit_gauge_framewise,True,inference-admissible,0.12667875020884542,0.737265425866642,True,True,0.005185284027451402,0.0005386263322563548,0.0005386263322563548,False,False,0.8961240446222783,0.8961240446222783,1.0,0.0008560593049752852,0.9999999999999858,0.92409682136945,0.7675445721363973,True
bayesian-phystwin-prob4d-controlled-decisive-trial,target-outlier_groups-318620822,outlier_groups,P2_explicit_gauge_framewise,True,inference-admissible,0.09851054682760553,0.737265425866642,True,True,0.004383958785774099,0.00029187122218263565,0.00029187122218263565,False,False,0.9334229091911733,0.9334229091911733,1.0,0.0008686572340173533,0.9999999999999716,0.9285053488767838,0.8563233729232321,True
bayesian-phystwin-prob4d-controlled-decisive-trial,target-outlier_groups-318620823,outlier_groups,P2_explicit_gauge_framewise,True,inference-admissible,0.08255590708213495,0.737265425866642,True,True,0.008786778929080493,0.0004255956732483803,0.0004255956732483803,False,False,0.9515640854648294,0.9515640854648294,1.0,0.0009598221080774875,0.9999999999984652,0.9515518548380939,0.8927105248244709,True
bayesian-phystwin-prob4d-controlled-decisive-trial,target-outlier_groups-318620824,outlier_groups,P2_explicit_gauge_framewise,True,inference-admissible,0.0700790868520227,0.737265425866642,True,True,0.0029386787390966434,0.0006313392467814931,0.0006313392467814931,False,False,0.7851622096753699,0.7851622096753699,1.0,0.000889761739616639,0.999999999999929,0.9557325866180598,0.9330167549177399,True
bayesian-phystwin-prob4d-controlled-decisive-trial,target-outlier_groups-318620825,outlier_groups,P2_explicit_gauge_framewise,True,inference-admissible,0.08731650685939629,0.737265425866642,True,True,0.005846805819354886,0.00029687280089677734,0.00029687280089677734,False,False,0.9492247887018876,0.9492247887018876,1.0,0.000772480337268389,1.0,0.9565777399028715,0.8518423332681375,True
bayesian-phystwin-prob4d-controlled-decisive-trial,target-outlier_groups-318620826,outlier_groups,P2_explicit_gauge_framewise,True,inference-admissible,0.10445040654415264,0.737265425866642,True,True,0.006761264262104678,0.00018900404070818812,0.00018900404070818812,False,False,0.97204605035666,0.97204605035666,1.0,0.0006939861686567971,1.0,0.9467119785920253,0.7912991928596,True
bayesian-phystwin-prob4d-controlled-decisive-trial,target-outlier_groups-318620827,outlier_groups,P2_explicit_gauge_framewise,True,inference-admissible,0.0833819813754892,0.737265425866642,True,True,0.007094242189008854,0.0003283239796109244,0.0003283239796109244,False,False,0.9537196544939502,0.9537196544939502,1.0,0.0009422409168705932,0.9999999999997016,0.938034349858688,0.9130389869892432,True
bayesian-phystwin-prob4d-controlled-decisive-trial,target-outlier_groups-318620828,outlier_groups,P2_explicit_gauge_framewise,True,inference-admissible,0.09813223887935814,0.737265425866642,True,True,0.009541211456635394,0.00037380716451785234,0.00037380716451785234,False,False,0.9608218341856485,0.9608218341856485,1.0,0.0008720199273660267,0.9999999999999716,0.951488748452414,0.8010314735638074,True
bayesian-phystwin-prob4d-controlled-decisive-trial,target-outlier_groups-318620829,outlier_groups,P2_explicit_gauge_framewise,True,inference-admissible,0.0972183681692847,0.737265425866642,True,True,0.007783334249463878,0.0003497010472151985,0.0003497010472151985,False,False,0.9550705345540973,0.9550705345540973,1.0,0.0008039608282558915,1.0,0.9749120449216502,0.75088006614864,True
bayesian-phystwin-prob4d-controlled-decisive-trial,target-outlier_groups-318620830,outlier_groups,P2_explicit_gauge_framewise,True,inference-admissible,0.113142061680336,0.737265425866642,True,True,0.009013578109553708,0.00044793061314162366,0.00044793061314162366,False,False,0.9503049058101742,0.9503049058101742,1.0,0.0007734732867692084,1.0,0.9445473469698769,0.7404563129277324,True
bayesian-phystwin-prob4d-controlled-decisive-trial,target-outlier_groups-318620831,outlier_groups,P2_explicit_gauge_framewise,True,inference-admissible,0.08950646459394057,0.737265425866642,True,True,0.004055062535084113,0.0004369618640764402,0.0004369618640764402,False,False,0.8922428790441881,0.8922428790441881,1.0,0.0009937632137777487,0.9999999999935199,0.9501096580706296,0.866793851490402,True
bayesian-phystwin-prob4d-controlled-decisive-trial,target-outlier_groups-318620832,outlier_groups,P2_explicit_gauge_framewise,True,inference-admissible,0.11766487094699028,0.737265425866642,True,True,0.002614853293663056,0.000211241704025515,0.000211241704025515,False,False,0.9192147014375732,0.9192147014375732,1.0,0.0008763622589839775,0.9999999999999574,0.9583623690777134,0.7145439712746079,True
bayesian-phystwin-prob4d-controlled-decisive-trial,target-outlier_groups-318620833,outlier_groups,P2_explicit_gauge_framewise,True,inference-admissible,0.06566182604511159,0.737265425866642,True,True,0.006288378144585268,0.00034923584365223085,0.00034923584365223085,False,False,0.944463288367455,0.944463288367455,1.0,0.0009028192963832076,0.9999999999998153,0.972730877910707,0.9037366031475238,True
bayesian-phystwin-prob4d-controlled-decisive-trial,target-outlier_groups-318620834,outlier_groups,P2_explicit_gauge_framewise,True,inference-admissible,0.11417583273412248,0.737265425866642,True,True,0.004684203327899956,0.00024256949337231662,0.00024256949337231662,False,False,0.9482154218354423,0.9482154218354423,1.0,0.000863800014623867,0.9999999999999858,0.9055696345265906,0.85108048288606,True
bayesian-phystwin-prob4d-controlled-decisive-trial,target-outlier_groups-318620835,outlier_groups,P2_explicit_gauge_framewise,True,inference-admissible,0.12466025078421883,0.737265425866642,True,True,0.007868065380772645,0.0002745041103066214,0.0002745041103066214,False,False,0.9651116129541282,0.9651116129541282,1.0,0.0009249328357242136,0.99999999999973,0.8913765229206375,0.8328689328058257,True
bayesian-phystwin-prob4d-controlled-decisive-trial,target-outlier_groups-318620836,outlier_groups,P2_explicit_gauge_framewise,True,inference-admissible,0.09332712540307968,0.737265425866642,True,True,0.006350347350129486,0.000752360730294286,0.000752360730294286,False,False,0.8815244759361163,0.8815244759361163,1.0,0.0009518528798815982,0.9999999999955662,0.9782072321024068,0.7892834111132124,True
bayesian-phystwin-prob4d-controlled-decisive-trial,target-outlier_groups-318620837,outlier_groups,P2_explicit_gauge_framewise,True,inference-admissible,0.06956424475080847,0.737265425866642,True,True,0.0008354583458070945,0.00039967777959996334,0.00039967777959996334,False,False,0.5216065748749512,0.5216065748749512,1.0,0.0010148908616300642,0.9999999999666898,0.9750077427773032,0.9008865655295161,True
bayesian-phystwin-prob4d-controlled-decisive-trial,target-outlier_groups-318620838,outlier_groups,P2_explicit_gauge_framewise,True,inference-admissible,0.07381446873510915,0.737265425866642,True,True,0.004915684377988328,0.00040090403422968343,0.00040090403422968343,False,False,0.918443902536772,0.918443902536772,1.0,0.0008633443551288239,0.9999999999999858,0.9250061991574136,0.9584712265387996,True
bayesian-phystwin-prob4d-controlled-decisive-trial,target-outlier_groups-318620839,outlier_groups,P2_explicit_gauge_framewise,True,inference-admissible,0.0816179864813209,0.737265425866642,True,True,0.0022628799646034056,0.0006294903318843798,0.0006294903318843798,False,False,0.7218189467709106,0.7218189467709106,1.0,0.0008127969602276358,1.0,0.9656343163609244,0.8484543883756666,True
bayesian-phystwin-prob4d-controlled-decisive-trial,target-outlier_groups-318620840,outlier_groups,P2_explicit_gauge_framewise,True,inference-admissible,0.08956345771809596,0.737265425866642,True,True,0.005601483911017078,0.0003512546662938486,0.0003512546662938486,False,False,0.9372925689203542,0.9372925689203542,1.0,0.000880019313016621,0.9999999999999716,0.9703468095056822,0.8036814954587578,True
bayesian-phystwin-prob4d-controlled-decisive-trial,target-outlier_groups-318620841,outlier_groups,P2_explicit_gauge_framewise,True,inference-admissible,0.06000473534499387,0.737265425866642,True,True,0.005069787761840298,0.00044571020993223564,0.00044571020993223564,False,False,0.9120850357312698,0.9120850357312698,1.0,0.000857732601931593,1.0,0.969773843859286,0.9490644123143901,True
bayesian-phystwin-prob4d-controlled-decisive-trial,target-outlier_groups-318620842,outlier_groups,P2_explicit_gauge_framewise,True,inference-admissible,0.08609131892741853,0.737265425866642,True,True,0.0024374765926138907,0.0005959952248862931,0.0005959952248862931,False,False,0.7554867904404521,0.7554867904404521,1.0,0.0008165879079355907,1.0,0.906587315846984,0.9459212972130024,True
bayesian-phystwin-prob4d-controlled-decisive-trial,target-outlier_groups-318620843,outlier_groups,P2_explicit_gauge_framewise,True,inference-admissible,0.07336398272773517,0.737265425866642,True,True,0.01096661810052434,0.0004265647224305274,0.0004265647224305274,False,False,0.961103348496276,0.961103348496276,1.0,0.0008603674994378165,0.9999999999999858,0.9500208715543542,0.910066989529238,True
bayesian-phystwin-prob4d-controlled-decisive-trial,target-outlier_groups-318620844,outlier_groups,P2_explicit_gauge_framewise,True,inference-admissible,0.11819703602450016,0.737265425866642,True,True,0.008060665055709676,0.0003849266778940604,0.0003849266778940604,False,False,0.9522462879633732,0.9522462879633732,1.0,0.0008250630873223174,1.0,0.9274723777692642,0.7694415324690342,True
bayesian-phystwin-prob4d-controlled-decisive-trial,target-outlier_groups-318620845,outlier_groups,P2_explicit_gauge_framewise,True,inference-admissible,0.05674233208848872,0.737265425866642,True,True,0.0034769856246215616,6.723065391012576e-05,6.723065391012576e-05,False,False,0.9806640978225375,0.9806640978225375,1.0,0.0007972534631209416,1.0,0.9558340666767408,0.9642108779054019,True
bayesian-phystwin-prob4d-controlled-decisive-trial,target-outlier_groups-318620846,outlier_groups,P2_explicit_gauge_framewise,True,inference-admissible,0.15768314682650308,0.737265425866642,True,True,0.0022690001527822384,0.00016454306136877748,0.00016454306136877748,False,False,0.927482128563537,0.927482128563537,1.0,0.000859599195555912,0.9999999999999858,0.9394085937603589,0.5937129689915625,True
bayesian-phystwin-prob4d-controlled-decisive-trial,target-outlier_groups-318620847,outlier_groups,P2_explicit_gauge_framewise,True,inference-admissible,0.08102262263476748,0.737265425866642,True,True,0.005223493703635257,0.00027486323843273577,0.00027486323843273577,False,False,0.9473794257200987,0.9473794257200987,1.0,0.0007779299487532662,1.0,0.9492065079491669,0.8783590125528012,True
bayesian-phystwin-prob4d-controlled-decisive-trial,target-outlier_groups-318620848,outlier_groups,P2_explicit_gauge_framewise,True,inference-admissible,0.12713363611341688,0.737265425866642,True,True,0.008769605870200436,0.0004494777667845047,0.0004494777667845047,False,False,0.9487459558117826,0.9487459558117826,1.0,0.0008101428642858628,1.0,0.9472660585337441,0.7005515417377921,True
bayesian-phystwin-prob4d-controlled-decisive-trial,target-outlier_groups-318620849,outlier_groups,P2_explicit_gauge_framewise,True,inference-admissible,0.08290101201370606,0.737265425866642,True,True,0.0025200222035358507,0.00042744645163486183,0.00042744645163486183,False,False,0.8303798867188112,0.8303798867188112,1.0,0.0008495214328407166,1.0,0.9253652600715911,0.9487336479811158,True
bayesian-phystwin-prob4d-controlled-decisive-trial,target-outlier_groups-318620850,outlier_groups,P2_explicit_gauge_framewise,True,inference-admissible,0.08281402312746233,0.737265425866642,True,True,0.0068105593255386775,0.0003976460537338252,0.0003976460537338252,False,False,0.9416133044693251,0.9416133044693251,1.0,0.0008519343226468052,0.9999999999999858,0.9675983774526021,0.8352314695995104,True
bayesian-phystwin-prob4d-controlled-decisive-trial,target-outlier_groups-318620851,outlier_groups,P2_explicit_gauge_framewise,True,inference-admissible,0.07616836717785881,0.737265425866642,True,True,0.008308912834170488,0.00023711095681472138,0.00023711095681472138,False,False,0.9714630588204511,0.9714630588204511,1.0,0.0009446574045181897,0.9999999999985789,0.9719093857090068,0.8665084383579517,True
bayesian-phystwin-prob4d-controlled-decisive-trial,target-outlier_groups-318620852,outlier_groups,P2_explicit_gauge_framewise,True,inference-admissible,0.04630574416432638,0.737265425866642,True,True,0.00815946170854626,0.0006394263515060128,0.0006394263515060128,False,False,0.92163375791858,0.92163375791858,1.0,0.0008365506283123505,1.0,0.9835069089690681,0.9664931620500068,True
bayesian-phystwin-prob4d-controlled-decisive-trial,target-outlier_groups-318620853,outlier_groups,P2_explicit_gauge_framewise,True,inference-admissible,0.08755386740218216,0.737265425866642,True,True,0.00522498249783747,0.0004345203168840114,0.0004345203168840114,False,False,0.9168379382966638,0.9168379382966638,1.0,0.0009079146992115643,0.9999999999999147,0.9503765043455769,0.8615217058772218,True
bayesian-phystwin-prob4d-controlled-decisive-trial,target-outlier_groups-318620854,outlier_groups,P2_explicit_gauge_framewise,True,inference-admissible,0.08081945031193022,0.737265425866642,True,True,0.0046747177540388115,0.00033660126804765337,0.00033660126804765337,False,False,0.9279953815913613,0.9279953815913613,1.0,0.0008448744777229027,0.9999999999999716,0.97433723722295,0.820195300746732,True
bayesian-phystwin-prob4d-controlled-decisive-trial,target-outlier_groups-318620855,outlier_groups,P2_explicit_gauge_framewise,True,inference-admissible,0.09154851486092609,0.737265425866642,True,True,0.007766580735628449,0.0005527978181930842,0.0005527978181930842,False,False,0.9288235277517716,0.9288235277517716,1.0,0.0007954738183418575,1.0,0.971401797203139,0.7891498695471854,True
bayesian-phystwin-prob4d-controlled-decisive-trial,target-outlier_groups-318620856,outlier_groups,P2_explicit_gauge_framewise,True,inference-admissible,0.1456627697831948,0.737265425866642,True,True,0.00723967364554318,0.00022658052487839185,0.00022658052487839185,False,False,0.9687029366278302,0.9687029366278302,1.0,0.0009275451066768827,0.9999999999999432,0.8797580563410209,0.7774521287586154,True
bayesian-phystwin-prob4d-controlled-decisive-trial,target-outlier_groups-318620857,outlier_groups,P2_explicit_gauge_framewise,True,inference-admissible,0.09908766022621278,0.737265425866642,True,True,0.005611865404624781,0.0002504936389295651,0.0002504936389295651,False,False,0.9553635697101481,0.9553635697101481,1.0,0.0007868035834826421,1.0,0.9357872627789655,0.8194771994698821,True
bayesian-phystwin-prob4d-controlled-decisive-trial,target-outlier_groups-318620858,outlier_groups,P2_explicit_gauge_framewise,True,inference-admissible,0.10320224402117893,0.737265425866642,True,True,0.004501614660123775,0.0007266931179609013,0.0007266931179609013,False,False,0.8385705634917848,0.8385705634917848,0.041666666666666664,0.0007447692951915229,1.0,0.9611060866852886,0.7673377312061701,True
bayesian-phystwin-prob4d-controlled-decisive-trial,target-outlier_groups-318620859,outlier_groups,P2_explicit_gauge_framewise,True,inference-admissible,0.13569218394836044,0.737265425866642,True,True,0.006392628308591071,0.0002787891434489933,0.0002787891434489933,False,False,0.9563889639767844,0.9563889639767844,1.0,0.0009053665964681234,0.9999999999997442,0.9600753801673019,0.6482401533489697,True
bayesian-phystwin-prob4d-controlled-decisive-trial,target-outlier_groups-318620860,outlier_groups,P2_explicit_gauge_framewise,True,inference-admissible,0.07946056002994951,0.737265425866642,True,True,0.005726351765468711,0.0004129404791277906,0.0004129404791277906,False,False,0.9278876855561125,0.9278876855561125,1.0,0.0008239272365518545,1.0,0.9268428907131265,0.9361621547777245,True
bayesian-phystwin-prob4d-controlled-decisive-trial,target-outlier_groups-318620861,outlier_groups,P2_explicit_gauge_framewise,True,inference-admissible,0.09936350060812864,0.737265425866642,True,True,0.004273625823784311,0.00041887775286361033,0.00041887775286361033,False,False,0.9019853936363824,0.9019853936363824,1.0,0.0008743308396986626,0.9999999999999858,0.9410596279378665,0.83176518287533,True
bayesian-phystwin-prob4d-controlled-decisive-trial,target-outlier_groups-318620862,outlier_groups,P2_explicit_gauge_framewise,True,inference-admissible,0.1054942532644744,0.737265425866642,True,True,0.009887514540903426,0.00046014285200049866,0.00046014285200049866,False,False,0.9534622325866683,0.9534622325866683,1.0,0.0008899862145329759,0.9999999999999432,0.9281892292527852,0.8304038489911396,True
bayesian-phystwin-prob4d-controlled-decisive-trial,target-outlier_groups-318620863,outlier_groups,P2_explicit_gauge_framewise,True,inference-admissible,0.1200999995337496,0.737265425866642,True,True,0.00308407611467401,0.0004563705110884035,0.0004563705110884035,False,False,0.8520235901711387,0.8520235901711387,1.0,0.0008259750801752405,1.0,0.9612542921885091,0.7216772796263825,True
bayesian-phystwin-prob4d-controlled-decisive-trial,target-outlier_groups-318620864,outlier_groups,P2_explicit_gauge_framewise,True,inference-admissible,0.10188561410079035,0.737265425866642,True,True,0.0018251786450019201,0.0005168678986487689,0.0005168678986487689,False,False,0.7168124336408588,0.7168124336408588,1.0,0.0007994325161321099,1.0,0.9406975143595601,0.8050627484136021,True
bayesian-phystwin-prob4d-controlled-decisive-trial,target-outlier_groups-318620865,outlier_groups,P2_explicit_gauge_framewise,True,inference-admissible,0.08363241546806933,0.737265425866642,True,True,0.0026002370655815923,0.0003306587509150538,0.0003306587509150538,False,False,0.872835152112911,0.872835152112911,1.0,0.000886968264764095,0.9999999999999716,0.9449503570795516,0.8865817713396932,True
bayesian-phystwin-prob4d-controlled-decisive-trial,target-outlier_groups-318620866,outlier_groups,P2_explicit_gauge_framewise,True,inference-admissible,0.09171177197824174,0.737265425866642,True,True,0.006381164470297762,0.0005164964176740998,0.0005164964176740998,False,False,0.9190592218586087,0.9190592218586087,1.0,0.0009928571016497507,0.9999999999860592,0.9649484345115987,0.8371732503238782,True
bayesian-phystwin-prob4d-controlled-decisive-trial,target-outlier_groups-318620867,outlier_groups,P2_explicit_gauge_framewise,True,inference-admissible,0.18046623088140587,0.737265425866642,True,True,0.00525994850751076,0.0004585413684138294,0.0004585413684138294,False,False,0.9128239814973338,0.9128239814973338,1.0,0.0007744668892725048,1.0,0.9210179252856094,0.5408684340038831,True
bayesian-phystwin-prob4d-controlled-decisive-trial,target-weak_identifiability-318720804,weak_identifiability,P2_explicit_gauge_framewise,True,inference-admissible,0.725861846697621,0.737265425866642,True,True,0.010832019976097715,0.002577429995015287,0.002577429995015287,False,False,0.7620545382391533,0.7620545382391533,1.0,0.004622789306199916,0.9999999999999716,0.033182222601012314,0.586211520798507,True
bayesian-phystwin-prob4d-controlled-decisive-trial,target-weak_identifiability-318720805,weak_identifiability,P2_explicit_gauge_framewise,True,inference-admissible,0.7193715317472809,0.737265425866642,True,True,0.011429269540722637,0.003765517632562239,0.003765517632562239,False,False,0.6705373323163261,0.6705373323163261,1.0,0.0045827496938518775,1.0,0.032544451170419784,0.6489775463110667,True
bayesian-phystwin-prob4d-controlled-decisive-trial,target-weak_identifiability-318720806,weak_identifiability,P2_explicit_gauge_framewise,True,inference-admissible,0.7426300175923359,0.737265425866642,False,True,0.007758338809505293,0.003133044368298218,0.007758338809505293,False,False,0.5961707209203466,0.0,1.0,0.004962135933899756,0.9999999999988916,0.03223839613939346,0.5924665735694068,True
bayesian-phystwin-prob4d-controlled-decisive-trial,target-weak_identifiability-318720807,weak_identifiability,P2_explicit_gauge_framewise,True,inference-admissible,0.7092075641904996,0.737265425866642,True,True,0.008992024054404513,0.0014280854244568273,0.0014280854244568273,False,False,0.8411830956171301,0.8411830956171301,1.0,0.004635686033894085,0.9999999999999858,0.03199982654110594,0.6956132215360287,True
bayesian-phystwin-prob4d-controlled-decisive-trial,target-weak_identifiability-318720808,weak_identifiability,P2_explicit_gauge_framewise,True,inference-admissible,0.6955180869967134,0.737265425866642,True,True,0.004375259120309621,0.0020325081491938774,0.0020325081491938774,False,False,0.535454222640408,0.535454222640408,1.0,0.004292668023404004,1.0,0.03223161444552828,0.7325790014387698,True
bayesian-phystwin-prob4d-controlled-decisive-trial,target-weak_identifiability-318720809,weak_identifiability,P2_explicit_gauge_framewise,True,inference-admissible,0.7299185943313322,0.737265425866642,True,True,0.011759734922268361,0.0017168497450992116,0.0017168497450992116,False,False,0.8540060846228629,0.8540060846228629,1.0,0.004290859654365024,1.0,0.030842205727776992,0.5903483197946728,True
bayesian-phystwin-prob4d-controlled-decisive-trial,target-weak_identifiability-318720810,weak_identifiability,P2_explicit_gauge_framewise,True,inference-admissible,0.7206026354328715,0.737265425866642,True,True,0.002438066949580228,0.0018672047463781558,0.0018672047463781558,False,False,0.23414541725376314,0.23414541725376314,1.0,0.004386365473537937,1.0,0.03218149456996971,0.5991316043428898,True
bayesian-phystwin-prob4d-controlled-decisive-trial,target-weak_identifiability-318720811,weak_identifiability,P2_explicit_gauge_framewise,True,inference-admissible,0.739012423018079,0.737265425866642,False,True,0.004100492522023597,0.0004965775792714958,0.004100492522023597,False,False,0.8788980649021073,0.0,1.0,0.0047773185830875,0.9999999999998721,0.03236573808811598,0.5889903140991664,True
bayesian-phystwin-prob4d-controlled-decisive-trial,target-weak_identifiability-318720812,weak_identifiability,P2_explicit_gauge_framewise,True,inference-admissible,0.6723772689505407,0.737265425866642,True,True,0.008504625643186065,0.0006851800483170557,0.0006851800483170557,False,False,0.9194344257979157,0.9194344257979157,1.0,0.004967069542202745,0.9999999999999147,0.029945818172019585,0.8613498689578422,True
bayesian-phystwin-prob4d-controlled-decisive-trial,target-weak_identifiability-318720813,weak_identifiability,P2_explicit_gauge_framewise,True,inference-admissible,0.7233743589628541,0.737265425866642,True,True,0.010597500123673585,0.0013987268617657877,0.0013987268617657877,False,False,0.8680135083328573,0.8680135083328573,1.0,0.004387212682941966,1.0,0.032895670905962224,0.5919783798840579,True
bayesian-phystwin-prob4d-controlled-decisive-trial,target-weak_identifiability-318720814,weak_identifiability,P2_explicit_gauge_framewise,True,inference-admissible,0.7300872107199943,0.737265425866642,True,True,0.0029103265204323786,0.0029748633141077254,0.0029748633141077254,False,False,-0.022175104141152868,-0.022175104141152868,1.0,0.00425060380615017,1.0,0.03263972403723754,0.564875515835028,True
bayesian-phystwin-prob4d-controlled-decisive-trial,target-weak_identifiability-318720815,weak_identifiability,P2_explicit_gauge_framewise,True,inference-admissible,0.7002061341242014,0.737265425866642,True,True,0.007646028675287816,0.0010121622484400203,0.0010121622484400203,False,False,0.8676224885591447,0.8676224885591447,1.0,0.0045497393099268235,1.0,0.032386093727932844,0.7120705067161719,True
bayesian-phystwin-prob4d-controlled-decisive-trial,target-weak_identifiability-318720816,weak_identifiability,P2_explicit_gauge_framewise,True,inference-admissible,0.7063742075251213,0.737265425866642,True,True,0.012063719250199155,0.0030747375274429263,0.0030747375274429263,False,False,0.7451252417539337,0.7451252417539337,1.0,0.004192883848478067,1.0,0.032570463836433555,0.628203374327874,True
bayesian-phystwin-prob4d-controlled-decisive-trial,target-weak_identifiability-318720817,weak_identifiability,P2_explicit_gauge_framewise,True,inference-admissible,0.7161784552179647,0.737265425866642,True,True,0.004965553368754771,0.0019536247095149084,0.0019536247095149084,False,False,0.6065645529443124,0.6065645529443124,1.0,0.0047878701384991285,0.9999999999999716,0.030888051747696748,0.671932556630452,True
bayesian-phystwin-prob4d-controlled-decisive-trial,target-weak_identifiability-318720818,weak_identifiability,P2_explicit_gauge_framewise,True,inference-admissible,0.7174178253956716,0.737265425866642,True,True,0.002197753064924715,0.0013504482535619399,0.0013504482535619399,False,False,0.3855323079218639,0.3855323079218639,1.0,0.004458494503492733,1.0,0.03141414413840033,0.6013654641488485,True
bayesian-phystwin-prob4d-controlled-decisive-trial,target-weak_identifiability-318720819,weak_identifiability,P2_explicit_gauge_framewise,True,inference-admissible,0.742310973625647,0.737265425866642,False,True,0.0038674271681587956,0.002716871815224552,0.0038674271681587956,False,False,0.29749890635484155,0.0,1.0,0.004833920996718628,0.9999999999995737,0.03154617214221726,0.6064973802839198,True
bayesian-phystwin-prob4d-controlled-decisive-trial,target-weak_identifiability-318720820,weak_identifiability,P2_explicit_gauge_framewise,True,inference-admissible,0.7260709726142176,0.737265425866642,True,True,0.007226321525624406,0.0007526508089592314,0.0007526508089592314,False,False,0.8958459284865273,0.8958459284865273,1.0,0.0051861158845561105,0.9999999999901945,0.033277881957373086,0.6754145791044432,True
bayesian-phystwin-prob4d-controlled-decisive-trial,target-weak_identifiability-318720821,weak_identifiability,P2_explicit_gauge_framewise,True,inference-admissible,0.70013755747626,0.737265425866642,True,True,0.00904580560149366,0.00178248627766788,0.00178248627766788,False,False,0.8029488631312669,0.8029488631312669,1.0,0.0046615620072538696,1.0,0.030539060289112293,0.7189804320642155,True
bayesian-phystwin-prob4d-controlled-decisive-trial,target-weak_identifiability-318720822,weak_identifiability,P2_explicit_gauge_framewise,True,inference-admissible,0.707942603890085,0.737265425866642,True,True,0.00768196353716127,0.002931304129282524,0.002931304129282524,False,False,0.6184173336540291,0.6184173336540291,1.0,0.0046834935802741754,0.9999999999999858,0.030674935125163456,0.6783873309361427,True
bayesian-phystwin-prob4d-controlled-decisive-trial,target-weak_identifiability-318720823,weak_identifiability,P2_explicit_gauge_framewise,True,inference-admissible,0.7148537612465645,0.737265425866642,True,True,0.007436957902988697,0.0013756669784924717,0.0013756669784924717,False,False,0.81502289021434,0.81502289021434,1.0,0.004457327210896068,1.0,0.03134385743284137,0.676098919732833,True
bayesian-phystwin-prob4d-controlled-decisive-trial,target-weak_identifiability-318720824,weak_identifiability,P2_explicit_gauge_framewise,True,inference-admissible,0.7490774076587865,0.737265425866642,False,True,0.009116463099661682,0.0031140699395423104,0.009116463099661682,False,False,0.658412488977455,0.0,1.0,0.005030595034722928,0.9999999999973141,0.032947326508233794,0.603074059929205,True
bayesian-phystwin-prob4d-controlled-decisive-trial,target-weak_identifiability-318720825,weak_identifiability,P2_explicit_gauge_framewise,True,inference-admissible,0.6897769579258635,0.737265425866642,True,True,0.007844080281687885,0.001935501521584919,0.001935501521584919,False,False,0.7532532238223805,0.7532532238223805,1.0,0.004225075671824085,1.0,0.028559407552884497,0.6963171660458193,True
bayesian-phystwin-prob4d-controlled-decisive-trial,target-weak_identifiability-318720826,weak_identifiability,P2_explicit_gauge_framewise,True,inference-admissible,0.7263428345822519,0.737265425866642,True,True,0.013177845391582819,0.002090902175459307,0.002090902175459307,False,False,0.8413320149593768,0.8413320149593768,1.0,0.0045689820888952844,1.0,0.03271862192233532,0.5932079494279852,True
bayesian-phystwin-prob4d-controlled-decisive-trial,target-weak_identifiability-318720827,weak_identifiability,P2_explicit_gauge_framewise,True,inference-admissible,0.6994281162829399,0.737265425866642,True,True,0.009029261772495972,0.0002754892254982637,0.0002754892254982637,False,False,0.9694892857866375,0.9694892857866375,1.0,0.004606955950906727,0.9999999999999858,0.031767397825887896,0.6639211325423237,True
bayesian-phystwin-prob4d-controlled-decisive-trial,target-weak_identifiability-318720828,weak_identifiability,P2_explicit_gauge_framewise,True,inference-admissible,0.6909573676935606,0.737265425866642,True,True,0.009711125803584532,0.0028273216334253567,0.0028273216334253567,False,False,0.7088574805218004,0.7088574805218004,0.0,0.00333719809456514,1.0,0.030779805123271494,0.5987352775203681,True
bayesian-phystwin-prob4d-controlled-decisive-trial,target-weak_identifiability-318720829,weak_identifiability,P2_explicit_gauge_framewise,True,inference-admissible,0.689568170505702,0.737265425866642,True,True,0.006194488124638477,0.0020591243947416875,0.0020591243947416875,False,False,0.6675876435130204,0.6675876435130204,1.0,0.004350630167929956,1.0,0.03319418076146918,0.7142787482463223,True
bayesian-phystwin-prob4d-controlled-decisive-trial,target-weak_identifiability-318720830,weak_identifiability,P2_explicit_gauge_framewise,True,inference-admissible,0.7169583629057298,0.737265425866642,True,True,0.005978918658666037,0.0026194157337759757,0.0026194157337759757,False,False,0.5618913915178776,0.5618913915178776,1.0,0.0040530575518945705,1.0,0.031954382585933624,0.5702294834867861,True
bayesian-phystwin-prob4d-controlled-decisive-trial,target-weak_identifiability-318720831,weak_identifiability,P2_explicit_gauge_framewise,True,inference-admissible,0.725745276696469,0.737265425866642,True,True,0.008363184270310874,0.002334868467710553,0.002334868467710553,False,False,0.7208158528804289,0.7208158528804289,1.0,0.004882989384599529,0.9999999999998295,0.03228727007546535,0.6461760223748131,True
bayesian-phystwin-prob4d-controlled-decisive-trial,target-weak_identifiability-318720832,weak_identifiability,P2_explicit_gauge_framewise,True,inference-admissible,0.7199084462248047,0.737265425866642,True,True,0.010990076297439475,0.0012522981648200886,0.0012522981648200886,False,False,0.8860519134783572,0.8860519134783572,1.0,0.00409770455753072,1.0,0.03237043509307007,0.5909525151155745,True
bayesian-phystwin-prob4d-controlled-decisive-trial,target-weak_identifiability-318720833,weak_identifiability,P2_explicit_gauge_framewise,True,inference-admissible,0.7118505772917854,0.737265425866642,True,True,0.006918107511306053,0.0014871928464780927,0.0014871928464780927,False,False,0.7850289484446984,0.7850289484446984,1.0,0.004433873288565582,1.0,0.03308786480149472,0.6483454710989737,True
bayesian-phystwin-prob4d-controlled-decisive-trial,target-weak_identifiability-318720834,weak_identifiability,P2_explicit_gauge_framewise,True,inference-admissible,0.7707878178230922,0.737265425866642,False,True,0.000784887873091406,0.0024362480122486424,0.000784887873091406,True,False,-2.1039440100572473,0.0,1.0,0.004967097067310821,0.9999999999984368,0.029851542525772795,0.4854723621935964,True
bayesian-phystwin-prob4d-controlled-decisive-trial,target-weak_identifiability-318720835,weak_identifiability,P2_explicit_gauge_framewise,True,inference-admissible,0.7249042040931347,0.737265425866642,True,True,0.009723354187886965,0.0012661583841043558,0.0012661583841043558,False,False,0.8697817276180586,0.8697817276180586,1.0,0.004138896530775739,1.0,0.03139779534606465,0.5760929576313804,True
bayesian-phystwin-prob4d-controlled-decisive-trial,target-weak_identifiability-318720836,weak_identifiability,P2_explicit_gauge_framewise,True,inference-admissible,0.6773254228310479,0.737265425866642,True,True,0.0071539840836954685,0.001499107616454476,0.001499107616454476,False,False,0.7904513626370698,0.7904513626370698,1.0,0.00468572299294383,1.0,0.032423568054186565,0.7589650110294245,True
bayesian-phystwin-prob4d-controlled-decisive-trial,target-weak_identifiability-318720837,weak_identifiability,P2_explicit_gauge_framewise,True,inference-admissible,0.7042189355635083,0.737265425866642,True,True,0.01188577620195655,0.0016821565894108183,0.0016821565894108183,False,False,0.8584731395889893,0.8584731395889893,1.0,0.004496777280312124,1.0,0.0326037968642762,0.7120632051098691,True
bayesian-phystwin-prob4d-controlled-decisive-trial,target-weak_identifiability-318720838,weak_identifiability,P2_explicit_gauge_framewise,True,inference-admissible,0.7265253857404642,0.737265425866642,True,True,0.00706815104052288,0.001443187960632734,0.001443187960632734,False,False,0.7958181775744889,0.7958181775744889,1.0,0.0040882625369857,1.0,0.03295668711871025,0.5280387116162929,True
bayesian-phystwin-prob4d-controlled-decisive-trial,target-weak_identifiability-318720839,weak_identifiability,P2_explicit_gauge_framewise,True,inference-admissible,0.6922287536920767,0.737265425866642,True,True,0.002147096083552658,0.0018123330406238825,0.0018123330406238825,False,False,0.1559143279581906,0.1559143279581906,1.0,0.0038315994651833695,1.0,0.03229951162610602,0.6868126491362693,True
bayesian-phystwin-prob4d-controlled-decisive-trial,target-weak_identifiability-318720840,weak_identifiability,P2_explicit_gauge_framewise,True,inference-admissible,0.7463167314398699,0.737265425866642,False,True,0.010592373594068515,0.003413971675082864,0.010592373594068515,False,False,0.6776953111817534,0.0,1.0,0.004590442456934246,0.9999999999999858,0.033132715743229846,0.5166065564163173,True
bayesian-phystwin-prob4d-controlled-decisive-trial,target-weak_identifiability-318720841,weak_identifiability,P2_explicit_gauge_framewise,True,inference-admissible,0.6822566508474635,0.737265425866642,True,True,0.006310984910758985,0.0021210955864758604,0.0021210955864758604,False,False,0.6639041898420941,0.6639041898420941,1.0,0.0037896013170443037,1.0,0.0326102233006162,0.7087609557352816,True
bayesian-phystwin-prob4d-controlled-decisive-trial,target-weak_identifiability-318720842,weak_identifiability,P2_explicit_gauge_framewise,True,inference-admissible,0.7309016114348827,0.737265425866642,True,True,0.008706663397201329,0.0015306161336136226,0.0015306161336136226,False,False,0.8242017563116516,0.8242017563116516,1.0,0.004451755785902158,1.0,0.032392252431047895,0.5945091990487753,True
bayesian-phystwin-prob4d-controlled-decisive-trial,target-weak_identifiability-318720843,weak_identifiability,P2_explicit_gauge_framewise,True,inference-admissible,0.7300756322900748,0.737265425866642,True,True,0.01013784050276278,0.0020634379569542225,0.0020634379569542225,False,False,0.796461785289294,0.796461785289294,1.0,0.004327572418988291,1.0,0.030459658620493567,0.5753414885112199,True
bayesian-phystwin-prob4d-controlled-decisive-trial,target-weak_identifiability-318720844,weak_identifiability,P2_explicit_gauge_framewise,True,inference-admissible,0.7025534561329407,0.737265425866642,True,True,0.012751653226098255,0.0024443615005636018,0.0024443615005636018,False,False,0.8083102279192448,0.8083102279192448,1.0,0.004368538347648383,1.0,0.03322093591755572,0.6332530831073109,True
bayesian-phystwin-prob4d-controlled-decisive-trial,target-weak_identifiability-318720845,weak_identifiability,P2_explicit_gauge_framewise,True,inference-admissible,0.6977126027122431,0.737265425866642,True,True,0.0032760224775190984,0.0014942789937360773,0.0014942789937360773,False,False,0.5438740106363126,0.5438740106363126,1.0,0.004226216569110336,1.0,0.03250992792117834,0.6912903211752561,True
bayesian-phystwin-prob4d-controlled-decisive-trial,target-weak_identifiability-318720846,weak_identifiability,P2_explicit_gauge_framewise,True,inference-admissible,0.7215518001780488,0.737265425866642,True,True,0.011708505014643333,0.0007406791184737533,0.0007406791184737533,False,False,0.936740077614741,0.936740077614741,1.0,0.004462644162819091,0.9999999999999858,0.033838439516442144,0.582654312724865,True
bayesian-phystwin-prob4d-controlled-decisive-trial,target-weak_identifiability-318720847,weak_identifiability,P2_explicit_gauge_framewise,True,inference-admissible,0.6850641865073996,0.737265425866642,True,True,0.004828503931793069,0.0009296996920311236,0.0009296996920311236,False,False,0.8074559521615883,0.8074559521615883,1.0,0.0043114351515868,1.0,0.03226879644842493,0.7337093512715889,True
bayesian-phystwin-prob4d-controlled-decisive-trial,target-weak_identifiability-318720848,weak_identifiability,P2_explicit_gauge_framewise,True,inference-admissible,0.7343151399124556,0.737265425866642,True,True,0.007112209845983812,0.002284858006989922,0.002284858006989922,False,False,0.6787414802896801,0.6787414802896801,1.0,0.004762340074759033,0.9999999999998863,0.032458166379606544,0.597255363558863,True
bayesian-phystwin-prob4d-controlled-decisive-trial,target-weak_identifiability-318720849,weak_identifiability,P2_explicit_gauge_framewise,True,inference-admissible,0.6883036118557802,0.737265425866642,True,True,0.009048397130844052,0.001962075041671225,0.001962075041671225,False,False,0.7831577224895523,0.7831577224895523,1.0,0.004300471091570613,1.0,0.032719789897459495,0.7406571477905577,True
bayesian-phystwin-prob4d-controlled-decisive-trial,target-weak_identifiability-318720850,weak_identifiability,P2_explicit_gauge_framewise,True,inference-admissible,0.7615482303923583,0.737265425866642,False,True,0.005511947407721714,0.0006709803763415027,0.005511947407721714,False,False,0.8782680009969756,0.0,1.0,0.004672864220097036,0.999999999999929,0.03208732286805997,0.5104951097093897,True
bayesian-phystwin-prob4d-controlled-decisive-trial,target-weak_identifiability-318720851,weak_identifiability,P2_explicit_gauge_framewise,True,inference-admissible,0.6654379991835592,0.737265425866642,True,True,0.012111453522527465,0.002039751235220551,0.002039751235220551,False,False,0.8315849347539842,0.8315849347539842,1.0,0.0036997227498359385,1.0,0.03234165326503217,0.7111495470586141,True
bayesian-phystwin-prob4d-controlled-decisive-trial,target-weak_identifiability-318720852,weak_identifiability,P2_explicit_gauge_framewise,True,inference-admissible,0.7289531105470778,0.737265425866642,True,True,0.006740852314074749,0.00164249096710321,0.00164249096710321,False,False,0.7563377907458786,0.7563377907458786,1.0,0.004513413816426218,1.0,0.031978951017539024,0.6085598468950351,True
bayesian-phystwin-prob4d-controlled-decisive-trial,target-weak_identifiability-318720853,weak_identifiability,P2_explicit_gauge_framewise,True,inference-admissible,0.7062196776107706,0.737265425866642,True,True,0.004974569985450818,0.0020076082342909236,0.0020076082342909236,False,False,0.5964257734512534,0.5964257734512534,1.0,0.0036225569770148374,1.0,0.03186355435448683,0.5431176170910831,True
bayesian-phystwin-prob4d-controlled-decisive-trial,target-weak_identifiability-318720854,weak_identifiability,P2_explicit_gauge_framewise,True,inference-admissible,0.7235914539677895,0.737265425866642,True,True,0.005859704643116196,0.0018204954125606153,0.0018204954125606153,False,False,0.6893195948537648,0.6893195948537648,1.0,0.00427504875603411,1.0,0.03230242872957048,0.5613704088358558,True
bayesian-phystwin-prob4d-controlled-decisive-trial,target-weak_identifiability-318720855,weak_identifiability,P2_explicit_gauge_framewise,True,inference-admissible,0.700954846716437,0.737265425866642,True,True,0.012298024176974174,0.0030201721561722602,0.0030201721561722602,False,False,0.754418098979917,0.754418098979917,1.0,0.004407206576149777,1.0,0.032196720963221355,0.6833303903997093,True
bayesian-phystwin-prob4d-controlled-decisive-trial,target-weak_identifiability-318720856,weak_identifiability,P2_explicit_gauge_framewise,True,inference-admissible,0.7306392414709837,0.737265425866642,True,True,0.013874483808568072,0.001483508707318336,0.001483508707318336,False,False,0.8930764756522179,0.8930764756522179,1.0,0.004500300103438361,1.0,0.0320676830225053,0.583405832807806,True
bayesian-phystwin-prob4d-controlled-decisive-trial,target-weak_identifiability-318720857,weak_identifiability,P2_explicit_gauge_framewise,True,inference-admissible,0.7057862628980438,0.737265425866642,True,True,0.007969132026844239,0.002683224402966479,0.002683224402966479,False,False,0.6632977852634434,0.6632977852634434,1.0,0.004171532895157521,1.0,0.03305799019946388,0.6250710399753115,True
bayesian-phystwin-prob4d-controlled-decisive-trial,target-weak_identifiability-318720858,weak_identifiability,P2_explicit_gauge_framewise,True,inference-admissible,0.7156823035805369,0.737265425866642,True,True,0.004254641942214242,0.0018639275870587725,0.0018639275870587725,False,False,0.5619072974002768,0.5619072974002768,1.0,0.004697579646425733,0.9999999999999716,0.03288244241038003,0.6250221850261892,True
bayesian-phystwin-prob4d-controlled-decisive-trial,target-weak_identifiability-318720859,weak_identifiability,P2_explicit_gauge_framewise,True,inference-admissible,0.7275288001512459,0.737265425866642,True,True,0.005314578892357473,0.0032338538313581313,0.0032338538313581313,False,False,0.3915126867326192,0.3915126867326192,1.0,0.004185422225669339,1.0,0.03242439006785147,0.5308032841869164,True
bayesian-phystwin-prob4d-controlled-decisive-trial,target-weak_identifiability-318720860,weak_identifiability,P2_explicit_gauge_framewise,True,inference-admissible,0.7359740387668214,0.737265425866642,True,True,0.009798310728306609,0.0010215545626593926,0.0010215545626593926,False,False,0.8957417670264125,0.8957417670264125,1.0,0.004596172308772915,0.9999999999999716,0.03239573971247174,0.6075383449267028,True
bayesian-phystwin-prob4d-controlled-decisive-trial,target-weak_identifiability-318720861,weak_identifiability,P2_explicit_gauge_framewise,True,inference-admissible,0.7109034733186206,0.737265425866642,True,True,0.0045584441681390175,0.0010935439306498994,0.0010935439306498994,False,False,0.7601058847461242,0.7601058847461242,1.0,0.004640962837805486,0.9999999999999858,0.032627034421200275,0.7074051809114091,True
bayesian-phystwin-prob4d-controlled-decisive-trial,target-weak_identifiability-318720862,weak_identifiability,P2_explicit_gauge_framewise,True,inference-admissible,0.7153909124254183,0.737265425866642,True,True,0.004356659778849663,0.0021321264315005534,0.0021321264315005534,False,False,0.5106052481188875,0.5106052481188875,1.0,0.0044918923581613035,1.0,0.03107419505361401,0.6646549818070309,True
bayesian-phystwin-prob4d-controlled-decisive-trial,target-weak_identifiability-318720863,weak_identifiability,P2_explicit_gauge_framewise,True,inference-admissible,0.690110473918946,0.737265425866642,True,True,0.004817799018330219,0.0028409692633104763,0.0028409692633104763,False,False,0.4103180202201302,0.4103180202201302,1.0,0.0038066820535766106,1.0,0.03335497172504714,0.6409209109032851,True
bayesian-phystwin-prob4d-controlled-decisive-trial,target-weak_identifiability-318720864,weak_identifiability,P2_explicit_gauge_framewise,True,inference-admissible,0.6766941852026991,0.737265425866642,True,True,0.008061278610256703,0.0005853755215422331,0.0005853755215422331,False,False,0.9273842835803447,0.9273842835803447,1.0,0.00415658971115762,1.0,0.032128977303957376,0.7379679878606369,True
bayesian-phystwin-prob4d-controlled-decisive-trial,target-weak_identifiability-318720865,weak_identifiability,P2_explicit_gauge_framewise,True,inference-admissible,0.742486492744533,0.737265425866642,False,True,0.007366649051283098,0.0009122896593756434,0.007366649051283098,False,False,0.8761594786143988,0.0,1.0,0.004247780989186807,1.0,0.02984015008464858,0.4988032293964512,True
bayesian-phystwin-prob4d-controlled-decisive-trial,target-weak_identifiability-318720866,weak_identifiability,P2_explicit_gauge_framewise,True,inference-admissible,0.7040379314360655,0.737265425866642,True,True,0.009797830312356495,0.002372227256625459,0.002372227256625459,False,False,0.757882390182474,0.757882390182474,1.0,0.004732541619749661,0.9999999999999716,0.033042594372483254,0.7206168948072463,True
bayesian-phystwin-prob4d-controlled-decisive-trial,target-weak_identifiability-318720867,weak_identifiability,P2_explicit_gauge_framewise,True,inference-admissible,0.7387021393190982,0.737265425866642,False,True,0.009562833077892656,0.0017389313493388458,0.009562833077892656,False,False,0.8181573038894818,0.0,1.0,0.004983362364452456,0.9999999999990195,0.030927933935703353,0.60327127088118,True
bayesian-phystwin-prob4d-controlled-decisive-trial,target-large_gauge_uncertainty-318820804,large_gauge_uncertainty,P2_explicit_gauge_framewise,True,inference-admissible,0.1281672475076013,0.737265425866642,True,True,0.003208544168013197,0.0002444234450561453,0.0002444234450561453,False,False,0.9238210751490145,0.9238210751490145,1.0,0.0007908639151827894,1.0,0.9276552050621979,0.7294669761218995,True
bayesian-phystwin-prob4d-controlled-decisive-trial,target-large_gauge_uncertainty-318820805,large_gauge_uncertainty,P2_explicit_gauge_framewise,True,inference-admissible,0.0909231468772573,0.737265425866642,True,True,0.006916236402730918,0.0003281745450935968,0.0003281745450935968,False,False,0.9525501261113609,0.9525501261113609,1.0,0.0008766988725844388,0.9999999999999858,0.9345748324213423,0.8975006109022419,True
bayesian-phystwin-prob4d-controlled-decisive-trial,target-large_gauge_uncertainty-318820806,large_gauge_uncertainty,P2_explicit_gauge_framewise,True,inference-admissible,0.12863169679501474,0.737265425866642,True,True,0.008860807365412938,0.0004890993004423277,0.0004890993004423277,False,False,0.9448019485953993,0.9448019485953993,1.0,0.0008236311256634409,1.0,0.9606121558460697,0.6764463917281571,True
bayesian-phystwin-prob4d-controlled-decisive-trial,target-large_gauge_uncertainty-318820807,large_gauge_uncertainty,P2_explicit_gauge_framewise,True,inference-admissible,0.06069276465169618,0.737265425866642,True,True,0.008406226507531254,0.000198410530152225,0.000198410530152225,False,False,0.9763971943922203,0.9763971943922203,1.0,0.0009272688068828928,0.9999999999999147,0.9609549488522414,0.9354121294257344,True
bayesian-phystwin-prob4d-controlled-decisive-trial,target-large_gauge_uncertainty-318820808,large_gauge_uncertainty,P2_explicit_gauge_framewise,True,inference-admissible,0.10522755068247017,0.737265425866642,True,True,0.0039335216063859585,0.00043966076732462813,0.00043966076732462813,False,False,0.8882271889365367,0.8882271889365367,1.0,0.0008822431593212485,0.9999999999999858,0.915414508078293,0.8689474435565275,True
bayesian-phystwin-prob4d-controlled-decisive-trial,target-large_gauge_uncertainty-318820809,large_gauge_uncertainty,P2_explicit_gauge_framewise,True,inference-admissible,0.1423490021444025,0.737265425866642,True,True,0.005187583162636318,0.00021949107734361365,0.00021949107734361365,False,False,0.9576891453182856,0.9576891453182856,1.0,0.0007403576297975316,1.0,0.9155736106814788,0.6976692995957734,True
bayesian-phystwin-prob4d-controlled-decisive-trial,target-large_gauge_uncertainty-318820810,large_gauge_uncertainty,P2_explicit_gauge_framewise,True,inference-admissible,0.090509304607557,0.737265425866642,True,True,0.007870355432871672,0.00021253790679070684,0.00021253790679070684,False,False,0.9729951323541232,0.9729951323541232,1.0,0.000839613754522901,1.0,0.9175294501663679,0.9030791064762358,True
bayesian-phystwin-prob4d-controlled-decisive-trial,target-large_gauge_uncertainty-318820811,large_gauge_uncertainty,P2_explicit_gauge_framewise,True,inference-admissible,0.0767325842743547,0.737265425866642,True,True,0.006064391692487632,0.0005737101817451994,0.0005737101817451994,False,False,0.9053969118690185,0.9053969118690185,1.0,0.0008438255262143455,1.0,0.9286689569355748,0.9292578656721004,True
bayesian-phystwin-prob4d-controlled-decisive-trial,target-large_gauge_uncertainty-318820812,large_gauge_uncertainty,P2_explicit_gauge_framewise,True,inference-admissible,0.09214790271125756,0.737265425866642,True,True,0.0022313200595366536,0.00017298408373748106,0.00017298408373748106,False,False,0.9224745535728289,0.9224745535728289,1.0,0.0008347373585231667,1.0,0.8926926280079301,0.9567451007366763,True
bayesian-phystwin-prob4d-controlled-decisive-trial,target-large_gauge_uncertainty-318820813,large_gauge_uncertainty,P2_explicit_gauge_framewise,True,inference-admissible,0.14426621347325097,0.737265425866642,True,True,0.005579671363717622,0.00031728352625706236,0.00031728352625706236,False,False,0.9431358039614608,0.9431358039614608,1.0,0.0008788524059661797,0.9999999999999858,0.9100695482322047,0.7294825603780785,True
bayesian-phystwin-prob4d-controlled-decisive-trial,target-large_gauge_uncertainty-318820814,large_gauge_uncertainty,P2_explicit_gauge_framewise,True,inference-admissible,0.10542209912946562,0.737265425866642,True,True,0.008426253682023236,0.0004452103384215344,0.0004452103384215344,False,False,0.9471639051917751,0.9471639051917751,1.0,0.0008512696573520431,1.0,0.8604837443366764,0.9532320056423421,True
bayesian-phystwin-prob4d-controlled-decisive-trial,target-large_gauge_uncertainty-318820815,large_gauge_uncertainty,P2_explicit_gauge_framewise,True,inference-admissible,0.1354369123120229,0.737265425866642,True,True,0.00703920566495709,0.00016267634523133717,0.00016267634523133717,False,False,0.9768899570527992,0.9768899570527992,1.0,0.0007987315128056047,1.0,0.8823821689514842,0.8039134413567757,True
bayesian-phystwin-prob4d-controlled-decisive-trial,target-large_gauge_uncertainty-318820816,large_gauge_uncertainty,P2_explicit_gauge_framewise,True,inference-admissible,0.06199689919470712,0.737265425866642,True,True,0.006032023134716629,0.0004549458833359211,0.0004549458833359211,False,False,0.924578226380212,0.924578226380212,1.0,0.0006800624663873763,1.0,0.9336341388410707,0.9758174861998425,True
bayesian-phystwin-prob4d-controlled-decisive-trial,target-large_gauge_uncertainty-318820817,large_gauge_uncertainty,P2_explicit_gauge_framewise,True,inference-admissible,0.08611333500451195,0.737265425866642,True,True,0.009518834591408046,0.0004058962353879194,0.0004058962353879194,False,False,0.9573586207964689,0.9573586207964689,1.0,0.0007714501337048877,1.0,0.9162185295524581,0.9093857319858666,True
bayesian-phystwin-prob4d-controlled-decisive-trial,target-large_gauge_uncertainty-318820818,large_gauge_uncertainty,P2_explicit_gauge_framewise,True,inference-admissible,0.07422368703194535,0.737265425866642,True,True,0.007572083243515794,0.0003472133134851874,0.0003472133134851874,False,False,0.9541456026936158,0.9541456026936158,1.0,0.0008981798539173805,0.9999999999999858,0.9450425027525943,0.9212072235221545,True
bayesian-phystwin-prob4d-controlled-decisive-trial,target-large_gauge_uncertainty-318820819,large_gauge_uncertainty,P2_explicit_gauge_framewise,True,inference-admissible,0.07012887326216334,0.737265425866642,True,True,0.009971296972132579,0.0004215866053594484,0.0004215866053594484,False,False,0.9577199830134753,0.9577199830134753,1.0,0.000788573425715635,1.0,0.9394462931439241,0.9336146879731944,True
bayesian-phystwin-prob4d-controlled-decisive-trial,target-large_gauge_uncertainty-318820820,large_gauge_uncertainty,P2_explicit_gauge_framewise,True,inference-admissible,0.08785124028011841,0.737265425866642,True,True,0.004300627029193142,0.0003678113088561573,0.0003678113088561573,False,False,0.9144749576377089,0.9144749576377089,1.0,0.0007343138135212122,1.0,0.948021497797564,0.8384017387905224,True
bayesian-phystwin-prob4d-controlled-decisive-trial,target-large_gauge_uncertainty-318820821,large_gauge_uncertainty,P2_explicit_gauge_framewise,True,inference-admissible,0.12463455857260698,0.737265425866642,True,True,0.006233141565414859,0.00039277041452724084,0.00039277041452724084,False,False,0.936986764955482,0.936986764955482,1.0,0.0010481189187665106,0.9999999999787832,0.9131750179163979,0.8082212270469379,True
bayesian-phystwin-prob4d-controlled-decisive-trial,target-large_gauge_uncertainty-318820822,large_gauge_uncertainty,P2_explicit_gauge_framewise,True,inference-admissible,0.1110670821995075,0.737265425866642,True,True,0.002110666113158798,0.0003520509184959758,0.0003520509184959758,False,False,0.8332038799025865,0.8332038799025865,1.0,0.000904069411073297,0.9999999999999858,0.924096593563292,0.8072680316052963,True
bayesian-phystwin-prob4d-controlled-decisive-trial,target-large_gauge_uncertainty-318820823,large_gauge_uncertainty,P2_explicit_gauge_framewise,True,inference-admissible,0.12957796771637944,0.737265425866642,True,True,0.005255020669681619,0.0002733736862158251,0.0002733736862158251,False,False,0.9479785707041971,0.9479785707041971,1.0,0.0008996792337578386,0.9999999999999858,0.8508863123283863,0.903689807096161,True
bayesian-phystwin-prob4d-controlled-decisive-trial,target-large_gauge_uncertainty-318820824,large_gauge_uncertainty,P2_explicit_gauge_framewise,True,inference-admissible,0.12636175363129026,0.737265425866642,True,True,0.008645058496188364,0.0006759029352920216,0.0006759029352920216,False,False,0.9218162681501774,0.9218162681501774,1.0,0.0008839068688985986,0.9999999999999858,0.9207105037324179,0.7774584657090603,True
bayesian-phystwin-prob4d-controlled-decisive-trial,target-large_gauge_uncertainty-318820825,large_gauge_uncertainty,P2_explicit_gauge_framewise,True,inference-admissible,0.1339339825982589,0.737265425866642,True,True,0.001581112223102546,0.0003676385790258146,0.0003676385790258146,False,False,0.7674810341391114,0.7674810341391114,1.0,0.000696302366293958,1.0,0.9556505996691315,0.6523453880172091,True
bayesian-phystwin-prob4d-controlled-decisive-trial,target-large_gauge_uncertainty-318820826,large_gauge_uncertainty,P2_explicit_gauge_framewise,True,inference-admissible,0.12214730340842847,0.737265425866642,True,True,0.006236229621879177,0.0003813839936336883,0.0003813839936336883,False,False,0.9388438180185602,0.9388438180185602,1.0,0.0008385631440336988,1.0,0.9032719431493565,0.8112799804120936,True
bayesian-phystwin-prob4d-controlled-decisive-trial,target-large_gauge_uncertainty-318820827,large_gauge_uncertainty,P2_explicit_gauge_framewise,True,inference-admissible,0.11923880663904939,0.737265425866642,True,True,0.003888762769784036,0.00034967840410897195,0.00034967840410897195,False,False,0.9100797799171505,0.9100797799171505,1.0,0.0008554573289369175,1.0,0.8982080456128088,0.8314479363359583,True
bayesian-phystwin-prob4d-controlled-decisive-trial,target-large_gauge_uncertainty-318820828,large_gauge_uncertainty,P2_explicit_gauge_framewise,True,inference-admissible,0.10679901120551402,0.737265425866642,True,True,0.008685361805923742,0.00026055542217490814,0.00026055542217490814,False,False,0.9700006254204402,0.9700006254204402,1.0,0.0007479004713679669,1.0,0.9265133130262646,0.8103725055358234,True
bayesian-phystwin-prob4d-controlled-decisive-trial,target-large_gauge_uncertainty-318820829,large_gauge_uncertainty,P2_explicit_gauge_framewise,True,inference-admissible,0.07068679000440645,0.737265425866642,True,True,0.006897989913279833,0.000498066571308625,0.000498066571308625,False,False,0.9277954045207054,0.9277954045207054,1.0,0.0007112158762023089,1.0,0.9268465095401247,0.9472860118622449,True
bayesian-phystwin-prob4d-controlled-decisive-trial,target-large_gauge_uncertainty-318820830,large_gauge_uncertainty,P2_explicit_gauge_framewise,True,inference-admissible,0.07598078316088705,0.737265425866642,True,True,0.005022418521652246,0.0002119769541160678,0.0002119769541160678,False,False,0.957793849078445,0.957793849078445,1.0,0.0009175298230503288,0.9999999999999574,0.9323472119230629,0.9349914265435442,True
bayesian-phystwin-prob4d-controlled-decisive-trial,target-large_gauge_uncertainty-318820831,large_gauge_uncertainty,P2_explicit_gauge_framewise,True,inference-admissible,0.1121424756886428,0.737265425866642,True,True,0.006324305137501519,0.00046339958482310306,0.00046339958482310306,False,False,0.9267271937789242,0.9267271937789242,1.0,0.000863539060811278,1.0,0.9294912115053251,0.7871650693388945,True
bayesian-phystwin-prob4d-controlled-decisive-trial,target-large_gauge_uncertainty-318820832,large_gauge_uncertainty,P2_explicit_gauge_framewise,True,inference-admissible,0.0657492144547224,0.737265425866642,True,True,0.005013513387207691,0.0004930808876566932,0.0004930808876566932,False,False,0.901649631790189,0.901649631790189,1.0,0.0007609330235036231,1.0,0.951682236812985,0.919259454056913,True
bayesian-phystwin-prob4d-controlled-decisive-trial,target-large_gauge_uncertainty-318820833,large_gauge_uncertainty,P2_explicit_gauge_framewise,True,inference-admissible,0.08880240980155767,0.737265425866642,True,True,0.005652409049342764,0.0003428541562030576,0.0003428541562030576,False,False,0.9393437111132424,0.9393437111132424,1.0,0.0008388316712042617,1.0,0.9035708390237759,0.9427137888986918,True
bayesian-phystwin-prob4d-controlled-decisive-trial,target-large_gauge_uncertainty-318820834,large_gauge_uncertainty,P2_explicit_gauge_framewise,True,inference-admissible,0.1083267376070369,0.737265425866642,True,True,0.00650226565184264,0.00029871362241381123,0.00029871362241381123,False,False,0.9540600709955367,0.9540600709955367,1.0,0.0009001675931567952,0.9999999999999858,0.8561694082514166,0.9645049251411725,True
bayesian-phystwin-prob4d-controlled-decisive-trial,target-large_gauge_uncertainty-318820835,large_gauge_uncertainty,P2_explicit_gauge_framewise,True,inference-admissible,0.15531355042026848,0.737265425866642,True,True,0.006434855856801756,0.00010266017884413816,0.00010266017884413816,False,False,0.9840462348918625,0.9840462348918625,1.0,0.0009216867868588703,0.9999999999999858,0.7983980664138528,0.9045751601949238,True
bayesian-phystwin-prob4d-controlled-decisive-trial,target-large_gauge_uncertainty-318820836,large_gauge_uncertainty,P2_explicit_gauge_framewise,True,inference-admissible,0.13823618685268285,0.737265425866642,True,True,0.007610867052853091,0.0004596489274582013,0.0004596489274582013,False,False,0.9396062335255361,0.9396062335255361,1.0,0.0008366034446892489,1.0,0.8777392043026457,0.7857978058748858,True
bayesian-phystwin-prob4d-controlled-decisive-trial,target-large_gauge_uncertainty-318820837,large_gauge_uncertainty,P2_explicit_gauge_framewise,True,inference-admissible,0.12083941098704626,0.737265425866642,True,True,0.006484737254868813,0.0003802222367586615,0.0003802222367586615,False,False,0.9413665933075104,0.9413665933075104,1.0,0.0009419411290533049,0.9999999999999147,0.9033359572096259,0.8195103072901232,True
bayesian-phystwin-prob4d-controlled-decisive-trial,target-large_gauge_uncertainty-318820838,large_gauge_uncertainty,P2_explicit_gauge_framewise,True,inference-admissible,0.1273734851241412,0.737265425866642,True,True,0.004805794897438854,0.00011324902602688197,0.00011324902602688197,False,False,0.9764349023535658,0.9764349023535658,1.0,0.0007613293135101531,1.0,0.9203520893868982,0.7399348641043998,True
bayesian-phystwin-prob4d-controlled-decisive-trial,target-large_gauge_uncertainty-318820839,large_gauge_uncertainty,P2_explicit_gauge_framewise,True,inference-admissible,0.09318430599462496,0.737265425866642,True,True,0.0023631404348923987,0.00033179100040582507,0.00033179100040582507,False,False,0.8595974257361761,0.8595974257361761,1.0,0.000824395276944437,1.0,0.9304199450910355,0.873344546357143,True
bayesian-phystwin-prob4d-controlled-decisive-trial,target-large_gauge_uncertainty-318820840,large_gauge_uncertainty,P2_explicit_gauge_framewise,True,inference-admissible,0.12887225014074238,0.737265425866642,True,True,0.003289812336650303,0.0007911973760572771,0.0007911973760572771,False,False,0.7595007571578151,0.7595007571578151,1.0,0.0009722199896737963,0.9999999999989342,0.9171507358343328,0.7798050980265684,True
bayesian-phystwin-prob4d-controlled-decisive-trial,target-large_gauge_uncertainty-318820841,large_gauge_uncertainty,P2_explicit_gauge_framewise,True,inference-admissible,0.10801372525567414,0.737265425866642,True,True,0.007063471508786917,0.000358025037179016,0.000358025037179016,False,False,0.9493131618449038,0.9493131618449038,1.0,0.0007366068874341209,1.0,0.9526690158620333,0.7698126028420337,True
bayesian-phystwin-prob4d-controlled-decisive-trial,target-large_gauge_uncertainty-318820842,large_gauge_uncertainty,P2_explicit_gauge_framewise,True,inference-admissible,0.07511363687718266,0.737265425866642,True,True,0.005211124837933684,0.00084846873465787,0.00084846873465787,False,False,0.8371812687192686,0.8371812687192686,0.0,0.0008844641369875952,0.9999999999999858,0.9326992446181218,0.9357282796033364,True
bayesian-phystwin-prob4d-controlled-decisive-trial,target-large_gauge_uncertainty-318820843,large_gauge_uncertainty,P2_explicit_gauge_framewise,True,inference-admissible,0.13469791383084562,0.737265425866642,True,True,0.007316871318338119,0.0002754415892919131,0.0002754415892919131,False,False,0.9623552776442057,0.9623552776442057,1.0,0.000736054942343441,1.0,0.9736995764344254,0.6180482690760947,True
bayesian-phystwin-prob4d-controlled-decisive-trial,target-large_gauge_uncertainty-318820844,large_gauge_uncertainty,P2_explicit_gauge_framewise,True,inference-admissible,0.10558238300580788,0.737265425866642,True,True,0.010486765824421004,0.00022707298112757622,0.00022707298112757622,False,False,0.9783467100410709,0.9783467100410709,1.0,0.0008328078147383328,1.0,0.912032816352796,0.8643565163845487,True
bayesian-phystwin-prob4d-controlled-decisive-trial,target-large_gauge_uncertainty-318820845,large_gauge_uncertainty,P2_explicit_gauge_framewise,True,inference-admissible,0.1542737037945843,0.737265425866642,True,True,0.0029775568493492516,0.00039092228282357785,0.00039092228282357785,False,False,0.8687103882134057,0.8687103882134057,1.0,0.0009693457187957335,0.9999999999998721,0.8043323241843131,0.8998250139975322,True
bayesian-phystwin-prob4d-controlled-decisive-trial,target-large_gauge_uncertainty-318820846,large_gauge_uncertainty,P2_explicit_gauge_framewise,True,inference-admissible,0.13201928561408732,0.737265425866642,True,True,0.0025425345516235306,0.00020331887794342965,0.00020331887794342965,False,False,0.9200329931352945,0.9200329931352945,1.0,0.0008617676583583088,1.0,0.9080574611222535,0.7736118592202199,True
bayesian-phystwin-prob4d-controlled-decisive-trial,target-large_gauge_uncertainty-318820847,large_gauge_uncertainty,P2_explicit_gauge_framewise,True,inference-admissible,0.10927562289473339,0.737265425866642,True,True,0.005437260320502768,0.0005235728637829133,0.0005235728637829133,False,False,0.9037064931747649,0.9037064931747649,1.0,0.0008059006849962472,1.0,0.9592262348288219,0.7466310587990468,True
bayesian-phystwin-prob4d-controlled-decisive-trial,target-large_gauge_uncertainty-318820848,large_gauge_uncertainty,P2_explicit_gauge_framewise,True,inference-admissible,0.11677383881577823,0.737265425866642,True,True,0.010211946488097081,0.00038283199647897804,0.00038283199647897804,False,False,0.9625113589338524,0.9625113589338524,1.0,0.0008770077103460108,1.0,0.8710450962786049,0.8925628298883025,True
bayesian-phystwin-prob4d-controlled-decisive-trial,target-large_gauge_uncertainty-318820849,large_gauge_uncertainty,P2_explicit_gauge_framewise,True,inference-admissible,0.0951659096201939,0.737265425866642,True,True,0.0024715237386950923,0.00017682356351945026,0.00017682356351945026,False,False,0.9284556483310134,0.9284556483310134,1.0,0.0008786476509645902,1.0,0.9265357386690771,0.866918552949702,True
bayesian-phystwin-prob4d-controlled-decisive-trial,target-large_gauge_uncertainty-318820850,large_gauge_uncertainty,P2_explicit_gauge_framewise,True,inference-admissible,0.14616577665341157,0.737265425866642,True,True,0.006717968335600244,0.0006158085712778036,0.0006158085712778036,False,False,0.9083341063079331,0.9083341063079331,1.0,0.0008342413146554548,1.0,0.9335659872323934,0.655578784709409,True
bayesian-phystwin-prob4d-controlled-decisive-trial,target-large_gauge_uncertainty-318820851,large_gauge_uncertainty,P2_explicit_gauge_framewise,True,inference-admissible,0.1459279658812102,0.737265425866642,True,True,0.0009552741580587617,0.0003345462587676939,0.0003345462587676939,False,False,0.6497903183652174,0.6497903183652174,1.0,0.0008035353282662866,1.0,0.8499044676478904,0.829401862814887,True
bayesian-phystwin-prob4d-controlled-decisive-trial,target-large_gauge_uncertainty-318820852,large_gauge_uncertainty,P2_explicit_gauge_framewise,True,inference-admissible,0.10939619509763826,0.737265425866642,True,True,0.00709944720288371,0.0001867688190179746,0.0001867688190179746,False,False,0.9736924842624209,0.9736924842624209,1.0,0.0008477759355513658,1.0,0.940424549764471,0.7812890026725297,True
bayesian-phystwin-prob4d-controlled-decisive-trial,target-large_gauge_uncertainty-318820853,large_gauge_uncertainty,P2_explicit_gauge_framewise,True,inference-admissible,0.11484234267535821,0.737265425866642,True,True,0.008458536144158972,0.00014897074918545435,0.00014897074918545435,False,False,0.982388116968877,0.982388116968877,1.0,0.0007473441614728196,1.0,0.9265672128082006,0.7836871778411444,True
bayesian-phystwin-prob4d-controlled-decisive-trial,target-large_gauge_uncertainty-318820854,large_gauge_uncertainty,P2_explicit_gauge_framewise,True,inference-admissible,0.13318388544999638,0.737265425866642,True,True,0.00821438844713705,0.0003802708533251197,0.0003802708533251197,False,False,0.9537067359582131,0.9537067359582131,1.0,0.0007646258046917514,1.0,0.8506988397604708,0.861821359135106,True
bayesian-phystwin-prob4d-controlled-decisive-trial,target-large_gauge_uncertainty-318820855,large_gauge_uncertainty,P2_explicit_gauge_framewise,True,inference-admissible,0.1335681486555758,0.737265425866642,True,True,0.00952465845083217,0.00016604380564318438,0.00016604380564318438,False,False,0.9825669543427379,0.9825669543427379,1.0,0.0009316859190414378,0.9999999999998721,0.897054537328816,0.795025846642514,True
bayesian-phystwin-prob4d-controlled-decisive-trial,target-large_gauge_uncertainty-318820856,large_gauge_uncertainty,P2_explicit_gauge_framewise,True,inference-admissible,0.12520669059704434,0.737265425866642,True,True,0.0075035069910854135,0.00042343794277671025,0.00042343794277671025,False,False,0.9435679951681556,0.9435679951681556,1.0,0.0007801444821882429,1.0,0.8765117094624383,0.8359348729757932,True
bayesian-phystwin-prob4d-controlled-decisive-trial,target-large_gauge_uncertainty-318820857,large_gauge_uncertainty,P2_explicit_gauge_framewise,True,inference-admissible,0.08396364724236466,0.737265425866642,True,True,0.009330560717990356,7.640655307607692e-05,7.640655307607692e-05,False,False,0.9918111509709425,0.9918111509709425,1.0,0.0008712667555657313,1.0,0.9579671451040231,0.8627812286602405,True
bayesian-phystwin-prob4d-controlled-decisive-trial,target-large_gauge_uncertainty-318820858,large_gauge_uncertainty,P2_explicit_gauge_framewise,True,inference-admissible,0.10427023357995995,0.737265425866642,True,True,0.009117919351208736,0.0002897840945568932,0.0002897840945568932,False,False,0.9682181774816337,0.9682181774816337,1.0,0.0008336902511157049,1.0,0.9536614444919348,0.8002695843564025,True
bayesian-phystwin-prob4d-controlled-decisive-trial,target-large_gauge_uncertainty-318820859,large_gauge_uncertainty,P2_explicit_gauge_framewise,True,inference-admissible,0.14865368743189677,0.737265425866642,True,True,0.008360857045296724,0.0005173312838793359,0.0005173312838793359,False,False,0.9381246107813369,0.9381246107813369,1.0,0.000762363446522107,1.0,0.8001164958492307,0.9163712760826463,True
bayesian-phystwin-prob4d-controlled-decisive-trial,target-large_gauge_uncertainty-318820860,large_gauge_uncertainty,P2_explicit_gauge_framewise,True,inference-admissible,0.15959501324425804,0.737265425866642,True,True,0.005971258625941111,0.00044603280310327086,0.00044603280310327086,False,False,0.9253033855935233,0.9253033855935233,1.0,0.0007552972295957434,1.0,0.8414635069222973,0.7755604577207295,True
bayesian-phystwin-prob4d-controlled-decisive-trial,target-large_gauge_uncertainty-318820861,large_gauge_uncertainty,P2_explicit_gauge_framewise,True,inference-admissible,0.08411491861126197,0.737265425866642,True,True,0.003522802795236866,0.0005861541697153668,0.0005861541697153668,False,False,0.833611415743198,0.833611415743198,1.0,0.0007816397173298858,1.0,0.9064698015400009,0.9441313160824626,True
bayesian-phystwin-prob4d-controlled-decisive-trial,target-large_gauge_uncertainty-318820862,large_gauge_uncertainty,P2_explicit_gauge_framewise,True,inference-admissible,0.11037170171918698,0.737265425866642,True,True,0.005195257763743167,0.00047689512347369976,0.00047689512347369976,False,False,0.9082056858079552,0.9082056858079552,1.0,0.0007602043319085838,1.0,0.8637882372942094,0.9219766661207075,True
bayesian-phystwin-prob4d-controlled-decisive-trial,target-large_gauge_uncertainty-318820863,large_gauge_uncertainty,P2_explicit_gauge_framewise,True,inference-admissible,0.11343782031057524,0.737265425866642,True,True,0.00621319358371174,0.00042576327775643977,0.00042576327775643977,False,False,0.9314743260418276,0.9314743260418276,1.0,0.0008186593952607344,1.0,0.8955467865912693,0.8512450713731536,True
bayesian-phystwin-prob4d-controlled-decisive-trial,target-large_gauge_uncertainty-318820864,large_gauge_uncertainty,P2_explicit_gauge_framewise,True,inference-admissible,0.10967620025891267,0.737265425866642,True,True,0.006772358656203738,0.0003921668988753745,0.0003921668988753745,False,False,0.9420930109015808,0.9420930109015808,1.0,0.0008483857812158239,1.0,0.9333505199910224,0.8066879305807785,True
bayesian-phystwin-prob4d-controlled-decisive-trial,target-large_gauge_uncertainty-318820865,large_gauge_uncertainty,P2_explicit_gauge_framewise,True,inference-admissible,0.12501841999763608,0.737265425866642,True,True,0.0038006367014175053,0.0003516639566874851,0.0003516639566874851,False,False,0.9074723567879227,0.9074723567879227,1.0,0.0007806061444928566,1.0,0.9136064733090585,0.7759453455928348,True
bayesian-phystwin-prob4d-controlled-decisive-trial,target-large_gauge_uncertainty-318820866,large_gauge_uncertainty,P2_explicit_gauge_framewise,True,inference-admissible,0.08051188249191907,0.737265425866642,True,True,0.008980113215636038,0.0002507708360702066,0.0002507708360702066,False,False,0.9720748692083784,0.9720748692083784,1.0,0.0007830117322654971,1.0,0.9303945589747502,0.9122269792345898,True
bayesian-phystwin-prob4d-controlled-decisive-trial,target-large_gauge_uncertainty-318820867,large_gauge_uncertainty,P2_explicit_gauge_framewise,True,inference-admissible,0.13958617418974212,0.737265425866642,True,True,0.002621174491785892,0.0003044883564486987,0.0003044883564486987,False,False,0.883835144358802,0.883835144358802,1.0,0.0009136369863696672,0.999999999999929,0.8984626184386504,0.7498337708782061,True
bayesian-phystwin-prob4d-controlled-decisive-trial,target-mixed_stress-318920804,mixed_stress,P2_explicit_gauge_framewise,True,inference-admissible,0.10438116639311554,0.737265425866642,True,True,0.004257484019844301,0.00017513041950073982,0.00017513041950073982,False,False,0.9588652784873766,0.9588652784873766,1.0,0.0009084249615057908,0.9999999999998863,0.9002315083784133,0.9019830997960784,True
bayesian-phystwin-prob4d-controlled-decisive-trial,target-mixed_stress-318920805,mixed_stress,P2_explicit_gauge_framewise,True,inference-admissible,0.07904484733421094,0.737265425866642,True,True,0.008249428258314363,0.00010677829094262925,0.00010677829094262925,False,False,0.9870562798294523,0.9870562798294523,1.0,0.0008826733655596934,0.9999999999999716,0.9560853580040615,0.8834028530620368,True
bayesian-phystwin-prob4d-controlled-decisive-trial,target-mixed_stress-318920806,mixed_stress,P2_explicit_gauge_framewise,True,inference-admissible,0.0614830852761446,0.737265425866642,True,True,0.009047445800643058,0.00021804700821853834,0.00021804700821853834,False,False,0.9758996060299095,0.9758996060299095,1.0,0.0009175861363672097,0.9999999999996447,0.9709986237486892,0.9323235438916045,True
bayesian-phystwin-prob4d-controlled-decisive-trial,target-mixed_stress-318920807,mixed_stress,P2_explicit_gauge_framewise,True,inference-admissible,0.10095871690423411,0.737265425866642,True,True,0.0068395487857424485,0.00044120287746391096,0.00044120287746391096,False,False,0.935492399968894,0.935492399968894,1.0,0.0007731472688951524,1.0,0.9581822423555107,0.7717783809006326,True
bayesian-phystwin-prob4d-controlled-decisive-trial,target-mixed_stress-318920808,mixed_stress,P2_explicit_gauge_framewise,True,inference-admissible,0.09284407087754579,0.737265425866642,True,True,0.007504565343587711,0.00018632702334031966,0.00018632702334031966,False,False,0.9751715102994569,0.9751715102994569,1.0,0.0007463398322961702,1.0,0.9374384516931962,0.85391177292371,True
bayesian-phystwin-prob4d-controlled-decisive-trial,target-mixed_stress-318920809,mixed_stress,P2_explicit_gauge_framewise,True,inference-admissible,0.08604332875422507,0.737265425866642,True,True,0.007853150002300262,0.00036048823896296374,0.00036048823896296374,False,False,0.9540963512912177,0.9540963512912177,1.0,0.0008484451190366474,1.0,0.9368914088111181,0.8910827209322628,True
bayesian-phystwin-prob4d-controlled-decisive-trial,target-mixed_stress-318920810,mixed_stress,P2_explicit_gauge_framewise,True,inference-admissible,0.0914757924934499,0.737265425866642,True,True,0.0022596819915972756,0.00017218859793743788,0.00017218859793743788,False,False,0.9237996326130276,0.9237996326130276,1.0,0.0007309833567711899,1.0,0.9479473609229523,0.8346903822151228,True
bayesian-phystwin-prob4d-controlled-decisive-trial,target-mixed_stress-318920811,mixed_stress,P2_explicit_gauge_framewise,True,inference-admissible,0.07821191637496827,0.737265425866642,True,True,0.0022713007412238093,0.0008925379581981023,0.0008925379581981023,False,False,0.6070366455667204,0.6070366455667204,0.0,0.000864054984137427,0.9999999999999858,0.9481574779738382,0.9054060515910055,True
bayesian-phystwin-prob4d-controlled-decisive-trial,target-mixed_stress-318920812,mixed_stress,P2_explicit_gauge_framewise,True,inference-admissible,0.12853460682623033,0.737265425866642,True,True,0.006065894510441812,0.00033819456237664666,0.00033819456237664666,False,False,0.9442465473485436,0.9442465473485436,1.0,0.000892957792301096,0.9999999999999858,0.8889484201260742,0.8184371670255429,True
bayesian-phystwin-prob4d-controlled-decisive-trial,target-mixed_stress-318920813,mixed_stress,P2_explicit_gauge_framewise,True,inference-admissible,0.09755131371420951,0.737265425866642,True,True,0.005196554670634641,0.0003720312977825467,0.0003720312977825467,False,False,0.928408085479237,0.928408085479237,1.0,0.0008657121305811014,0.9999999999999716,0.9590391540479296,0.8046900492842709,True
bayesian-phystwin-prob4d-controlled-decisive-trial,target-mixed_stress-318920814,mixed_stress,P2_explicit_gauge_framewise,True,inference-admissible,0.08789112277350128,0.737265425866642,True,True,0.004000548116104895,0.0004020906415929512,0.0004020906415929512,False,False,0.8994911122367792,0.8994911122367792,1.0,0.0008923607790978296,0.9999999999999432,0.9492710106961804,0.877072985600397,True
bayesian-phystwin-prob4d-controlled-decisive-trial,target-mixed_stress-318920815,mixed_stress,P2_explicit_gauge_framewise,True,inference-admissible,0.08784579410539076,0.737265425866642,True,True,0.0036569750609246323,0.00012645870824941062,0.00012645870824941062,False,False,0.9654198603647473,0.9654198603647473,1.0,0.0007912645005651517,1.0,0.9574048963678099,0.8347464020262823,True
bayesian-phystwin-prob4d-controlled-decisive-trial,target-mixed_stress-318920816,mixed_stress,P2_explicit_gauge_framewise,True,inference-admissible,0.08733905312792785,0.737265425866642,True,True,0.0031286479700473506,0.0003349607440866307,0.0003349607440866307,False,False,0.8929375412978913,0.8929375412978913,1.0,0.0009052513471889265,0.9999999999998579,0.9425961453211533,0.8764396947190132,True
bayesian-phystwin-prob4d-controlled-decisive-trial,target-mixed_stress-318920817,mixed_stress,P2_explicit_gauge_framewise,True,inference-admissible,0.09176637409068683,0.737265425866642,True,True,0.009844958256679992,0.000190238366328986,0.000190238366328986,False,False,0.9806765695324401,0.9806765695324401,1.0,0.0009583290321633415,0.9999999999971294,0.9782311116503407,0.8193503648101471,True
bayesian-phystwin-prob4d-controlled-decisive-trial,target-mixed_stress-318920818,mixed_stress,P2_explicit_gauge_framewise,True,inference-admissible,0.16303689665072152,0.737265425866642,True,True,0.004738162015447977,0.0004053202971287392,0.0004053202971287392,False,False,0.9144562182957736,0.9144562182957736,1.0,0.0009145629760296809,0.9999999999998437,0.8642656460527809,0.7349369899030416,True
bayesian-phystwin-prob4d-controlled-decisive-trial,target-mixed_stress-318920819,mixed_stress,P2_explicit_gauge_framewise,True,inference-admissible,0.10490798921659028,0.737265425866642,True,True,0.004361678906036321,0.00023273015462003252,0.00023273015462003252,False,False,0.946642070717781,0.946642070717781,1.0,0.0007874166711106466,1.0,0.9481052453272908,0.7760573975904653,True
bayesian-phystwin-prob4d-controlled-decisive-trial,target-mixed_stress-318920820,mixed_stress,P2_explicit_gauge_framewise,True,inference-admissible,0.0844581906610399,0.737265425866642,True,True,0.006556581742314347,0.0003415889214782144,0.0003415889214782144,False,False,0.9479013707289432,0.9479013707289432,1.0,0.0008152306544746581,1.0,0.8842558296788352,0.9915944269803276,True
bayesian-phystwin-prob4d-controlled-decisive-trial,target-mixed_stress-318920821,mixed_stress,P2_explicit_gauge_framewise,True,inference-admissible,0.07478957545043895,0.737265425866642,True,True,0.0016691815698563152,0.0004702491288953241,0.0004702491288953241,False,False,0.718275628375286,0.718275628375286,1.0,0.0007592430493220543,1.0,0.905961571627364,0.9720659825625176,True
bayesian-phystwin-prob4d-controlled-decisive-trial,target-mixed_stress-318920822,mixed_stress,P2_explicit_gauge_framewise,True,inference-admissible,0.09765895923662521,0.737265425866642,True,True,0.003042062866155528,0.00019135407777061316,0.00019135407777061316,False,False,0.9370972638667258,0.9370972638667258,1.0,0.000942716178877038,0.9999999999995595,0.9092199133923644,0.9028554576972101,True
bayesian-phystwin-prob4d-controlled-decisive-trial,target-mixed_stress-318920823,mixed_stress,P2_explicit_gauge_framewise,True,inference-admissible,0.07988969470715787,0.737265425866642,True,True,0.006831596039747789,0.0006851743774769367,0.0006851743774769367,False,False,0.8997050801173788,0.8997050801173788,0.0,0.0007310816917655332,1.0,0.9069568291989125,0.9580438782153106,True
bayesian-phystwin-prob4d-controlled-decisive-trial,target-mixed_stress-318920824,mixed_stress,P2_explicit_gauge_framewise,True,inference-admissible,0.10051256780918452,0.737265425866642,True,True,0.008372421099677377,0.00032937266737097915,0.00032937266737097915,False,False,0.9606598063511556,0.9606598063511556,1.0,0.000818788916974494,1.0,0.9274993326371364,0.8548405803039952,True
bayesian-phystwin-prob4d-controlled-decisive-trial,target-mixed_stress-318920825,mixed_stress,P2_explicit_gauge_framewise,True,inference-admissible,0.0864377567384271,0.737265425866642,True,True,0.008011887347319231,0.0002664926879298453,0.0002664926879298453,False,False,0.9667378388665171,0.9667378388665171,1.0,0.0008156663448941845,1.0,0.9249200389717462,0.9092852404793553,True
bayesian-phystwin-prob4d-controlled-decisive-trial,target-mixed_stress-318920826,mixed_stress,P2_explicit_gauge_framewise,True,inference-admissible,0.0781088272473551,0.737265425866642,True,True,0.007749819701490868,0.0004118283707396193,0.0004118283707396193,False,False,0.9468596191134107,0.9468596191134107,1.0,0.0007305011627729792,1.0,0.9659324017101505,0.8567908545751519,True
bayesian-phystwin-prob4d-controlled-decisive-trial,target-mixed_stress-318920827,mixed_stress,P2_explicit_gauge_framewise,True,inference-admissible,0.12619534096827853,0.737265425866642,True,True,0.002346844974378024,0.00038909070811739646,0.00038909070811739646,False,False,0.8342068980416928,0.8342068980416928,1.0,0.0008803476610706991,0.9999999999999858,0.9326866356625275,0.7269526740970552,True
bayesian-phystwin-prob4d-controlled-decisive-trial,target-mixed_stress-318920828,mixed_stress,P2_explicit_gauge_framewise,True,inference-admissible,0.09927330222396694,0.737265425866642,True,True,0.0020669497441323137,0.00032190836850327307,0.00032190836850327307,False,False,0.8442592184850594,0.8442592184850594,1.0,0.0008443616004130653,1.0,0.9305310462626499,0.8394803439661849,True
bayesian-phystwin-prob4d-controlled-decisive-trial,target-mixed_stress-318920829,mixed_stress,P2_explicit_gauge_framewise,True,inference-admissible,0.11646246436433022,0.737265425866642,True,True,0.0060399368315731455,0.00022704466867129794,0.00022704466867129794,False,False,0.9624094299323719,0.9624094299323719,1.0,0.0007674428347558522,1.0,0.9546376708411782,0.7096459588591687,True
bayesian-phystwin-prob4d-controlled-decisive-trial,target-mixed_stress-318920830,mixed_stress,P2_explicit_gauge_framewise,True,inference-admissible,0.1042045291402044,0.737265425866642,True,True,0.00223087529381282,0.00022998812687872525,0.00022998812687872525,False,False,0.8969067757769421,0.8969067757769421,1.0,0.0008935927994450322,0.999999999999929,0.9619464002027559,0.7982209722992564,True
bayesian-phystwin-prob4d-controlled-decisive-trial,target-mixed_stress-318920831,mixed_stress,P2_explicit_gauge_framewise,True,inference-admissible,0.12201370927547028,0.737265425866642,True,True,0.0027991236151480494,0.00026903948398542335,0.00026903948398542335,False,False,0.903884386338117,0.903884386338117,1.0,0.000760820378464083,1.0,0.9417756297741505,0.7204343741792537,True
bayesian-phystwin-prob4d-controlled-decisive-trial,target-mixed_stress-318920832,mixed_stress,P2_explicit_gauge_framewise,True,inference-admissible,0.13958322612086715,0.737265425866642,True,True,0.0034366604146397507,0.000439715110138801,0.000439715110138801,False,False,0.8720516265541778,0.8720516265541778,1.0,0.0008056182675313875,1.0,0.9224208262583977,0.7063056798050027,True
bayesian-phystwin-prob4d-controlled-decisive-trial,target-mixed_stress-318920833,mixed_stress,P2_explicit_gauge_framewise,True,inference-admissible,0.08749338448058736,0.737265425866642,True,True,0.006649591135228967,0.00033820524828195864,0.00033820524828195864,False,False,0.9491389408154471,0.9491389408154471,1.0,0.0007896588377618247,1.0,0.883155483230021,0.9824120748837287,True
bayesian-phystwin-prob4d-controlled-decisive-trial,target-mixed_stress-318920834,mixed_stress,P2_explicit_gauge_framewise,True,inference-admissible,0.1232362605985869,0.737265425866642,True,True,0.003934798931674845,0.00022193870918726355,0.00022193870918726355,False,False,0.9435959211535123,0.9435959211535123,1.0,0.0009182278365027965,0.9999999999999005,0.8747516014649304,0.8683822336306072,True
bayesian-phystwin-prob4d-controlled-decisive-trial,target-mixed_stress-318920835,mixed_stress,P2_explicit_gauge_framewise,True,inference-admissible,0.09411976417778715,0.737265425866642,True,True,0.005526274303523965,0.00035759012545809733,0.00035759012545809733,False,False,0.935292729637023,0.935292729637023,1.0,0.0009145340644168814,0.9999999999998437,0.9523080274823369,0.8253655144063495,True
bayesian-phystwin-prob4d-controlled-decisive-trial,target-mixed_stress-318920836,mixed_stress,P2_explicit_gauge_framewise,True,inference-admissible,0.14618141786741054,0.737265425866642,True,True,0.006196451883297416,0.0004148307865888022,0.0004148307865888022,False,False,0.9330534966781584,0.9330534966781584,1.0,0.000900689268186578,0.9999999999999716,0.8301764483355313,0.8831080371827261,True
bayesian-phystwin-prob4d-controlled-decisive-trial,target-mixed_stress-318920837,mixed_stress,P2_explicit_gauge_framewise,True,inference-admissible,0.09452443762234704,0.737265425866642,True,True,0.00352754526515169,0.00036389335235415324,0.00036389335235415324,False,False,0.8968423294382574,0.8968423294382574,1.0,0.0008722560147837372,0.9999999999999858,0.9486002423206599,0.8310231971014039,True
bayesian-phystwin-prob4d-controlled-decisive-trial,target-mixed_stress-318920838,mixed_stress,P2_explicit_gauge_framewise,True,inference-admissible,0.1422196282560966,0.737265425866642,True,True,0.007015176076499218,0.000361108961442396,0.000361108961442396,False,False,0.9485246047277263,0.9485246047277263,1.0,0.0010399731525882756,0.9999999999104148,0.9331936120809006,0.6978951952464137,True
bayesian-phystwin-prob4d-controlled-decisive-trial,target-mixed_stress-318920839,mixed_stress,P2_explicit_gauge_framewise,True,inference-admissible,0.09455570684311698,0.737265425866642,True,True,0.004379132243090214,0.0003445961652897788,0.0003445961652897788,False,False,0.9213094864094334,0.9213094864094334,1.0,0.0007325162457590302,1.0,0.9111174441152952,0.8951635932924078,True
bayesian-phystwin-prob4d-controlled-decisive-trial,target-mixed_stress-318920840,mixed_stress,P2_explicit_gauge_framewise,True,inference-admissible,0.11824595142401279,0.737265425866642,True,True,0.0026645807706204487,3.095674418087401e-05,3.095674418087401e-05,False,False,0.9883821333088485,0.9883821333088485,1.0,0.0007849574671438112,1.0,0.9117190970362964,0.81488049773519,True
bayesian-phystwin-prob4d-controlled-decisive-trial,target-mixed_stress-318920841,mixed_stress,P2_explicit_gauge_framewise,True,inference-admissible,0.14593567668132745,0.737265425866642,True,True,0.004093070025326843,0.0005484975842903711,0.0005484975842903711,False,False,0.8659935987177322,0.8659935987177322,1.0,0.0008242346659494236,1.0,0.8193551872738706,0.8736049400491447,True
bayesian-phystwin-prob4d-controlled-decisive-trial,target-mixed_stress-318920842,mixed_stress,P2_explicit_gauge_framewise,True,inference-admissible,0.08352862592408254,0.737265425866642,True,True,0.00634360703649337,0.00014454154675632135,0.00014454154675632135,False,False,0.9772146121402531,0.9772146121402531,1.0,0.0007787003894443072,1.0,0.9536019206432452,0.8633817378893578,True
bayesian-phystwin-prob4d-controlled-decisive-trial,target-mixed_stress-318920843,mixed_stress,P2_explicit_gauge_framewise,True,inference-admissible,0.07990419685121851,0.737265425866642,True,True,0.005201324542105712,0.00011647355645819023,0.00011647355645819023,False,False,0.9776069430939534,0.9776069430939534,1.0,0.0008579080405534473,1.0,0.9285317888568264,0.9316097137419644,True
bayesian-phystwin-prob4d-controlled-decisive-trial,target-mixed_stress-318920844,mixed_stress,P2_explicit_gauge_framewise,True,inference-admissible,0.09908897757604986,0.737265425866642,True,True,0.006709477650524742,0.0003801279625273756,0.0003801279625273756,False,False,0.9433446264631873,0.9433446264631873,1.0,0.0008851266883828666,0.9999999999999432,0.9461166239979135,0.8429871862287478,True
bayesian-phystwin-prob4d-controlled-decisive-trial,target-mixed_stress-318920845,mixed_stress,P2_explicit_gauge_framewise,True,inference-admissible,0.10378864474782121,0.737265425866642,True,True,0.0022912518172043873,0.00022852825690452207,0.00022852825690452207,False,False,0.9002605234446229,0.9002605234446229,1.0,0.000836851009848049,1.0,0.936310102418512,0.8044867227247801,True
bayesian-phystwin-prob4d-controlled-decisive-trial,target-mixed_stress-318920846,mixed_stress,P2_explicit_gauge_framewise,True,inference-admissible,0.11550834705774969,0.737265425866642,True,True,0.002843688801480675,0.00014312680837989363,0.00014312680837989363,False,False,0.9496686106069802,0.9496686106069802,1.0,0.0008781793161970847,0.9999999999999432,0.969818214905151,0.7141478601716599,True
bayesian-phystwin-prob4d-controlled-decisive-trial,target-mixed_stress-318920847,mixed_stress,P2_explicit_gauge_framewise,True,inference-admissible,0.14512710539383836,0.737265425866642,True,True,0.00570951558554897,0.00024664639341855543,0.00024664639341855543,False,False,0.9568008196627349,0.9568008196627349,1.0,0.0009256968990762502,0.9999999999997726,0.8971851269158901,0.7287694164291745,True
bayesian-phystwin-prob4d-controlled-decisive-trial,target-mixed_stress-318920848,mixed_stress,P2_explicit_gauge_framewise,True,inference-admissible,0.1353169207109354,0.737265425866642,True,True,0.0042197131799195705,0.00024280059250421626,0.00024280059250421626,False,False,0.9424604037877181,0.9424604037877181,1.0,0.0009204406072287264,0.9999999999994884,0.9195529942590546,0.7389853301882752,True
bayesian-phystwin-prob4d-controlled-decisive-trial,target-mixed_stress-318920849,mixed_stress,P2_explicit_gauge_framewise,True,inference-admissible,0.0956310808779211,0.737265425866642,True,True,0.0031150288266262116,0.0005089700535316278,0.0005089700535316278,False,False,0.8366082364371321,0.8366082364371321,1.0,0.0007297237015209084,1.0,0.9396165890830137,0.838664877527638,True
bayesian-phystwin-prob4d-controlled-decisive-trial,target-mixed_stress-318920850,mixed_stress,P2_explicit_gauge_framewise,True,inference-admissible,0.0960391132868213,0.737265425866642,True,True,0.004974919279476662,0.00034835040926927427,0.00034835040926927427,False,False,0.9299786811202454,0.9299786811202454,1.0,0.0008397594395395746,1.0,0.9228510943932015,0.879099834072657,True
bayesian-phystwin-prob4d-controlled-decisive-trial,target-mixed_stress-318920851,mixed_stress,P2_explicit_gauge_framewise,True,inference-admissible,0.12495190043223109,0.737265425866642,True,True,0.00045059617520858835,6.680172715200647e-05,6.680172715200647e-05,False,False,0.8517481265324037,0.8517481265324037,1.0,0.0008988376662767616,0.9999999999999432,0.9698111411980248,0.6846750284233626,True
bayesian-phystwin-prob4d-controlled-decisive-trial,target-mixed_stress-318920852,mixed_stress,P2_explicit_gauge_framewise,True,inference-admissible,0.09806067493831362,0.737265425866642,True,True,0.005097926767824955,0.0005064024853608406,0.0005064024853608406,False,False,0.9006650137548173,0.9006650137548173,1.0,0.0009202157917514741,0.9999999999996447,0.9383049827849305,0.8744522468585733,True
bayesian-phystwin-prob4d-controlled-decisive-trial,target-mixed_stress-318920853,mixed_stress,P2_explicit_gauge_framewise,True,inference-admissible,0.08029651171489066,0.737265425866642,True,True,0.005679649698083115,0.0003609102432300565,0.0003609102432300565,False,False,0.9364555452509925,0.9364555452509925,1.0,0.0008702951271295001,0.9999999999999858,0.9511461967993178,0.8985905110738025,True
bayesian-phystwin-prob4d-controlled-decisive-trial,target-mixed_stress-318920854,mixed_stress,P2_explicit_gauge_framewise,True,inference-admissible,0.08498173886994452,0.737265425866642,True,True,0.0070584770070194845,0.00043656333569919164,0.00043656333569919164,False,False,0.9381504912086502,0.9381504912086502,1.0,0.0008400098794980144,1.0,0.8850073645712613,0.9826447833880357,True
bayesian-phystwin-prob4d-controlled-decisive-trial,target-mixed_stress-318920855,mixed_stress,P2_explicit_gauge_framewise,True,inference-admissible,0.13850409477904993,0.737265425866642,True,True,0.008395289054847306,0.0001486668534789967,0.0001486668534789967,False,False,0.9822916337355699,0.9822916337355699,1.0,0.0009364057345056955,0.9999999999996732,0.9181847352708158,0.7130336309291578,True
bayesian-phystwin-prob4d-controlled-decisive-trial,target-mixed_stress-318920856,mixed_stress,P2_explicit_gauge_framewise,True,inference-admissible,0.13515566832177323,0.737265425866642,True,True,0.006064975277261084,0.0005135709700447675,0.0005135709700447675,False,False,0.9153218361878148,0.9153218361878148,1.0,0.0009235707277875344,0.9999999999998437,0.8917945933286383,0.8019662323739597,True
bayesian-phystwin-prob4d-controlled-decisive-trial,target-mixed_stress-318920857,mixed_stress,P2_explicit_gauge_framewise,True,inference-admissible,0.09963571541006613,0.737265425866642,True,True,0.003531143553359264,0.0005310079402613401,0.0005310079402613401,False,False,0.8496215369788127,0.8496215369788127,1.0,0.00086872871094655,0.9999999999999858,0.9490904927439602,0.8123393692059304,True
bayesian-phystwin-prob4d-controlled-decisive-trial,target-mixed_stress-318920858,mixed_stress,P2_explicit_gauge_framewise,True,inference-admissible,0.12916358065647904,0.737265425866642,True,True,0.008459358529487008,0.0006186756106313654,0.0006186756106313654,False,False,0.9268649498097484,0.9268649498097484,1.0,0.0007911903911325496,1.0,0.9104411682750305,0.7627645535675145,True
bayesian-phystwin-prob4d-controlled-decisive-trial,target-mixed_stress-318920859,mixed_stress,P2_explicit_gauge_framewise,True,inference-admissible,0.07128160764068751,0.737265425866642,True,True,0.005269284923542608,0.00024088333654854785,0.00024088333654854785,False,False,0.9542853840618285,0.9542853840618285,1.0,0.0008844557120588238,0.9999999999999716,0.9454273998335107,0.957176602473217,True
bayesian-phystwin-prob4d-controlled-decisive-trial,target-mixed_stress-318920860,mixed_stress,P2_explicit_gauge_framewise,True,inference-admissible,0.07226542811765711,0.737265425866642,True,True,0.008722250546636598,0.00018444879739956354,0.00018444879739956354,False,False,0.9788530727920113,0.9788530727920113,1.0,0.0008051258894815981,1.0,0.9562828766824891,0.9145473584889537,True
bayesian-phystwin-prob4d-controlled-decisive-trial,target-mixed_stress-318920861,mixed_stress,P2_explicit_gauge_framewise,True,inference-admissible,0.1145494907655519,0.737265425866642,True,True,0.007755448498105406,0.0006685518545919298,0.0006685518545919298,False,False,0.9137958488467492,0.9137958488467492,1.0,0.0009080536979838167,0.9999999999999858,0.9108668191352042,0.8475859695479824,True
bayesian-phystwin-prob4d-controlled-decisive-trial,target-mixed_stress-318920862,mixed_stress,P2_explicit_gauge_framewise,True,inference-admissible,0.08789069341182815,0.737265425866642,True,True,0.006220063163305213,0.00036645305506568095,0.00036645305506568095,False,False,0.9410853161061864,0.9410853161061864,1.0,0.0009938295153872588,0.9999999999989484,0.887565309760055,0.9880902811341868,True
bayesian-phystwin-prob4d-controlled-decisive-trial,target-mixed_stress-318920863,mixed_stress,P2_explicit_gauge_framewise,True,inference-admissible,0.046689081993992576,0.737265425866642,True,True,0.006795958514221737,0.00027743064805683883,0.00027743064805683883,False,False,0.9591771127683805,0.9591771127683805,1.0,0.0007955205409202229,1.0,0.9801777636732675,0.9403811703178312,True
bayesian-phystwin-prob4d-controlled-decisive-trial,target-mixed_stress-318920864,mixed_stress,P2_explicit_gauge_framewise,True,inference-admissible,0.0878484909904017,0.737265425866642,True,True,0.006320217354846661,0.00022277818674922505,0.00022277818674922505,False,False,0.9647514991587454,0.9647514991587454,1.0,0.0008964239566728069,0.9999999999999574,0.9118512269573503,0.9400072974300796,True
bayesian-phystwin-prob4d-controlled-decisive-trial,target-mixed_stress-318920865,mixed_stress,P2_explicit_gauge_framewise,True,inference-admissible,0.0947670423836347,0.737265425866642,True,True,0.008174092081910209,0.000290066873693839,0.000290066873693839,False,False,0.9645138725148722,0.9645138725148722,1.0,0.0009523873651460134,0.9999999999993889,0.936222839086046,0.8798460059196695,True
bayesian-phystwin-prob4d-controlled-decisive-trial,target-mixed_stress-318920866,mixed_stress,P2_explicit_gauge_framewise,True,inference-admissible,0.06326036099934437,0.737265425866642,True,True,0.005438184295940302,0.0005081538275442825,0.0005081538275442825,False,False,0.906558181942523,0.906558181942523,1.0,0.0008692509297930544,0.9999999999999574,0.9550751468049576,0.929537842523549,True
bayesian-phystwin-prob4d-controlled-decisive-trial,target-mixed_stress-318920867,mixed_stress,P2_explicit_gauge_framewise,True,inference-admissible,0.10723793628275996,0.737265425866642,True,True,0.009543632283449845,0.0005068453095515888,0.0005068453095515888,False,False,0.9468917813995685,0.9468917813995685,1.0,0.0007496894615126744,1.0,0.942980835013235,0.7749272507761139,True
bayesian-phystwin-prob4d-controlled-decisive-trial,target-nominal_correlated-318420804,nominal_correlated,P3_explicit_gauge_persistent,True,inference-admissible,0.11783258337318013,0.6744605477155093,True,True,0.003173077289673415,0.00023252949993268925,0.00023252949993268925,False,False,0.9267179842453122,0.9267179842453122,1.0,0.0006344095705696516,0.9999999999999893,0.8796413048293988,0.8587053774043851,True
bayesian-phystwin-prob4d-controlled-decisive-trial,target-nominal_correlated-318420805,nominal_correlated,P3_explicit_gauge_persistent,True,inference-admissible,0.09311720977877916,0.6744605477155093,True,True,0.0034597442387149036,0.00022334834393982752,0.00022334834393982752,False,False,0.9354436835415358,0.9354436835415358,1.0,0.0006172069369768858,0.9999999999999929,0.8749196162813565,0.9559756454654449,True
bayesian-phystwin-prob4d-controlled-decisive-trial,target-nominal_correlated-318420806,nominal_correlated,P3_explicit_gauge_persistent,True,inference-admissible,0.1122227455851296,0.6744605477155093,True,True,0.00252557343092159,0.00038023255927881216,0.00038023255927881216,False,False,0.8494470385919193,0.8494470385919193,1.0,0.0006259052803448557,0.9999999999999964,0.9173695865369983,0.7923332722868264,True
bayesian-phystwin-prob4d-controlled-decisive-trial,target-nominal_correlated-318420807,nominal_correlated,P3_explicit_gauge_persistent,True,inference-admissible,0.05292460216193963,0.6744605477155093,True,True,0.00363734890911544,0.0002358734424817207,0.0002358734424817207,False,False,0.935152373782288,0.935152373782288,1.0,0.0006112987623929802,0.9999999999998614,0.9749949613312799,0.9211314955157102,True
bayesian-phystwin-prob4d-controlled-decisive-trial,target-nominal_correlated-318420808,nominal_correlated,P3_explicit_gauge_persistent,True,inference-admissible,0.08980668778396703,0.6744605477155093,True,True,0.006618358675767432,0.00022115269219005797,0.00022115269219005797,False,False,0.966584964184581,0.966584964184581,1.0,0.0006435889765631118,0.9999999999999147,0.8705828407958055,0.9794388407698948,True
bayesian-phystwin-prob4d-controlled-decisive-trial,target-nominal_correlated-318420809,nominal_correlated,P3_explicit_gauge_persistent,True,inference-admissible,0.04804957260024212,0.6744605477155093,True,True,0.008763860558339342,0.00028622094457507273,0.00028622094457507273,False,False,0.9673407692112677,0.9673407692112677,1.0,0.0006267537929285013,0.9999999999213678,0.9587290878818465,0.9660974174381991,True
bayesian-phystwin-prob4d-controlled-decisive-trial,target-nominal_correlated-318420810,nominal_correlated,P3_explicit_gauge_persistent,True,inference-admissible,0.08721607326453157,0.6744605477155093,True,True,0.0033459813777053566,0.00025862636499198463,0.00025862636499198463,False,False,0.9227053782441108,0.9227053782441108,1.0,0.0006836661291037146,0.9999999999995417,0.9475532818175082,0.8406290035285788,True
bayesian-phystwin-prob4d-controlled-decisive-trial,target-nominal_correlated-318420811,nominal_correlated,P3_explicit_gauge_persistent,True,inference-admissible,0.11778736568748421,0.6744605477155093,True,True,0.0056739267504122975,0.00033702399079827165,0.00033702399079827165,False,False,0.9406012792157069,0.9406012792157069,1.0,0.0006357560192138614,0.9999999999999183,0.9066871135265432,0.7947109292314563,True
bayesian-phystwin-prob4d-controlled-decisive-trial,target-nominal_correlated-318420812,nominal_correlated,P3_explicit_gauge_persistent,True,inference-admissible,0.08656302818241494,0.6744605477155093,True,True,0.007466767888902175,0.00018753688274264054,0.00018753688274264054,False,False,0.9748837936932021,0.9748837936932021,1.0,0.0006446680847430444,0.999999999999762,0.9519985586305214,0.8418499710117684,True
bayesian-phystwin-prob4d-controlled-decisive-trial,target-nominal_correlated-318420813,nominal_correlated,P3_explicit_gauge_persistent,True,inference-admissible,0.15823236170282753,0.6744605477155093,True,True,0.008442699271924396,0.00023064344502238976,0.00023064344502238976,False,False,0.9726813146372063,0.9726813146372063,1.0,0.0006205825130268622,0.9999999999999858,0.866832928511132,0.7252676139246823,True
bayesian-phystwin-prob4d-controlled-decisive-trial,target-nominal_correlated-318420814,nominal_correlated,P3_explicit_gauge_persistent,True,inference-admissible,0.1366089327467927,0.6744605477155093,True,True,0.004317973572073503,0.00023853854429195891,0.00023853854429195891,False,False,0.9447568308813404,0.9447568308813404,1.0,0.0006403093280169525,0.9999999999222666,0.879618756597137,0.7925865267705863,True
bayesian-phystwin-prob4d-controlled-decisive-trial,target-nominal_correlated-318420815,nominal_correlated,P3_explicit_gauge_persistent,True,inference-admissible,0.04946075826516493,0.6744605477155093,True,True,0.010172673345607102,0.0001351988971075168,0.0001351988971075168,False,False,0.9867096000712634,0.9867096000712634,1.0,0.0005802652804422975,1.0,0.9505253297404188,0.9622554868182511,True
bayesian-phystwin-prob4d-controlled-decisive-trial,target-nominal_correlated-318420816,nominal_correlated,P3_explicit_gauge_persistent,True,inference-admissible,0.0680133353485586,0.6744605477155093,True,True,0.00785667791141908,0.00017339725371543586,0.00017339725371543586,False,False,0.9779299526249617,0.9779299526249617,1.0,0.0006688410030858723,0.9999999999980709,0.950521816661372,0.9177694085980236,True
bayesian-phystwin-prob4d-controlled-decisive-trial,target-nominal_correlated-318420817,nominal_correlated,P3_explicit_gauge_persistent,True,inference-admissible,0.09662986709224532,0.6744605477155093,True,True,0.004334707914304273,0.00016292373174142165,0.00016292373174142165,False,False,0.9624141384004714,0.9624141384004714,1.0,0.0005885218182169078,1.0,0.9375508313240274,0.8044622840551432,True
bayesian-phystwin-prob4d-controlled-decisive-trial,target-nominal_correlated-318420818,nominal_correlated,P3_explicit_gauge_persistent,True,inference-admissible,0.07870529047155064,0.6744605477155093,True,True,0.009666424147654874,0.00023602012096053844,0.00023602012096053844,False,False,0.9755835128528063,0.9755835128528063,1.0,0.0006760466087634976,0.9999999999993712,0.9620676165705847,0.8541459333887917,True
bayesian-phystwin-prob4d-controlled-decisive-trial,target-nominal_correlated-318420819,nominal_correlated,P3_explicit_gauge_persistent,True,inference-admissible,0.10512533156418132,0.6744605477155093,True,True,0.0057574935397624325,0.0001014052394081953,0.0001014052394081953,False,False,0.9823872595413491,0.9823872595413491,1.0,0.000603767197398412,0.9999999999999538,0.8624189608840874,0.9298604057906783,True
bayesian-phystwin-prob4d-controlled-decisive-trial,target-nominal_correlated-318420820,nominal_correlated,P3_explicit_gauge_persistent,True,inference-admissible,0.13969937125456897,0.6744605477155093,True,True,0.00620721418676249,0.00034333119918256,0.00034333119918256,False,False,0.944688359568009,0.944688359568009,1.0,0.000619385645130628,0.9999999999998046,0.86174347713085,0.7932405898585473,True
bayesian-phystwin-prob4d-controlled-decisive-trial,target-nominal_correlated-318420821,nominal_correlated,P3_explicit_gauge_persistent,True,inference-admissible,0.10449751573043428,0.6744605477155093,True,True,0.004190129178468414,0.0003817883323881158,0.0003817883323881158,False,False,0.9088838753826516,0.9088838753826516,1.0,0.0006306468399028325,0.999999999999968,0.9210940883859782,0.824205763689801,True
bayesian-phystwin-prob4d-controlled-decisive-trial,target-nominal_correlated-318420822,nominal_correlated,P3_explicit_gauge_persistent,True,inference-admissible,0.16083077293686532,0.6744605477155093,True,True,0.003993383847544752,0.00034949880642632395,0.00034949880642632395,False,False,0.9124805378673513,0.9124805378673513,1.0,0.0006102950597935146,0.9999999999999787,0.8631306644459308,0.7033343479031156,True
bayesian-phystwin-prob4d-controlled-decisive-trial,target-nominal_correlated-318420823,nominal_correlated,P3_explicit_gauge_persistent,True,inference-admissible,0.07505206608374786,0.6744605477155093,True,True,0.008532107459452256,0.00035733571190326775,0.00035733571190326775,False,False,0.9581187047161022,0.9581187047161022,1.0,0.0005950996980287642,0.9999999999999858,0.9512330553642973,0.8657512798282169,True
bayesian-phystwin-prob4d-controlled-decisive-trial,target-nominal_correlated-318420824,nominal_correlated,P3_explicit_gauge_persistent,True,inference-admissible,0.1531610814197976,0.6744605477155093,True,True,0.0018661135759485605,0.00010148397990289924,0.00010148397990289924,False,False,0.94561746872705,0.94561746872705,1.0,0.0005697868490116894,0.9999999999999751,0.8841941334301396,0.7044732739040717,True
bayesian-phystwin-prob4d-controlled-decisive-trial,target-nominal_correlated-318420825,nominal_correlated,P3_explicit_gauge_persistent,True,inference-admissible,0.09159708419257595,0.6744605477155093,True,True,0.007769231007067137,4.891098526332331e-05,4.891098526332331e-05,False,False,0.9937045268419961,0.9937045268419961,1.0,0.0006136909572889542,0.9999999999999645,0.9341964308152385,0.8455395190420648,True
bayesian-phystwin-prob4d-controlled-decisive-trial,target-nominal_correlated-318420826,nominal_correlated,P3_explicit_gauge_persistent,True,inference-admissible,0.12186589102034155,0.6744605477155093,True,True,0.01132785141254362,0.00034641270791608116,0.00034641270791608116,False,False,0.9694193810193794,0.9694193810193794,1.0,0.0006440778388477845,0.9999999999998437,0.9067733900048267,0.7860074929831302,True
bayesian-phystwin-prob4d-controlled-decisive-trial,target-nominal_correlated-318420827,nominal_correlated,P3_explicit_gauge_persistent,True,inference-admissible,0.0996520163173,0.6744605477155093,True,True,0.009779337645973576,0.0003474329105334752,0.0003474329105334752,False,False,0.9644727564267583,0.9644727564267583,1.0,0.0006314990416139777,0.9999999999995737,0.9142246091738085,0.8555576452109039,True
bayesian-phystwin-prob4d-controlled-decisive-trial,target-nominal_correlated-318420828,nominal_correlated,P3_explicit_gauge_persistent,True,inference-admissible,0.08382626343459534,0.6744605477155093,True,True,0.003873676638452656,0.0001914008419110177,0.0001914008419110177,False,False,0.95058935998657,0.95058935998657,1.0,0.0006053010950901868,0.9999999999998757,0.946942372065543,0.8431844658045644,True
bayesian-phystwin-prob4d-controlled-decisive-trial,target-nominal_correlated-318420829,nominal_correlated,P3_explicit_gauge_persistent,True,inference-admissible,0.07883065540176426,0.6744605477155093,True,True,0.0016554947117872892,0.0002458020821045816,0.0002458020821045816,False,False,0.8515234869948868,0.8515234869948868,1.0,0.0005587830425328133,0.9999999999999964,0.9735551051700113,0.8020885343346894,True
bayesian-phystwin-prob4d-controlled-decisive-trial,target-nominal_correlated-318420830,nominal_correlated,P3_explicit_gauge_persistent,True,inference-admissible,0.0770957685110151,0.6744605477155093,True,True,0.0066812451148761404,0.00047531960584467123,0.00047531960584467123,False,False,0.9288576309247587,0.9288576309247587,1.0,0.0006484580919127288,0.9999999999999787,0.9391106543418968,0.8992502003995285,True
bayesian-phystwin-prob4d-controlled-decisive-trial,target-nominal_correlated-318420831,nominal_correlated,P3_explicit_gauge_persistent,True,inference-admissible,0.11698804632106764,0.6744605477155093,True,True,0.005988667301689113,0.0004282574858165124,0.0004282574858165124,False,False,0.9284886830003527,0.9284886830003527,1.0,0.0006552900213264542,0.9999999999986571,0.8663664531863045,0.8655400656902558,True
bayesian-phystwin-prob4d-controlled-decisive-trial,target-nominal_correlated-318420832,nominal_correlated,P3_explicit_gauge_persistent,True,inference-admissible,0.09833052068815196,0.6744605477155093,True,True,0.007976006260119869,0.00036578437255285794,0.00036578437255285794,False,False,0.9541394075401138,0.9541394075401138,1.0,0.0006395092092309335,0.9999999999956692,0.9105930725123644,0.8593481157604806,True
bayesian-phystwin-prob4d-controlled-decisive-trial,target-nominal_correlated-318420833,nominal_correlated,P3_explicit_gauge_persistent,True,inference-admissible,0.10304471175861717,0.6744605477155093,True,True,0.007599787596001098,6.779043204932194e-05,6.779043204932194e-05,False,False,0.9910799570128785,0.9910799570128785,1.0,0.0006554958608152102,0.9999999999999467,0.9224380006561506,0.8187713091561923,True
bayesian-phystwin-prob4d-controlled-decisive-trial,target-nominal_correlated-318420834,nominal_correlated,P3_explicit_gauge_persistent,True,inference-admissible,0.09238980497173607,0.6744605477155093,True,True,0.0068543984492612205,0.00045413423089160523,0.00045413423089160523,False,False,0.9337455745747385,0.9337455745747385,1.0,0.0006483368919908082,0.9999999999995381,0.9401297494212123,0.8375579622180678,True
bayesian-phystwin-prob4d-controlled-decisive-trial,target-nominal_correlated-318420835,nominal_correlated,P3_explicit_gauge_persistent,True,inference-admissible,0.11313798959069658,0.6744605477155093,True,True,0.007911399760523028,0.00032647338663079913,0.00032647338663079913,False,False,0.9587338022962936,0.9587338022962936,1.0,0.0006115327999987175,0.9999999999992824,0.8869305328042872,0.8643547338764713,True
bayesian-phystwin-prob4d-controlled-decisive-trial,target-nominal_correlated-318420836,nominal_correlated,P3_explicit_gauge_persistent,True,inference-admissible,0.10161568479211658,0.6744605477155093,True,True,0.004338076701578592,0.0001728064586574455,0.0001728064586574455,False,False,0.960165190579834,0.960165190579834,1.0,0.0006487940121729304,0.9999999999998792,0.8974676878055362,0.8923350169143794,True
bayesian-phystwin-prob4d-controlled-decisive-trial,target-nominal_correlated-318420837,nominal_correlated,P3_explicit_gauge_persistent,True,inference-admissible,0.05586938878962035,0.6744605477155093,True,True,0.005788416764574352,0.0003151201852842782,0.0003151201852842782,False,False,0.9455602113495277,0.9455602113495277,1.0,0.0005976841215645091,1.0,0.9577859221710477,0.92736832661747,True
bayesian-phystwin-prob4d-controlled-decisive-trial,target-nominal_correlated-318420838,nominal_correlated,P3_explicit_gauge_persistent,True,inference-admissible,0.06257941771979869,0.6744605477155093,True,True,0.00322990555711752,0.0002747817248754341,0.0002747817248754341,False,False,0.9149257710430831,0.9149257710430831,1.0,0.0005929820866515234,0.9999999999984794,0.9454832894711828,0.9462110615307365,True
bayesian-phystwin-prob4d-controlled-decisive-trial,target-nominal_correlated-318420839,nominal_correlated,P3_explicit_gauge_persistent,True,inference-admissible,0.09296112023542716,0.6744605477155093,True,True,0.008061808264819762,0.00014512150287600395,0.00014512150287600395,False,False,0.9819988893175137,0.9819988893175137,1.0,0.0006914437148361693,0.9999999999842473,0.9327560486766734,0.853690593097828,True
bayesian-phystwin-prob4d-controlled-decisive-trial,target-nominal_correlated-318420840,nominal_correlated,P3_explicit_gauge_persistent,True,inference-admissible,0.1334314378480354,0.6744605477155093,True,True,0.007779908530677194,0.000130743043830789,0.000130743043830789,False,False,0.9831947839341231,0.9831947839341231,1.0,0.000657084628576372,0.9999999999995062,0.839771060063377,0.8736790441606659,True
bayesian-phystwin-prob4d-controlled-decisive-trial,target-nominal_correlated-318420841,nominal_correlated,P3_explicit_gauge_persistent,True,inference-admissible,0.09752485197339505,0.6744605477155093,True,True,0.009599464061503114,0.0001962648613905479,0.0001962648613905479,False,False,0.9795546022014258,0.9795546022014258,1.0,0.0006683602396086327,0.9999999999997371,0.9145914555398978,0.8668757765830263,True
bayesian-phystwin-prob4d-controlled-decisive-trial,target-nominal_correlated-318420842,nominal_correlated,P3_explicit_gauge_persistent,True,inference-admissible,0.09400511442182666,0.6744605477155093,True,True,0.008020848441902775,0.0002798938529158524,0.0002798938529158524,False,False,0.9651042087450971,0.9651042087450971,1.0,0.0005493419917848791,0.9999999999995524,0.9231904665173776,0.8479105502572405,True
bayesian-phystwin-prob4d-controlled-decisive-trial,target-nominal_correlated-318420843,nominal_correlated,P3_explicit_gauge_persistent,True,inference-admissible,0.11974895677384088,0.6744605477155093,True,True,0.0067555980064415285,0.00022665897357729937,0.00022665897357729937,False,False,0.9664487180318933,0.9664487180318933,1.0,0.0006768631926236954,0.9999999999991402,0.9000392309593507,0.7987638106493284,True
bayesian-phystwin-prob4d-controlled-decisive-trial,target-nominal_correlated-318420844,nominal_correlated,P3_explicit_gauge_persistent,True,inference-admissible,0.07794717514589145,0.6744605477155093,True,True,0.007189264568316358,0.00019986935664430714,0.00019986935664430714,False,False,0.9721989148201408,0.9721989148201408,1.0,0.0006265783055456237,0.9999999999999964,0.9574688329543654,0.844512046147857,True
bayesian-phystwin-prob4d-controlled-decisive-trial,target-nominal_correlated-318420845,nominal_correlated,P3_explicit_gauge_persistent,True,inference-admissible,0.11004457994782726,0.6744605477155093,True,True,0.007879015720960681,0.000270041692912476,0.000270041692912476,False,False,0.9657264685747384,0.9657264685747384,1.0,0.0005851072452801948,0.9999999999998899,0.9271047734795662,0.7741223048024851,True
bayesian-phystwin-prob4d-controlled-decisive-trial,target-nominal_correlated-318420846,nominal_correlated,P3_explicit_gauge_persistent,True,inference-admissible,0.12348153157499686,0.6744605477155093,True,True,0.009072618011926355,0.00014368155791195938,0.00014368155791195938,False,False,0.9841631646209414,0.9841631646209414,1.0,0.000603480110381008,0.9999999999999964,0.9424923500655277,0.7088934486463476,True
bayesian-phystwin-prob4d-controlled-decisive-trial,target-nominal_correlated-318420847,nominal_correlated,P3_explicit_gauge_persistent,True,inference-admissible,0.12915027518332217,0.6744605477155093,True,True,0.005209733742007863,0.00024215947985648618,0.00024215947985648618,False,False,0.953517877909216,0.953517877909216,1.0,0.0006947969393312981,0.9999999999982947,0.9324336779887005,0.7104354184030562,True
bayesian-phystwin-prob4d-controlled-decisive-trial,target-nominal_correlated-318420848,nominal_correlated,P3_explicit_gauge_persistent,True,inference-admissible,0.15997746585189723,0.6744605477155093,True,True,0.005187469140182476,0.0001304042466630664,0.0001304042466630664,False,False,0.9748616824237186,0.9748616824237186,1.0,0.0007181413568827593,0.9999999999993143,0.8893595705156871,0.6729617903536226,True
bayesian-phystwin-prob4d-controlled-decisive-trial,target-nominal_correlated-318420849,nominal_correlated,P3_explicit_gauge_persistent,True,inference-admissible,0.1262431457813687,0.6744605477155093,True,True,0.005456036487691015,0.000408096969650373,0.000408096969650373,False,False,0.9252026685358405,0.9252026685358405,1.0,0.0006471891669499923,0.9999999999956799,0.9157154692538643,0.7498560410960221,True
bayesian-phystwin-prob4d-controlled-decisive-trial,target-nominal_correlated-318420850,nominal_correlated,P3_explicit_gauge_persistent,True,inference-admissible,0.049920956795249265,0.6744605477155093,True,True,0.0056243790137171425,0.00022533818962981595,0.00022533818962981595,False,False,0.9599354543710079,0.9599354543710079,1.0,0.0006575038309770387,0.9999999999490328,0.9476797747103594,0.9883417151529208,True
bayesian-phystwin-prob4d-controlled-decisive-trial,target-nominal_correlated-318420851,nominal_correlated,P3_explicit_gauge_persistent,True,inference-admissible,0.05947576805374234,0.6744605477155093,True,True,0.010289740879883203,0.0002735012833467361,0.0002735012833467361,False,False,0.9734200028417197,0.9734200028417197,1.0,0.0006649081446050469,0.9999999999999147,0.9487415111567907,0.9463926288933096,True
bayesian-phystwin-prob4d-controlled-decisive-trial,target-nominal_correlated-318420852,nominal_correlated,P3_explicit_gauge_persistent,True,inference-admissible,0.081728001311677,0.6744605477155093,True,True,0.005625340219712845,0.0004329896307840934,0.0004329896307840934,False,False,0.9230287211310757,0.9230287211310757,1.0,0.0006317716927599251,0.999999999999627,0.921818068208665,0.9045446820186405,True
bayesian-phystwin-prob4d-controlled-decisive-trial,target-nominal_correlated-318420853,nominal_correlated,P3_explicit_gauge_persistent,True,inference-admissible,0.07779142973581325,0.6744605477155093,True,True,0.007022886670104842,0.00017686456741166308,0.00017686456741166308,False,False,0.9748159730151216,0.9748159730151216,1.0,0.0006146292662604127,1.0,0.9479094480183294,0.8676094942614093,True
bayesian-phystwin-prob4d-controlled-decisive-trial,target-nominal_correlated-318420854,nominal_correlated,P3_explicit_gauge_persistent,True,inference-admissible,0.1349795519724816,0.6744605477155093,True,True,0.005892903898858267,0.00020616590180133726,0.00020616590180133726,False,False,0.9650145487963445,0.9650145487963445,1.0,0.0005773696744941125,0.9999999999939568,0.8217898202781649,0.882940496315596,True
bayesian-phystwin-prob4d-controlled-decisive-trial,target-nominal_correlated-318420855,nominal_correlated,P3_explicit_gauge_persistent,True,inference-admissible,0.1306477690802238,0.6744605477155093,True,True,0.009438678596719444,0.0004881080940132395,0.0004881080940132395,False,False,0.9482863952817623,0.9482863952817623,0.041666666666666664,0.0005506265405565926,0.9999999999999929,0.9181991815116094,0.716889234777917,True
bayesian-phystwin-prob4d-controlled-decisive-trial,target-nominal_correlated-318420856,nominal_correlated,P3_explicit_gauge_persistent,True,inference-admissible,0.0708095905229382,0.6744605477155093,True,True,0.008312606936155476,0.0003145571095145144,0.0003145571095145144,False,False,0.9621590300214538,0.9621590300214538,1.0,0.0006615904618883136,0.9999999999997691,0.9483405238890276,0.9041355001884366,True
bayesian-phystwin-prob4d-controlled-decisive-trial,target-nominal_correlated-318420857,nominal_correlated,P3_explicit_gauge_persistent,True,inference-admissible,0.050086300751620086,0.6744605477155093,True,True,0.01026698975283368,0.00015551083886628428,0.00015551083886628428,False,False,0.9848533170276746,0.9848533170276746,1.0,0.0006005002022376696,0.9999999999999964,0.9623404215474468,0.9478663390119796,True
bayesian-phystwin-prob4d-controlled-decisive-trial,target-nominal_correlated-318420858,nominal_correlated,P3_explicit_gauge_persistent,True,inference-admissible,0.0932438407290864,0.6744605477155093,True,True,0.008605389275677278,0.00029325970754297937,0.00029325970754297937,False,False,0.9659213897072775,0.9659213897072775,1.0,0.0005991710235842626,0.999999999995346,0.908687544035957,0.8899302770790087,True
bayesian-phystwin-prob4d-controlled-decisive-trial,target-nominal_correlated-318420859,nominal_correlated,P3_explicit_gauge_persistent,True,inference-admissible,0.12517205993246724,0.6744605477155093,True,True,0.004802092746801631,0.0004125050425169052,0.0004125050425169052,False,False,0.9140989014025919,0.9140989014025919,1.0,0.0005727309891755401,0.9999999999999858,0.912471904310252,0.7513661204702515,True
bayesian-phystwin-prob4d-controlled-decisive-trial,target-nominal_correlated-318420860,nominal_correlated,P3_explicit_gauge_persistent,True,inference-admissible,0.09946824209081791,0.6744605477155093,True,True,0.0065673887562010015,0.0003835333958940375,0.0003835333958940375,False,False,0.9416003208989416,0.9416003208989416,1.0,0.0006505554135043826,0.9999999999999432,0.952070453400667,0.7856887171935536,True
bayesian-phystwin-prob4d-controlled-decisive-trial,target-nominal_correlated-318420861,nominal_correlated,P3_explicit_gauge_persistent,True,inference-admissible,0.07221913106125662,0.6744605477155093,True,True,0.00692682173300754,0.00026350190809304707,0.00026350190809304707,False,False,0.9619591901957844,0.9619591901957844,1.0,0.0006480279339847907,0.9999999999992646,0.8975340481159337,0.9941523120138817,True
bayesian-phystwin-prob4d-controlled-decisive-trial,target-nominal_correlated-318420862,nominal_correlated,P3_explicit_gauge_persistent,True,inference-admissible,0.08850346349478688,0.6744605477155093,True,True,0.005027365504812286,0.00023977215393933515,0.00023977215393933515,False,False,0.9523066000055455,0.9523066000055455,1.0,0.0006168809004280439,0.9999999999947953,0.9222526745872266,0.8863683767280649,True
bayesian-phystwin-prob4d-controlled-decisive-trial,target-nominal_correlated-318420863,nominal_correlated,P3_explicit_gauge_persistent,True,inference-admissible,0.07053491146713076,0.6744605477155093,True,True,0.005410818776371862,0.00011567425850902452,0.00011567425850902452,False,False,0.9786216720075426,0.9786216720075426,1.0,0.0006671417562981375,0.9999999999997797,0.9495682834809617,0.9041713126915045,True
bayesian-phystwin-prob4d-controlled-decisive-trial,target-nominal_correlated-318420864,nominal_correlated,P3_explicit_gauge_persistent,True,inference-admissible,0.10511538554096901,0.6744605477155093,True,True,0.008272976578144997,0.00026306500371259966,0.00026306500371259966,False,False,0.9682018918792122,0.9682018918792122,1.0,0.0005729949171555324,1.0,0.8821224933925477,0.8806560352712287,True
bayesian-phystwin-prob4d-controlled-decisive-trial,target-nominal_correlated-318420865,nominal_correlated,P3_explicit_gauge_persistent,True,inference-admissible,0.038094097538347645,0.6744605477155093,True,True,0.003765042519536687,0.00021898114384841537,0.00021898114384841537,False,False,0.9418383344378903,0.9418383344378903,1.0,0.0006284902953904056,0.9999999999995488,0.9742832846017236,0.9648112851349805,True
bayesian-phystwin-prob4d-controlled-decisive-trial,target-nominal_correlated-318420866,nominal_correlated,P3_explicit_gauge_persistent,True,inference-admissible,0.09054884849283751,0.6744605477155093,True,True,0.007675964475566049,0.0005956481490132429,0.0005956481490132429,False,False,0.922400872110691,0.922400872110691,0.0,0.0005833302513475968,0.9999999999997726,0.9003605453763794,0.9173814827083011,True
bayesian-phystwin-prob4d-controlled-decisive-trial,target-nominal_correlated-318420867,nominal_correlated,P3_explicit_gauge_persistent,True,inference-admissible,0.08995954903560224,0.6744605477155093,True,True,0.008714120594407451,0.00032668129689556087,0.00032668129689556087,False,False,0.9625112719801906,0.9625112719801906,1.0,0.000681505311085618,0.9999999999991331,0.924685719508569,0.8727177381134255,True
bayesian-phystwin-prob4d-controlled-decisive-trial,target-common_mode_bias-318520804,common_mode_bias,P3_explicit_gauge_persistent,True,inference-admissible,0.1061697834304517,0.6744605477155093,True,True,0.006295163382284109,6.308620843399374e-05,6.308620843399374e-05,False,False,0.9899786225387682,0.9899786225387682,1.0,0.0006215254069083892,0.9999999999998899,0.8719877152237665,0.9043627290398284,True
bayesian-phystwin-prob4d-controlled-decisive-trial,target-common_mode_bias-318520805,common_mode_bias,P3_explicit_gauge_persistent,True,inference-admissible,0.16481523431357256,0.6744605477155093,True,True,0.004014819144346342,0.00015875908123077473,0.00015875908123077473,False,False,0.9604567290523314,0.9604567290523314,1.0,0.0006468800600514461,0.9999999999996376,0.8914305478639338,0.6453382272554142,True
bayesian-phystwin-prob4d-controlled-decisive-trial,target-common_mode_bias-318520806,common_mode_bias,P3_explicit_gauge_persistent,True,inference-admissible,0.09396535998687336,0.6744605477155093,True,True,0.009788929661137867,0.0005122391963989026,0.0005122391963989026,False,False,0.947671582682579,0.947671582682579,1.0,0.0006826909349846687,0.9999999999987637,0.9432494379766123,0.8053894933796528,True
bayesian-phystwin-prob4d-controlled-decisive-trial,target-common_mode_bias-318520807,common_mode_bias,P3_explicit_gauge_persistent,True,inference-admissible,0.06627632242197384,0.6744605477155093,True,True,0.008952025647914825,0.00018947194904066417,0.00018947194904066417,False,False,0.978834740147913,0.978834740147913,1.0,0.0006658003977290509,0.999999999999087,0.945094184845165,0.9279740532942915,True
bayesian-phystwin-prob4d-controlled-decisive-trial,target-common_mode_bias-318520808,common_mode_bias,P3_explicit_gauge_persistent,True,inference-admissible,0.06796909271148974,0.6744605477155093,True,True,0.003080500920836963,0.0003053940985583385,0.0003053940985583385,False,False,0.9008621953356327,0.9008621953356327,1.0,0.0006189146728452058,0.9999999999999929,0.9611149928506558,0.876789283515485,True
bayesian-phystwin-prob4d-controlled-decisive-trial,target-common_mode_bias-318520809,common_mode_bias,P3_explicit_gauge_persistent,True,inference-admissible,0.13292217920198082,0.6744605477155093,True,True,0.0036316706600353593,0.00010038613850596281,0.00010038613850596281,False,False,0.9723581381950022,0.9723581381950022,1.0,0.0006217277740271344,0.9999999999995701,0.9507435080226564,0.6574997560585851,True
bayesian-phystwin-prob4d-controlled-decisive-trial,target-common_mode_bias-318520810,common_mode_bias,P3_explicit_gauge_persistent,True,inference-admissible,0.11580928787488007,0.6744605477155093,True,True,0.004979774051487603,0.0003097006494568135,0.0003097006494568135,False,False,0.937808292855316,0.937808292855316,1.0,0.0006614113159390777,0.9999999999999432,0.8326384492047801,0.9454071150653771,True
bayesian-phystwin-prob4d-controlled-decisive-trial,target-common_mode_bias-318520811,common_mode_bias,P3_explicit_gauge_persistent,True,inference-admissible,0.05005612177195895,0.6744605477155093,True,True,0.004910896070034872,0.0003522729578666367,0.0003522729578666367,False,False,0.9282670712548524,0.9282670712548524,1.0,0.0006539882037234334,0.999999999995417,0.9594649747241821,0.970443362308159,True
bayesian-phystwin-prob4d-controlled-decisive-trial,target-common_mode_bias-318520812,common_mode_bias,P3_explicit_gauge_persistent,True,inference-admissible,0.08642965470233283,0.6744605477155093,True,True,0.005215908475252118,7.361331475351938e-05,7.361331475351938e-05,False,False,0.9858867702332601,0.9858867702332601,1.0,0.0006068301266152548,0.9999999999999964,0.9800613658620684,0.7725943452772882,True
bayesian-phystwin-prob4d-controlled-decisive-trial,target-common_mode_bias-318520813,common_mode_bias,P3_explicit_gauge_persistent,True,inference-admissible,0.10832679810401238,0.6744605477155093,True,True,0.004887678880295078,0.0005152091338106634,0.0005152091338106634,False,False,0.8945902244339834,0.8945902244339834,1.0,0.0006421802467998253,0.9999999999999218,0.9335798481365828,0.7886513247459368,True
bayesian-phystwin-prob4d-controlled-decisive-trial,target-common_mode_bias-318520814,common_mode_bias,P3_explicit_gauge_persistent,True,inference-admissible,0.13000300149454672,0.6744605477155093,True,True,0.001806819755430712,0.00022356769943347838,0.00022356769943347838,False,False,0.8762645256885715,0.8762645256885715,1.0,0.0006300400977833307,0.9999999999999787,0.9150707177441323,0.7335052346591467,True
bayesian-phystwin-prob4d-controlled-decisive-trial,target-common_mode_bias-318520815,common_mode_bias,P3_explicit_gauge_persistent,True,inference-admissible,0.0695108587103617,0.6744605477155093,True,True,0.007037644852962149,0.00017327837452437111,0.00017327837452437111,False,False,0.9753783576544874,0.9753783576544874,1.0,0.0005785480840919598,0.9999999999957154,0.951962473344946,0.8826058365638765,True
bayesian-phystwin-prob4d-controlled-decisive-trial,target-common_mode_bias-318520816,common_mode_bias,P3_explicit_gauge_persistent,True,inference-admissible,0.07975287826689792,0.6744605477155093,True,True,0.007448841755349864,0.00018368470073718162,0.00018368470073718162,False,False,0.9753405016819888,0.9753405016819888,1.0,0.0006053979856341831,0.9999999999974207,0.9489418897816294,0.8556871266427025,True
bayesian-phystwin-prob4d-controlled-decisive-trial,target-common_mode_bias-318520817,common_mode_bias,P3_explicit_gauge_persistent,True,inference-admissible,0.08021072383765143,0.6744605477155093,True,True,0.008080443224969454,0.0002869969492538085,0.0002869969492538085,False,False,0.9644825238834726,0.9644825238834726,1.0,0.0006702788216435153,0.9999999999976801,0.9548163175912605,0.8404011650614038,True
bayesian-phystwin-prob4d-controlled-decisive-trial,target-common_mode_bias-318520818,common_mode_bias,P3_explicit_gauge_persistent,True,inference-admissible,0.11824762968880237,0.6744605477155093,True,True,0.00675776480890649,0.00012199553178793092,0.00012199553178793092,False,False,0.9819473546005707,0.9819473546005707,1.0,0.0006365437919124257,0.9999999999999467,0.9610373173590967,0.6916043412535389,True
bayesian-phystwin-prob4d-controlled-decisive-trial,target-common_mode_bias-318520819,common_mode_bias,P3_explicit_gauge_persistent,True,inference-admissible,0.07791587480593318,0.6744605477155093,True,True,0.0054213892441629325,0.0003134295247972722,0.0003134295247972722,False,False,0.9421864930405554,0.9421864930405554,1.0,0.0006591175863961286,0.9999999999999005,0.9157333857974862,0.9400326092294438,True
bayesian-phystwin-prob4d-controlled-decisive-trial,target-common_mode_bias-318520820,common_mode_bias,P3_explicit_gauge_persistent,True,inference-admissible,0.10650991216471926,0.6744605477155093,True,True,0.006181235941782645,0.0003714603919382351,0.0003714603919382351,False,False,0.9399051588651852,0.9399051588651852,1.0,0.0006382004749151401,0.9999999999998082,0.8897076388596715,0.8811761893754732,True
bayesian-phystwin-prob4d-controlled-decisive-trial,target-common_mode_bias-318520821,common_mode_bias,P3_explicit_gauge_persistent,True,inference-admissible,0.06925750753383682,0.6744605477155093,True,True,0.006102723876932564,0.000323816338123251,0.000323816338123251,False,False,0.9469390480950267,0.9469390480950267,1.0,0.0006427061764481759,0.9999999999999503,0.9334812364485334,0.9340542486953534,True
bayesian-phystwin-prob4d-controlled-decisive-trial,target-common_mode_bias-318520822,common_mode_bias,P3_explicit_gauge_persistent,True,inference-admissible,0.1222290800494781,0.6744605477155093,True,True,0.00706136357321453,0.00025017366894591094,0.00025017366894591094,False,False,0.9645714788153834,0.9645714788153834,1.0,0.0006158658831986851,0.9999999999998508,0.8297835014940342,0.9374010796550616,True
bayesian-phystwin-prob4d-controlled-decisive-trial,target-common_mode_bias-318520823,common_mode_bias,P3_explicit_gauge_persistent,True,inference-admissible,0.09106800127124752,0.6744605477155093,True,True,0.0030996312359180232,0.00017687227273009028,0.00017687227273009028,False,False,0.9429376402326435,0.9429376402326435,1.0,0.0006468271653283065,0.999999999997673,0.8731735141765513,0.9707879395561781,True
bayesian-phystwin-prob4d-controlled-decisive-trial,target-common_mode_bias-318520824,common_mode_bias,P3_explicit_gauge_persistent,True,inference-admissible,0.0888913536139298,0.6744605477155093,True,True,0.0035633836040291503,0.00029487488528162674,0.00029487488528162674,False,False,0.9172486271339945,0.9172486271339945,1.0,0.000636437197606956,0.9999999999991509,0.9315760690645367,0.8579671795786223,True
bayesian-phystwin-prob4d-controlled-decisive-trial,target-common_mode_bias-318520825,common_mode_bias,P3_explicit_gauge_persistent,True,inference-admissible,0.14337474079758644,0.6744605477155093,True,True,0.0042749463424532315,0.00024673025813038866,0.00024673025813038866,False,False,0.9422845953222423,0.9422845953222423,1.0,0.0006414415943814384,0.9999999999990337,0.844134054759896,0.8237208961725324,True
bayesian-phystwin-prob4d-controlled-decisive-trial,target-common_mode_bias-318520826,common_mode_bias,P3_explicit_gauge_persistent,True,inference-admissible,0.08461350460163893,0.6744605477155093,True,True,0.008328662380558656,0.00027468768470443526,0.00027468768470443526,False,False,0.9670189915074922,0.9670189915074922,1.0,0.000590257752510056,0.9999999999999716,0.9719034236595283,0.7966185101662216,True
bayesian-phystwin-prob4d-controlled-decisive-trial,target-common_mode_bias-318520827,common_mode_bias,P3_explicit_gauge_persistent,True,inference-admissible,0.1108311639583176,0.6744605477155093,True,True,0.005246726521101587,0.00018537976879154494,0.00018537976879154494,False,False,0.9646675373595376,0.9646675373595376,1.0,0.0006517893190755836,0.9999999999999787,0.8992973654004491,0.8428042978443139,True
bayesian-phystwin-prob4d-controlled-decisive-trial,target-common_mode_bias-318520828,common_mode_bias,P3_explicit_gauge_persistent,True,inference-admissible,0.07078824042858214,0.6744605477155093,True,True,0.004605293288079465,0.000485842138684565,0.000485842138684565,False,False,0.894503540101965,0.894503540101965,1.0,0.0006641550185037276,0.9999999999959073,0.9340248044801106,0.9221704577953418,True
bayesian-phystwin-prob4d-controlled-decisive-trial,target-common_mode_bias-318520829,common_mode_bias,P3_explicit_gauge_persistent,True,inference-admissible,0.15002865858588976,0.6744605477155093,True,True,0.004862837680346359,0.0003689287120765226,0.0003689287120765226,False,False,0.9241330399392962,0.9241330399392962,1.0,0.0006406365498152156,0.9999999999994422,0.8324938067237192,0.8157690763244082,True
bayesian-phystwin-prob4d-controlled-decisive-trial,target-common_mode_bias-318520830,common_mode_bias,P3_explicit_gauge_persistent,True,inference-admissible,0.05214087194388856,0.6744605477155093,True,True,0.0032574330022757158,0.0004175010375960912,0.0004175010375960912,False,False,0.871831274103131,0.871831274103131,1.0,0.0006467384999055667,0.9999999999361506,0.9473655051832047,0.9636328983089247,True
bayesian-phystwin-prob4d-controlled-decisive-trial,target-common_mode_bias-318520831,common_mode_bias,P3_explicit_gauge_persistent,True,inference-admissible,0.07680186173621628,0.6744605477155093,True,True,0.0010887427608259302,0.0001744973450736541,0.0001744973450736541,False,False,0.8397258274844658,0.8397258274844658,1.0,0.0006582484777790965,0.999999999990397,0.9440309057303242,0.8904803512943988,True
bayesian-phystwin-prob4d-controlled-decisive-trial,target-common_mode_bias-318520832,common_mode_bias,P3_explicit_gauge_persistent,True,inference-admissible,0.09586767999377127,0.6744605477155093,True,True,0.007016307626067638,0.0004980283551517823,0.0004980283551517823,False,False,0.9290184550487124,0.9290184550487124,1.0,0.000626289749862051,0.9999999999963656,0.8542684977833513,0.9964661519130013,True
bayesian-phystwin-prob4d-controlled-decisive-trial,target-common_mode_bias-318520833,common_mode_bias,P3_explicit_gauge_persistent,True,inference-admissible,0.06862324474406797,0.6744605477155093,True,True,0.008117973792514091,0.00026515771566374536,0.00026515771566374536,False,False,0.9673369584035542,0.9673369584035542,1.0,0.0006059795357130187,0.9999999999997335,0.9454120680905027,0.9175867694288804,True
bayesian-phystwin-prob4d-controlled-decisive-trial,target-common_mode_bias-318520834,common_mode_bias,P3_explicit_gauge_persistent,True,inference-admissible,0.11082114222157469,0.6744605477155093,True,True,0.009535587588571629,0.0004195612773759439,0.0004195612773759439,False,False,0.9560004799411851,0.9560004799411851,1.0,0.0006442245461041793,0.999999999999087,0.9115922143702594,0.8152601168924278,True
bayesian-phystwin-prob4d-controlled-decisive-trial,target-common_mode_bias-318520835,common_mode_bias,P3_explicit_gauge_persistent,True,inference-admissible,0.05453156232192579,0.6744605477155093,True,True,0.004994584972864126,0.00025059925024848237,0.00025059925024848237,False,False,0.9498258110313463,0.9498258110313463,1.0,0.0006183869249334391,0.9999999999998082,0.9686828208611493,0.9322310852542235,True
bayesian-phystwin-prob4d-controlled-decisive-trial,target-common_mode_bias-318520836,common_mode_bias,P3_explicit_gauge_persistent,True,inference-admissible,0.08219784888853941,0.6744605477155093,True,True,0.007844945270711508,0.00034707466111554014,0.00034707466111554014,False,False,0.9557581794214274,0.9557581794214274,1.0,0.00061137500071389,0.9999999999999929,0.9291444424394619,0.8895860668573234,True
bayesian-phystwin-prob4d-controlled-decisive-trial,target-common_mode_bias-318520837,common_mode_bias,P3_explicit_gauge_persistent,True,inference-admissible,0.09036792809199082,0.6744605477155093,True,True,0.00612137586202495,0.0003610286654215708,0.0003610286654215708,False,False,0.9410216471657497,0.9410216471657497,1.0,0.0005716974494469822,0.9999999999999893,0.9379909460972965,0.8322178466109302,True
bayesian-phystwin-prob4d-controlled-decisive-trial,target-common_mode_bias-318520838,common_mode_bias,P3_explicit_gauge_persistent,True,inference-admissible,0.16435924346993527,0.6744605477155093,True,True,0.002166868574363461,0.00029360836449424544,0.00029360836449424544,False,False,0.8645010740531434,0.8645010740531434,1.0,0.0006185153393613924,0.9999999999997264,0.8904115623873164,0.6457615478610417,True
bayesian-phystwin-prob4d-controlled-decisive-trial,target-common_mode_bias-318520839,common_mode_bias,P3_explicit_gauge_persistent,True,inference-admissible,0.10639036124382961,0.6744605477155093,True,True,0.0044778322534981445,0.00024211273450541144,0.00024211273450541144,False,False,0.9459308163417087,0.9459308163417087,1.0,0.0006328814327499549,0.9999999999986535,0.9288309263340218,0.7927043135365786,True
bayesian-phystwin-prob4d-controlled-decisive-trial,target-common_mode_bias-318520840,common_mode_bias,P3_explicit_gauge_persistent,True,inference-admissible,0.11694473753834449,0.6744605477155093,True,True,0.0013451416824888879,0.00018363532443605384,0.00018363532443605384,False,False,0.863482541038891,0.863482541038891,1.0,0.0006287157512352697,0.9999999999999822,0.9662502943800657,0.675473948248438,True
bayesian-phystwin-prob4d-controlled-decisive-trial,target-common_mode_bias-318520841,common_mode_bias,P3_explicit_gauge_persistent,True,inference-admissible,0.11155054218921723,0.6744605477155093,True,True,0.0073789945348718905,0.00013598711041569754,0.00013598711041569754,False,False,0.9815710514795688,0.9815710514795688,1.0,0.0007025947440972308,0.9999999999973674,0.9252985952002122,0.784437502011662,True
bayesian-phystwin-prob4d-controlled-decisive-trial,target-common_mode_bias-318520842,common_mode_bias,P3_explicit_gauge_persistent,True,inference-admissible,0.13077553029526717,0.6744605477155093,True,True,0.005111913919006046,0.0004861148001653853,0.0004861148001653853,False,False,0.9049055191719846,0.9049055191719846,1.0,0.0006413805982711357,0.9999999999966214,0.9317251084559371,0.7021230540788709,True
bayesian-phystwin-prob4d-controlled-decisive-trial,target-common_mode_bias-318520843,common_mode_bias,P3_explicit_gauge_persistent,True,inference-admissible,0.14298412330577487,0.6744605477155093,True,True,0.00773261081034473,0.0002091656749558909,0.0002091656749558909,False,False,0.9729501871895495,0.9729501871895495,1.0,0.0006638709258760576,0.9999999999993747,0.8486256897062838,0.8219940612287348,True
bayesian-phystwin-prob4d-controlled-decisive-trial,target-common_mode_bias-318520844,common_mode_bias,P3_explicit_gauge_persistent,True,inference-admissible,0.07893242506465532,0.6744605477155093,True,True,0.004234796979359111,0.0001448730100602476,0.0001448730100602476,False,False,0.9657898570424095,0.9657898570424095,1.0,0.0006026918749566904,0.9999999999999716,0.9152698762558564,0.9237739508282939,True
bayesian-phystwin-prob4d-controlled-decisive-trial,target-common_mode_bias-318520845,common_mode_bias,P3_explicit_gauge_persistent,True,inference-admissible,0.05050493867815698,0.6744605477155093,True,True,0.0028932142403625054,0.0003415051226785875,0.0003415051226785875,False,False,0.881963417048646,0.881963417048646,1.0,0.000606819973642704,0.9999999999999964,0.9669844581717921,0.9296835313721323,True
bayesian-phystwin-prob4d-controlled-decisive-trial,target-common_mode_bias-318520846,common_mode_bias,P3_explicit_gauge_persistent,True,inference-admissible,0.07624200321589794,0.6744605477155093,True,True,0.007520380728134806,0.0003115086263921495,0.0003115086263921495,False,False,0.9585780776727497,0.9585780776727497,1.0,0.0006033164161434484,0.999999999999936,0.9385035825962015,0.8892848476066373,True
bayesian-phystwin-prob4d-controlled-decisive-trial,target-common_mode_bias-318520847,common_mode_bias,P3_explicit_gauge_persistent,True,inference-admissible,0.08719705562480606,0.6744605477155093,True,True,0.008128999459310206,0.00022846284561528818,0.00022846284561528818,False,False,0.9718953301991393,0.9718953301991393,1.0,0.0006955532808443806,0.9999999999914166,0.9326440777000805,0.8718133665021955,True
bayesian-phystwin-prob4d-controlled-decisive-trial,target-common_mode_bias-318520848,common_mode_bias,P3_explicit_gauge_persistent,True,inference-admissible,0.11405352799624188,0.6744605477155093,True,True,0.0100899831848008,0.00019171971697752444,0.00019171971697752444,False,False,0.9809990053039608,0.9809990053039608,1.0,0.000577710114462144,0.9999999999984013,0.8774850690518695,0.8623396669097972,True
bayesian-phystwin-prob4d-controlled-decisive-trial,target-common_mode_bias-318520849,common_mode_bias,P3_explicit_gauge_persistent,True,inference-admissible,0.05465457163150659,0.6744605477155093,True,True,0.006939794695010641,0.0004432319072896444,0.0004432319072896444,False,False,0.9361318415358446,0.9361318415358446,1.0,0.0005975059040325815,0.9999999999989662,0.9465273094255691,0.9615512097518221,True
bayesian-phystwin-prob4d-controlled-decisive-trial,target-common_mode_bias-318520850,common_mode_bias,P3_explicit_gauge_persistent,True,inference-admissible,0.08820035400563464,0.6744605477155093,True,True,0.006434460220623743,0.00012700348285568338,0.00012700348285568338,False,False,0.9802619833675229,0.9802619833675229,1.0,0.0006538651746812049,0.9999999999995204,0.8862912352546726,0.9630307508343886,True
bayesian-phystwin-prob4d-controlled-decisive-trial,target-common_mode_bias-318520851,common_mode_bias,P3_explicit_gauge_persistent,True,inference-admissible,0.08868432164588856,0.6744605477155093,True,True,0.005729999140827842,0.0002981170192639614,0.0002981170192639614,False,False,0.9479725891859574,0.9479725891859574,1.0,0.0005979298853416554,1.0,0.9615026364972581,0.7978490183580013,True
bayesian-phystwin-prob4d-controlled-decisive-trial,target-common_mode_bias-318520852,common_mode_bias,P3_explicit_gauge_persistent,True,inference-admissible,0.10786604223591571,0.6744605477155093,True,True,0.005451392990131184,0.00013350172285841596,0.00013350172285841596,False,False,0.9755105304093654,0.9755105304093654,1.0,0.0005803047009228416,0.9999999999998792,0.9092094812579641,0.8278974418664933,True
bayesian-phystwin-prob4d-controlled-decisive-trial,target-common_mode_bias-318520853,common_mode_bias,P3_explicit_gauge_persistent,True,inference-admissible,0.09529968490075871,0.6744605477155093,True,True,0.00382477786440126,0.0006042429294413473,0.0006042429294413473,False,False,0.8420188175984602,0.8420188175984602,0.0,0.0005970074725152882,0.9999999999999964,0.8867050622638986,0.9268928915020286,True
bayesian-phystwin-prob4d-controlled-decisive-trial,target-common_mode_bias-318520854,common_mode_bias,P3_explicit_gauge_persistent,True,inference-admissible,0.17357735012124592,0.6744605477155093,True,True,0.008332760428439478,0.00020086140337627887,0.00020086140337627887,False,False,0.9758949744083912,0.9758949744083912,1.0,0.0005767305759882918,0.9999999999999787,0.7241305894056276,0.9245781266792382,True
bayesian-phystwin-prob4d-controlled-decisive-trial,target-common_mode_bias-318520855,common_mode_bias,P3_explicit_gauge_persistent,True,inference-admissible,0.1073834631391504,0.6744605477155093,True,True,0.00262642597372824,0.00028925717639513533,0.00028925717639513533,False,False,0.8898666174913996,0.8898666174913996,1.0,0.0006013858211498391,0.9999999999955378,0.9105590514653339,0.817563131400164,True
bayesian-phystwin-prob4d-controlled-decisive-trial,target-common_mode_bias-318520856,common_mode_bias,P3_explicit_gauge_persistent,True,inference-admissible,0.11436004592534933,0.6744605477155093,True,True,0.006480846803422644,0.00036188761716621817,0.00036188761716621817,False,False,0.9441604425867467,0.9441604425867467,1.0,0.0006270635184424364,0.9999999999993996,0.9160779110692238,0.7917090084373022,True
bayesian-phystwin-prob4d-controlled-decisive-trial,target-common_mode_bias-318520857,common_mode_bias,P3_explicit_gauge_persistent,True,inference-admissible,0.09153883963296877,0.6744605477155093,True,True,0.006523742223902663,0.00015448508906705757,0.00015448508906705757,False,False,0.9763195595771654,0.9763195595771654,1.0,0.0006815610572521175,0.9999999976040712,0.9396066783072314,0.8465633137920308,True
bayesian-phystwin-prob4d-controlled-decisive-trial,target-common_mode_bias-318520858,common_mode_bias,P3_explicit_gauge_persistent,True,inference-admissible,0.08940869814279997,0.6744605477155093,True,True,0.006415563427168445,0.00027583064574224003,0.00027583064574224003,False,False,0.957006013754901,0.957006013754901,1.0,0.0005782109846903697,0.9999999999999858,0.9428461846921028,0.8229107838196464,True
bayesian-phystwin-prob4d-controlled-decisive-trial,target-common_mode_bias-318520859,common_mode_bias,P3_explicit_gauge_persistent,True,inference-admissible,0.11383159430088935,0.6744605477155093,True,True,0.001288023918766599,0.0002015010605945633,0.0002015010605945633,False,False,0.8435579823800795,0.8435579823800795,1.0,0.0005884644409935073,0.9999999999999716,0.9048278304431225,0.8069114015350858,True
bayesian-phystwin-prob4d-controlled-decisive-trial,target-common_mode_bias-318520860,common_mode_bias,P3_explicit_gauge_persistent,True,inference-admissible,0.10438030729583163,0.6744605477155093,True,True,0.0032444129748338746,0.0002841861698947804,0.0002841861698947804,False,False,0.9124075226861859,0.9124075226861859,1.0,0.0005949289002055808,1.0,0.9343940434440138,0.7772638789197146,True
bayesian-phystwin-prob4d-controlled-decisive-trial,target-common_mode_bias-318520861,common_mode_bias,P3_explicit_gauge_persistent,True,inference-admissible,0.07806046132191737,0.6744605477155093,True,True,0.008344041886215398,0.00025011410891601267,0.00025011410891601267,False,False,0.9700248258186229,0.9700248258186229,1.0,0.0006254332725852003,0.9999999999637055,0.9348073011098678,0.8923333348390745,True
bayesian-phystwin-prob4d-controlled-decisive-trial,target-common_mode_bias-318520862,common_mode_bias,P3_explicit_gauge_persistent,True,inference-admissible,0.13485047509340883,0.6744605477155093,True,True,0.005270443916976497,0.0003333952314602041,0.0003333952314602041,False,False,0.936742476210341,0.936742476210341,1.0,0.0006897802307134299,0.9999999999676774,0.9420575579651144,0.6640032048415597,True
bayesian-phystwin-prob4d-controlled-decisive-trial,target-common_mode_bias-318520863,common_mode_bias,P3_explicit_gauge_persistent,True,inference-admissible,0.04977356003569268,0.6744605477155093,True,True,0.006611376573394591,0.00010754210222290254,0.00010754210222290254,False,False,0.9837337805479616,0.9837337805479616,1.0,0.0006248474757223752,0.9999999999988418,0.9748491011199001,0.9170809040549596,True
bayesian-phystwin-prob4d-controlled-decisive-trial,target-common_mode_bias-318520864,common_mode_bias,P3_explicit_gauge_persistent,True,inference-admissible,0.049347725920609736,0.6744605477155093,True,True,0.005668348769646425,0.00019386278053374188,0.00019386278053374188,False,False,0.9657990733435702,0.9657990733435702,1.0,0.0006126511590183633,0.9999999999991189,0.96328395823936,0.9536798929426864,True
bayesian-phystwin-prob4d-controlled-decisive-trial,target-common_mode_bias-318520865,common_mode_bias,P3_explicit_gauge_persistent,True,inference-admissible,0.11000604168697514,0.6744605477155093,True,True,0.005960685588147554,0.00028346086037527886,0.00028346086037527886,False,False,0.9524449232922262,0.9524449232922262,1.0,0.0006603919446494418,0.9999999999998614,0.9266305793062476,0.79083003480017,True
bayesian-phystwin-prob4d-controlled-decisive-trial,target-common_mode_bias-318520866,common_mode_bias,P3_explicit_gauge_persistent,True,inference-admissible,0.04796484972719947,0.6744605477155093,True,True,0.008269995405680141,0.00017758104652132307,0.00017758104652132307,False,False,0.9785270682980847,0.9785270682980847,1.0,0.0006384722530428935,0.9999999999999432,0.9561852340926313,0.9718360157381407,True
bayesian-phystwin-prob4d-controlled-decisive-trial,target-common_mode_bias-318520867,common_mode_bias,P3_explicit_gauge_persistent,True,inference-admissible,0.10711737934447965,0.6744605477155093,True,True,0.0098135573893855,0.00018448623622204055,0.00018448623622204055,False,False,0.9812008806896484,0.9812008806896484,1.0,0.0006106345478630745,0.9999999999965823,0.9759644025297586,0.6982515625725176,True
bayesian-phystwin-prob4d-controlled-decisive-trial,target-outlier_groups-318620804,outlier_groups,P3_explicit_gauge_persistent,True,inference-admissible,0.7238744689368517,0.6744605477155093,False,True,0.007023840494156033,0.0006740643817358391,0.007023840494156033,False,False,0.9040319349084488,0.0,0.0,0.000733540555864469,0.7501568722750918,0.8878807918550573,0.819812326421344,False
bayesian-phystwin-prob4d-controlled-decisive-trial,target-outlier_groups-318620805,outlier_groups,P3_explicit_gauge_persistent,True,inference-admissible,0.11372320127227878,0.6744605477155093,True,True,0.004209501043148014,0.0005112041104275598,0.0005112041104275598,False,False,0.8785594527266672,0.8785594527266672,1.0,0.0006004683338763604,0.9999999999989271,0.9276197932177086,0.7647824616227712,True
bayesian-phystwin-prob4d-controlled-decisive-trial,target-outlier_groups-318620806,outlier_groups,P3_explicit_gauge_persistent,True,inference-admissible,0.6008412545345632,0.6744605477155093,True,True,0.005482039982217522,0.0003016499783344902,0.0003016499783344902,False,False,0.9449748671456295,0.9449748671456295,1.0,0.001032752679908289,0.5006684220077011,0.9462950471656952,0.8217520938712519,True
bayesian-phystwin-prob4d-controlled-decisive-trial,target-outlier_groups-318620807,outlier_groups,P3_explicit_gauge_persistent,True,inference-admissible,0.07222898335656373,0.6744605477155093,True,True,0.0027870019818157657,0.00018526499373477647,0.00018526499373477647,False,False,0.9335253455348912,0.9335253455348912,1.0,0.000688829945656886,0.9999999999879812,0.9646816978354402,0.8655708848102576,True
bayesian-phystwin-prob4d-controlled-decisive-trial,target-outlier_groups-318620808,outlier_groups,P3_explicit_gauge_persistent,True,inference-admissible,0.3366550893848821,0.6744605477155093,True,True,0.0035276871034583754,0.0003583499599980956,0.0003583499599980956,False,False,0.8984178728190528,0.8984178728190528,1.0,0.0007080188845723505,0.7503046124998924,0.9511372313284819,0.845583365610183,True
bayesian-phystwin-prob4d-controlled-decisive-trial,target-outlier_groups-318620809,outlier_groups,P3_explicit_gauge_persistent,True,inference-admissible,0.33320662818047453,0.6744605477155093,True,True,0.005699417962161836,0.00047691818482431476,0.00047691818482431476,False,False,0.9163215984525873,0.9163215984525873,1.0,0.0007232334929267531,0.7503342517316949,0.9597144881452736,0.8384690251961936,True
bayesian-phystwin-prob4d-controlled-decisive-trial,target-outlier_groups-318620810,outlier_groups,P3_explicit_gauge_persistent,True,inference-admissible,0.08498121270191249,0.6744605477155093,True,True,0.008394459291973952,0.0002685982872788219,0.0002685982872788219,False,False,0.968002907878101,0.968002907878101,1.0,0.0006090038640700279,0.9999999999986784,0.8772075537241889,0.9728715652365422,True
bayesian-phystwin-prob4d-controlled-decisive-trial,target-outlier_groups-318620811,outlier_groups,P3_explicit_gauge_persistent,True,inference-admissible,0.3215842762573221,0.6744605477155093,True,True,0.004938773239930861,0.00027515228522865723,0.00027515228522865723,False,False,0.9442873215955732,0.9442873215955732,1.0,0.0007113269336396563,0.7501727500959596,0.9807827889434906,0.844254791382942,True
bayesian-phystwin-prob4d-controlled-decisive-trial,target-outlier_groups-318620812,outlier_groups,P3_explicit_gauge_persistent,True,inference-admissible,0.3266357636638797,0.6744605477155093,True,True,0.006473374229803501,0.0003649651093316982,0.0003649651093316982,False,False,0.943620576167002,0.943620576167002,1.0,0.0008698473633118236,0.7502171938248772,0.9585006069483797,0.8953934029412574,True
bayesian-phystwin-prob4d-controlled-decisive-trial,target-outlier_groups-318620813,outlier_groups,P3_explicit_gauge_persistent,True,inference-admissible,0.10281018311238943,0.6744605477155093,True,True,0.0033354537764697986,0.0002792818804064552,0.0002792818804064552,False,False,0.9162687001161073,0.9162687001161073,1.0,0.00069609617182597,0.999999999932836,0.9286096099537341,0.833201793144741,True
bayesian-phystwin-prob4d-controlled-decisive-trial,target-outlier_groups-318620814,outlier_groups,P3_explicit_gauge_persistent,True,inference-admissible,0.31704556852269716,0.6744605477155093,True,True,0.0014098529851265733,0.00023059642278621984,0.00023059642278621984,False,False,0.8364393839507192,0.8364393839507192,1.0,0.000647856580516056,0.7503187203896551,0.9372532249073916,0.9423342233812501,True
bayesian-phystwin-prob4d-controlled-decisive-trial,target-outlier_groups-318620815,outlier_groups,P3_explicit_gauge_persistent,True,inference-admissible,0.3611078840207028,0.6744605477155093,True,True,0.004353631756905266,0.0005081107634046344,0.0005081107634046344,False,False,0.8832903672666566,0.8832903672666566,1.0,0.0007624237756355557,0.7503237578301731,0.9067093701873417,0.8425295609176675,True
bayesian-phystwin-prob4d-controlled-decisive-trial,target-outlier_groups-318620816,outlier_groups,P3_explicit_gauge_persistent,True,inference-admissible,0.4513581541485094,0.6744605477155093,True,True,0.0032225117487154876,0.0003724980374525937,0.0003724980374525937,False,False,0.8844075471249799,0.8844075471249799,1.0,0.00101329791886814,0.7503373938194957,0.7941806242477284,0.7467897124218528,True
bayesian-phystwin-prob4d-controlled-decisive-trial,target-outlier_groups-318620817,outlier_groups,P3_explicit_gauge_persistent,True,inference-admissible,0.31629411866804547,0.6744605477155093,True,True,0.005714529967902613,0.00017187320630598297,0.00017187320630598297,False,False,0.969923474498977,0.969923474498977,1.0,0.0005961130399724325,0.750321089633869,0.9803956542323985,0.84928339814086,True
bayesian-phystwin-prob4d-controlled-decisive-trial,target-outlier_groups-318620818,outlier_groups,P3_explicit_gauge_persistent,True,inference-admissible,0.35202214671589305,0.6744605477155093,True,True,0.003991418654500563,0.0001755466547801031,0.0001755466547801031,False,False,0.9560189822277441,0.9560189822277441,1.0,0.0006166780815618605,0.7503438367999757,0.9207955979814573,0.8201772812088861,True
bayesian-phystwin-prob4d-controlled-decisive-trial,target-outlier_groups-318620819,outlier_groups,P3_explicit_gauge_persistent,True,inference-admissible,0.5860597873491401,0.6744605477155093,True,True,0.006028005342670893,0.00014163782200676543,0.00014163782200676543,False,False,0.9765033682030533,0.9765033682030533,1.0,0.0009974537380555994,0.5006589454266109,0.9278842646196013,0.9363107411403911,True
bayesian-phystwin-prob4d-controlled-decisive-trial,target-outlier_groups-318620820,outlier_groups,P3_explicit_gauge_persistent,True,inference-admissible,0.3341529098185735,0.6744605477155093,True,True,0.007864563062623916,0.0003059090249561763,0.0003059090249561763,False,False,0.961102858160042,0.961102858160042,1.0,0.000615524065835109,0.7503287291985729,0.9613061679489543,0.8147948476359334,True
bayesian-phystwin-prob4d-controlled-decisive-trial,target-outlier_groups-318620821,outlier_groups,P3_explicit_gauge_persistent,True,inference-admissible,0.631273403923331,0.6744605477155093,True,True,0.005185284027451402,0.0005004829535453194,0.0005004829535453194,False,False,0.903480127434541,0.903480127434541,1.0,0.0008418846168006294,0.5006714162076875,0.9124817615561164,0.767679072720296,True
bayesian-phystwin-prob4d-controlled-decisive-trial,target-outlier_groups-318620822,outlier_groups,P3_explicit_gauge_persistent,True,inference-admissible,0.10174352575045915,0.6744605477155093,True,True,0.004383958785774099,0.00028326985381826517,0.00028326985381826517,False,False,0.9353849185951582,0.9353849185951582,1.0,0.0006329919730856681,0.9999999999998934,0.9071373286311464,0.8570087432103579,True
bayesian-phystwin-prob4d-controlled-decisive-trial,target-outlier_groups-318620823,outlier_groups,P3_explicit_gauge_persistent,True,inference-admissible,0.33664016707537264,0.6744605477155093,True,True,0.008786778929080493,0.0004989302546800473,0.0004989302546800473,False,False,0.9432180712970027,0.9432180712970027,1.0,0.0008457738412670999,0.7503318447346977,0.9340553116884942,0.8950625339502207,True
bayesian-phystwin-prob4d-controlled-decisive-trial,target-outlier_groups-318620824,outlier_groups,P3_explicit_gauge_persistent,True,inference-admissible,0.06786961693036599,0.6744605477155093,True,True,0.0029386787390966434,0.00041260066826188317,0.00041260066826188317,False,False,0.8595965381405667,0.8595965381405667,1.0,0.000637574402007075,0.9999999999994635,0.9412770070281262,0.9353887388481893,True
bayesian-phystwin-prob4d-controlled-decisive-trial,target-outlier_groups-318620825,outlier_groups,P3_explicit_gauge_persistent,True,inference-admissible,0.3365192891142175,0.6744605477155093,True,True,0.005846805819354886,0.00013301697004685013,0.00013301697004685013,False,False,0.9772496343889993,0.9772496343889993,1.0,0.0006552230996821946,0.7503132499405244,0.9485248232458363,0.8525386696661592,True
bayesian-phystwin-prob4d-controlled-decisive-trial,target-outlier_groups-318620826,outlier_groups,P3_explicit_gauge_persistent,True,inference-admissible,0.10433530773121445,0.6744605477155093,True,True,0.006761264262104678,0.0001667112545337817,0.0001667112545337817,False,False,0.9753431831575997,0.9753431831575997,1.0,0.000563962977876811,0.9999999999999858,0.9372844359201522,0.7914063766036817,True
bayesian-phystwin-prob4d-controlled-decisive-trial,target-outlier_groups-318620827,outlier_groups,P3_explicit_gauge_persistent,True,inference-admissible,0.3510992511222068,0.6744605477155093,True,True,0.007094242189008854,0.00017837649388967238,0.00017837649388967238,False,False,0.9748561595252511,0.9748561595252511,1.0,0.0007331044624403772,0.750329200313951,0.8828569800173407,0.9239880563296392,True
bayesian-phystwin-prob4d-controlled-decisive-trial,target-outlier_groups-318620828,outlier_groups,P3_explicit_gauge_persistent,True,inference-admissible,0.3565333094050688,0.6744605477155093,True,True,0.009541211456635394,0.00026724064799731067,0.00026724064799731067,False,False,0.9719909102516054,0.9719909102516054,1.0,0.0007695395417849252,0.750338726521809,0.9280612225890578,0.8015827781771638,True
bayesian-phystwin-prob4d-controlled-decisive-trial,target-outlier_groups-318620829,outlier_groups,P3_explicit_gauge_persistent,True,inference-admissible,0.09404902265141771,0.6744605477155093,True,True,0.007783334249463878,0.0003504467205039267,0.0003504467205039267,False,False,0.9549747307167149,0.9549747307167149,1.0,0.0006159604419263949,0.9999999999999325,0.9699487698374921,0.752539266593329,True
bayesian-phystwin-prob4d-controlled-decisive-trial,target-outlier_groups-318620830,outlier_groups,P3_explicit_gauge_persistent,True,inference-admissible,0.11715965185269768,0.6744605477155093,True,True,0.009013578109553708,0.00018682965301173346,0.00018682965301173346,False,False,0.9792724209253029,0.9792724209253029,1.0,0.000592896648690216,0.9999999999999041,0.9263768010449266,0.7415580612285472,True
bayesian-phystwin-prob4d-controlled-decisive-trial,target-outlier_groups-318620831,outlier_groups,P3_explicit_gauge_persistent,True,inference-admissible,0.5937121370614877,0.6744605477155093,True,True,0.004055062535084113,0.0004295551558519087,0.0004295551558519087,False,False,0.8940694127068503,0.8940694127068503,1.0,0.0009309072995581552,0.5006372067112007,0.9364497410819613,0.8668383882933649,True
bayesian-phystwin-prob4d-controlled-decisive-trial,target-outlier_groups-318620832,outlier_groups,P3_explicit_gauge_persistent,True,inference-admissible,0.12229322041283976,0.6744605477155093,True,True,0.002614853293663056,0.00024211522600716006,0.00024211522600716006,False,False,0.9074077208867082,0.9074077208867082,1.0,0.0006417727919960577,0.9999999999940883,0.9352000831722188,0.7150624574975802,True
bayesian-phystwin-prob4d-controlled-decisive-trial,target-outlier_groups-318620833,outlier_groups,P3_explicit_gauge_persistent,True,inference-admissible,0.31824189029930017,0.6744605477155093,True,True,0.006288378144585268,0.00030842836712493686,0.00030842836712493686,False,False,0.9509526367477574,0.9509526367477574,1.0,0.0008934931067290401,0.7503132256330641,0.9662280973714656,0.9040139879010741,True
bayesian-phystwin-prob4d-controlled-decisive-trial,target-outlier_groups-318620834,outlier_groups,P3_explicit_gauge_persistent,True,inference-admissible,0.3729470871900524,0.6744605477155093,True,True,0.004684203327899956,0.00023872791456553883,0.00023872791456553883,False,False,0.9490355354252809,0.9490355354252809,1.0,0.0008227405010878894,0.750332004991015,0.8836772828264203,0.852805956287428,True
bayesian-phystwin-prob4d-controlled-decisive-trial,target-outlier_groups-318620835,outlier_groups,P3_explicit_gauge_persistent,True,inference-admissible,0.12896204867122069,0.6744605477155093,True,True,0.007868065380772645,8.02114200703525e-05,8.02114200703525e-05,False,False,0.9898054456605855,0.9898054456605855,1.0,0.0006690169363685125,0.9999999999994493,0.8667848497738587,0.833239192932499,True
bayesian-phystwin-prob4d-controlled-decisive-trial,target-outlier_groups-318620836,outlier_groups,P3_explicit_gauge_persistent,True,inference-admissible,0.08774000707656948,0.6744605477155093,True,True,0.006350347350129486,0.0005250647606184232,0.0005250647606184232,False,False,0.9173171589412795,0.9173171589412795,1.0,0.0006696942553101609,0.9999999999864322,0.9717853131288285,0.7891925598815318,True
bayesian-phystwin-prob4d-controlled-decisive-trial,target-outlier_groups-318620837,outlier_groups,P3_explicit_gauge_persistent,True,inference-admissible,0.574405272277478,0.6744605477155093,True,True,0.0008354583458070945,0.0006430146740345024,0.0006430146740345024,False,False,0.23034502287086733,0.23034502287086733,1.0,0.0009933781672702285,0.5006818030317,0.9617156885016694,0.9026471164359053,True
bayesian-phystwin-prob4d-controlled-decisive-trial,target-outlier_groups-318620838,outlier_groups,P3_explicit_gauge_persistent,True,inference-admissible,0.5887512416305605,0.6744605477155093,True,True,0.004915684377988328,0.0002894861471771397,0.0002894861471771397,False,False,0.9411096960428513,0.9411096960428513,1.0,0.0008585412601579313,0.5006725288306062,0.8919069172490625,0.9616462623064548,True
bayesian-phystwin-prob4d-controlled-decisive-trial,target-outlier_groups-318620839,outlier_groups,P3_explicit_gauge_persistent,True,inference-admissible,0.3268704816560527,0.6744605477155093,True,True,0.0022628799646034056,0.0004274793391401266,0.0004274793391401266,False,False,0.8110905811059903,0.8110905811059903,1.0,0.0006186366645268346,0.7503407147508905,0.9613457698097161,0.8492903123486051,True
bayesian-phystwin-prob4d-controlled-decisive-trial,target-outlier_groups-318620840,outlier_groups,P3_explicit_gauge_persistent,True,inference-admissible,0.590923486474112,0.6744605477155093,True,True,0.005601483911017078,0.0003873348470377971,0.0003873348470377971,False,False,0.9308513863128337,0.9308513863128337,1.0,0.0008019555785544419,0.5006445484411496,0.961738247158096,0.8037758887100968,True
bayesian-phystwin-prob4d-controlled-decisive-trial,target-outlier_groups-318620841,outlier_groups,P3_explicit_gauge_persistent,True,inference-admissible,0.30390226466206244,0.6744605477155093,True,True,0.005069787761840298,0.00025522838003275177,0.00025522838003275177,False,False,0.9496569892030143,0.9496569892030143,1.0,0.0007063435487218656,0.7503504795804192,0.9682525559725252,0.9524096472273813,True
bayesian-phystwin-prob4d-controlled-decisive-trial,target-outlier_groups-318620842,outlier_groups,P3_explicit_gauge_persistent,True,inference-admissible,0.3442336566633768,0.6744605477155093,True,True,0.0024374765926138907,0.0001797450080052585,0.0001797450080052585,False,False,0.9262577501052003,0.9262577501052003,1.0,0.0006696970931556163,0.7503193559894992,0.8775388464739075,0.9515575829078173,True
bayesian-phystwin-prob4d-controlled-decisive-trial,target-outlier_groups-318620843,outlier_groups,P3_explicit_gauge_persistent,True,inference-admissible,0.07738343639843104,0.6744605477155093,True,True,0.01096661810052434,0.00036969805896503783,0.00036969805896503783,False,False,0.9662887815025344,0.9662887815025344,1.0,0.0006078455791895949,0.9999999999998757,0.9266272059887719,0.9103798256113038,True
bayesian-phystwin-prob4d-controlled-decisive-trial,target-outlier_groups-318620844,outlier_groups,P3_explicit_gauge_persistent,True,inference-admissible,0.37877086971142676,0.6744605477155093,True,True,0.008060665055709676,0.0003258022735332584,0.0003258022735332584,False,False,0.9595812167753478,0.9595812167753478,1.0,0.0007177893309999699,0.7503406436524345,0.8990070715889593,0.7700832926290533,True
bayesian-phystwin-prob4d-controlled-decisive-trial,target-outlier_groups-318620845,outlier_groups,P3_explicit_gauge_persistent,True,inference-admissible,0.6659873182975639,0.6744605477155093,True,True,0.0034769856246215616,7.002654650866236e-05,7.002654650866236e-05,False,False,0.9798599838858166,0.9798599838858166,1.0,0.0007835093952321265,0.7501650718777535,0.9342639724026784,0.9679366482760332,False
bayesian-phystwin-prob4d-controlled-decisive-trial,target-outlier_groups-318620846,outlier_groups,P3_explicit_gauge_persistent,True,inference-admissible,0.4139382598760841,0.6744605477155093,True,True,0.0022690001527822384,0.00025825840477476544,0.00025825840477476544,False,False,0.8861796441670178,0.8861796441670178,1.0,0.0008081577763383627,0.7501775429619122,0.9230369686155112,0.5945449535506542,True
bayesian-phystwin-prob4d-controlled-decisive-trial,target-outlier_groups-318620847,outlier_groups,P3_explicit_gauge_persistent,True,inference-admissible,0.5988925671209611,0.6744605477155093,True,True,0.005223493703635257,0.0003202832186036534,0.0003202832186036534,False,False,0.9386840998045515,0.9386840998045515,1.0,0.0010763495660357466,0.5006721691173929,0.9309381789083382,0.8794194094477874,True
bayesian-phystwin-prob4d-controlled-decisive-trial,target-outlier_groups-318620848,outlier_groups,P3_explicit_gauge_persistent,True,inference-admissible,0.3806619960821675,0.6744605477155093,True,True,0.008769605870200436,0.00024798474311795007,0.00024798474311795007,False,False,0.9717222476370786,0.9717222476370786,1.0,0.0006784366787533458,0.7501573174734288,0.9303701261518998,0.7027553196772973,True
bayesian-phystwin-prob4d-controlled-decisive-trial,target-outlier_groups-318620849,outlier_groups,P3_explicit_gauge_persistent,True,inference-admissible,0.08258104232379831,0.6744605477155093,True,True,0.0025200222035358507,0.00023297909726650536,0.00023297909726650536,False,False,0.9075487918560353,0.9075487918560353,1.0,0.0006445780351736082,0.999999999999627,0.9089451366711586,0.951233298907791,True
bayesian-phystwin-prob4d-controlled-decisive-trial,target-outlier_groups-318620850,outlier_groups,P3_explicit_gauge_persistent,True,inference-admissible,0.33544845014512203,0.6744605477155093,True,True,0.0068105593255386775,0.0004455825749792046,0.0004455825749792046,False,False,0.9345747458203132,0.9345747458203132,1.0,0.0007492502592432001,0.7503306993398559,0.9555175757670976,0.8352751975738905,True
bayesian-phystwin-prob4d-controlled-decisive-trial,target-outlier_groups-318620851,outlier_groups,P3_explicit_gauge_persistent,True,inference-admissible,0.07222669671149379,0.6744605477155093,True,True,0.008308912834170488,0.00014918983074010833,0.00014918983074010833,False,False,0.9820446027395349,0.9820446027395349,1.0,0.0006702035221383008,0.9999999999971969,0.962440047003418,0.8678078223856038,True
bayesian-phystwin-prob4d-controlled-decisive-trial,target-outlier_groups-318620852,outlier_groups,P3_explicit_gauge_persistent,True,inference-admissible,0.29630948764656445,0.6744605477155093,True,True,0.00815946170854626,0.000556766517907447,0.000556766517907447,False,False,0.9317643077699247,0.9317643077699247,1.0,0.0007328537815144738,0.7503246102525324,0.9749704209563996,0.9675324797353957,True
bayesian-phystwin-prob4d-controlled-decisive-trial,target-outlier_groups-318620853,outlier_groups,P3_explicit_gauge_persistent,True,inference-admissible,0.3376234949066015,0.6744605477155093,True,True,0.00522498249783747,0.00029687992884718493,0.00029687992884718493,False,False,0.9431806845343389,0.9431806845343389,1.0,0.0007107266618569566,0.750339659583031,0.9370555749982782,0.8620965582339751,True
bayesian-phystwin-prob4d-controlled-decisive-trial,target-outlier_groups-318620854,outlier_groups,P3_explicit_gauge_persistent,True,inference-admissible,0.329089181455962,0.6744605477155093,True,True,0.0046747177540388115,0.00016948498850594785,0.00016948498850594785,False,False,0.963744337642734,0.963744337642734,1.0,0.0006660398275208039,0.7503222845196449,0.9670585217185022,0.8208744322762479,True
bayesian-phystwin-prob4d-controlled-decisive-trial,target-outlier_groups-318620855,outlier_groups,P3_explicit_gauge_persistent,True,inference-admissible,0.34201037790004607,0.6744605477155093,True,True,0.007766580735628449,0.0004300673898878763,0.0004300673898878763,False,False,0.9446259036598972,0.9446259036598972,1.0,0.000671080206723445,0.750352854303111,0.9619711043475073,0.7894038789403535,True
bayesian-phystwin-prob4d-controlled-decisive-trial,target-outlier_groups-318620856,outlier_groups,P3_explicit_gauge_persistent,True,inference-admissible,0.15127792116990413,0.6744605477155093,True,True,0.00723967364554318,0.00020303149750042565,0.00020303149750042565,False,False,0.9719557113426772,0.9719557113426772,1.0,0.00071704929032426,0.9999999999951861,0.8512000481895042,0.7849721104695018,True
bayesian-phystwin-prob4d-controlled-decisive-trial,target-outlier_groups-318620857,outlier_groups,P3_explicit_gauge_persistent,True,inference-admissible,0.10698731051248746,0.6744605477155093,True,True,0.005611865404624781,5.9195331451312866e-05,5.9195331451312866e-05,False,False,0.9894517549543278,0.9894517549543278,1.0,0.0006143515496313573,0.9999999999998224,0.9103538620288146,0.8195922083352186,True
bayesian-phystwin-prob4d-controlled-decisive-trial,target-outlier_groups-318620858,outlier_groups,P3_explicit_gauge_persistent,True,inference-admissible,0.36004633044453166,0.6744605477155093,True,True,0.004501614660123775,0.00044785501623109057,0.00044785501623109057,False,False,0.9005123605540292,0.9005123605540292,1.0,0.0005866114382871577,0.7503293378840247,0.9358588947539851,0.767398835860563,True
bayesian-phystwin-prob4d-controlled-decisive-trial,target-outlier_groups-318620859,outlier_groups,P3_explicit_gauge_persistent,True,inference-admissible,0.6393562522317983,0.6744605477155093,True,True,0.006392628308591071,0.00017211185104435507,0.00017211185104435507,False,False,0.9730765120798509,0.9730765120798509,1.0,0.00088320014159922,0.500641300150595,0.9500285271228934,0.6483925747571647,True
bayesian-phystwin-prob4d-controlled-decisive-trial,target-outlier_groups-318620860,outlier_groups,P3_explicit_gauge_persistent,True,inference-admissible,0.6009335853887534,0.6744605477155093,True,True,0.005726351765468711,0.00028925018669014095,0.00028925018669014095,False,False,0.9494878766557113,0.9494878766557113,1.0,0.0010714214146563597,0.5006381977031518,0.8996188711434353,0.9345162225779815,True
bayesian-phystwin-prob4d-controlled-decisive-trial,target-outlier_groups-318620861,outlier_groups,P3_explicit_gauge_persistent,True,inference-admissible,0.6029988806599383,0.6744605477155093,True,True,0.004273625823784311,0.0005377804202434769,0.0005377804202434769,False,False,0.8741629608164267,0.8741629608164267,1.0,0.000862479611476649,0.5006724597503919,0.9304096124628316,0.8343153121861494,True
bayesian-phystwin-prob4d-controlled-decisive-trial,target-outlier_groups-318620862,outlier_groups,P3_explicit_gauge_persistent,True,inference-admissible,0.7153902420837257,0.6744605477155093,False,True,0.009887514540903426,0.0008177736731253653,0.009887514540903426,False,False,0.917292291228262,0.0,1.0,0.0010016068520515237,0.7502541964768117,0.9142289265669139,0.8313667592672306,False
bayesian-phystwin-prob4d-controlled-decisive-trial,target-outlier_groups-318620863,outlier_groups,P3_explicit_gauge_persistent,True,inference-admissible,0.3750947463180187,0.6744605477155093,True,True,0.00308407611467401,0.00048193153056806876,0.00048193153056806876,False,False,0.8437355264109591,0.8437355264109591,1.0,0.0007518894901561327,0.7502991948542549,0.9445688616473953,0.7227007066079649,True
bayesian-phystwin-prob4d-controlled-decisive-trial,target-outlier_groups-318620864,outlier_groups,P3_explicit_gauge_persistent,True,inference-admissible,0.6149348172737178,0.6744605477155093,True,True,0.0018251786450019201,0.0004116223590956771,0.0004116223590956771,False,False,0.7744755779261027,0.7744755779261027,1.0,0.0007450819618908874,0.5007250346527112,0.9098434809035143,0.8052859252807122,True
bayesian-phystwin-prob4d-controlled-decisive-trial,target-outlier_groups-318620865,outlier_groups,P3_explicit_gauge_persistent,True,inference-admissible,0.3412338117919658,0.6744605477155093,True,True,0.0026002370655815923,0.00026304010817314923,0.00026304010817314923,False,False,0.8988399513048572,0.8988399513048572,1.0,0.0006843294183858951,0.7503364306351185,0.9128199804122945,0.8937223135917431,True
bayesian-phystwin-prob4d-controlled-decisive-trial,target-outlier_groups-318620866,outlier_groups,P3_explicit_gauge_persistent,True,inference-admissible,0.692299573596855,0.6744605477155093,False,True,0.006381164470297762,0.00040109376580953405,0.006381164470297762,False,False,0.9371441109727707,0.0,1.0,0.0007594314340893448,0.7502434864918304,0.9472622614726565,0.837737597320024,False
bayesian-phystwin-prob4d-controlled-decisive-trial,target-outlier_groups-318620867,outlier_groups,P3_explicit_gauge_persistent,True,inference-admissible,1.0436938518798873,0.6744605477155093,False,True,0.00525994850751076,0.0002186045837139945,0.00525994850751076,False,False,0.9584397863587741,0.0,1.0,0.0010073166498807326,0.5008053986122207,0.9084916208723723,0.5412720689318172,False
bayesian-phystwin-prob4d-controlled-decisive-trial,target-weak_identifiability-318720804,weak_identifiability,P3_explicit_gauge_persistent,True,inference-admissible,0.6427885111455724,0.6744605477155093,True,True,0.010832019976097715,0.0006493713879069905,0.0006493713879069905,False,False,0.9400507579066587,0.9400507579066587,1.0,0.00234913975200442,0.9999999999997762,0.06095794474899412,0.5878359460518173,True
bayesian-phystwin-prob4d-controlled-decisive-trial,target-weak_identifiability-318720805,weak_identifiability,P3_explicit_gauge_persistent,True,inference-admissible,0.617372607213298,0.6744605477155093,True,True,0.011429269540722637,0.0008700043326622296,0.0008700043326622296,False,False,0.9238792707125865,0.9238792707125865,1.0,0.0024177433645927835,0.9999999999998934,0.06048516899298158,0.720510344799528,True
bayesian-phystwin-prob4d-controlled-decisive-trial,target-weak_identifiability-318720806,weak_identifiability,P3_explicit_gauge_persistent,True,inference-admissible,0.6468247578070743,0.6744605477155093,True,True,0.007758338809505293,0.0019465046462910536,0.0019465046462910536,False,False,0.749108063712524,0.749108063712524,1.0,0.0024480905830719583,0.9999999999943547,0.059746143804697706,0.6009032110931697,True
bayesian-phystwin-prob4d-controlled-decisive-trial,target-weak_identifiability-318720807,weak_identifiability,P3_explicit_gauge_persistent,True,inference-admissible,0.6197760836640267,0.6744605477155093,True,True,0.008992024054404513,0.001104426462011796,0.001104426462011796,False,False,0.8771771010253447,0.8771771010253447,1.0,0.002316141871913362,0.9999999999994351,0.05955867974711827,0.6984126497421382,True
bayesian-phystwin-prob4d-controlled-decisive-trial,target-weak_identifiability-318720808,weak_identifiability,P3_explicit_gauge_persistent,True,inference-admissible,0.6110238433526154,0.6744605477155093,True,True,0.004375259120309621,0.0009608371858060495,0.0009608371858060495,False,False,0.7803930785845538,0.7803930785845538,1.0,0.002216239592148061,0.9999999999999716,0.05951372972286969,0.7342102975626725,True
bayesian-phystwin-prob4d-controlled-decisive-trial,target-weak_identifiability-318720809,weak_identifiability,P3_explicit_gauge_persistent,True,inference-admissible,0.6515516299744696,0.6744605477155093,True,True,0.011759734922268361,0.0012281838103641242,0.0012281838103641242,False,False,0.8955602470223694,0.8955602470223694,1.0,0.0023897715107637552,0.9999999999982165,0.058225883963295304,0.593832740061783,True
bayesian-phystwin-prob4d-controlled-decisive-trial,target-weak_identifiability-318720810,weak_identifiability,P3_explicit_gauge_persistent,True,inference-admissible,0.6372101296580945,0.6744605477155093,True,True,0.002438066949580228,0.0008039959350654637,0.0008039959350654637,False,False,0.6702322160579344,0.6702322160579344,1.0,0.0022652621769173368,0.9999999999999822,0.06006659167941858,0.6110867026851872,True
bayesian-phystwin-prob4d-controlled-decisive-trial,target-weak_identifiability-318720811,weak_identifiability,P3_explicit_gauge_persistent,True,inference-admissible,0.6424088530197558,0.6744605477155093,True,True,0.004100492522023597,0.0008497254168575611,0.0008497254168575611,False,False,0.7927747917369153,0.7927747917369153,1.0,0.0024039659396859875,0.9999999999996625,0.061404597210841606,0.6125562502420543,True
bayesian-phystwin-prob4d-controlled-decisive-trial,target-weak_identifiability-318720812,weak_identifiability,P3_explicit_gauge_persistent,True,inference-admissible,0.5826046388893311,0.6744605477155093,True,True,0.008504625643186065,0.0006187919583977502,0.0006187919583977502,False,False,0.9272405412819636,0.9272405412819636,1.0,0.0024948237742382366,0.9999999999518288,0.05735726827399427,0.8605287055442453,True
bayesian-phystwin-prob4d-controlled-decisive-trial,target-weak_identifiability-318720813,weak_identifiability,P3_explicit_gauge_persistent,True,inference-admissible,0.6449612066385685,0.6744605477155093,True,True,0.010597500123673585,0.0021514640495961333,0.0021514640495961333,False,False,0.7969838146271863,0.7969838146271863,1.0,0.0023600734934991745,0.9999999999914522,0.060659621684091156,0.5935059457065668,True
bayesian-phystwin-prob4d-controlled-decisive-trial,target-weak_identifiability-318720814,weak_identifiability,P3_explicit_gauge_persistent,True,inference-admissible,0.6542080621639794,0.6744605477155093,True,True,0.0029103265204323786,0.0009202589471537505,0.0009202589471537505,False,False,0.6837952921457657,0.6837952921457657,1.0,0.002350800758091637,0.9999999999996128,0.060335569073014655,0.5647079352876894,True
bayesian-phystwin-prob4d-controlled-decisive-trial,target-weak_identifiability-318720815,weak_identifiability,P3_explicit_gauge_persistent,True,inference-admissible,0.6112368952425019,0.6744605477155093,True,True,0.007646028675287816,0.0012950042073664484,0.0012950042073664484,False,False,0.8306304799049552,0.8306304799049552,1.0,0.0022091054154910325,0.9999999999999964,0.059838053081797446,0.7141889321858786,True
bayesian-phystwin-prob4d-controlled-decisive-trial,target-weak_identifiability-318720816,weak_identifiability,P3_explicit_gauge_persistent,True,inference-admissible,0.5682230881166044,0.6744605477155093,True,True,0.012063719250199155,0.00182946676815682,0.00182946676815682,False,False,0.8483496896592136,0.8483496896592136,1.0,0.0022897872052896756,0.9999999999978044,0.06632305061207189,0.8753051099132574,True
bayesian-phystwin-prob4d-controlled-decisive-trial,target-weak_identifiability-318720817,weak_identifiability,P3_explicit_gauge_persistent,True,inference-admissible,0.6284241337094348,0.6744605477155093,True,True,0.004965553368754771,0.0009493023348689911,0.0009493023348689911,False,False,0.8088224485024413,0.8088224485024413,1.0,0.002456639921280202,0.9999999999997122,0.058091001307062365,0.6756230262743586,True
bayesian-phystwin-prob4d-controlled-decisive-trial,target-weak_identifiability-318720818,weak_identifiability,P3_explicit_gauge_persistent,True,inference-admissible,0.6258319278200701,0.6744605477155093,True,True,0.002197753064924715,0.0008764402413929368,0.0008764402413929368,False,False,0.6012107750499442,0.6012107750499442,1.0,0.0024219436958821724,0.9999999999573284,0.06182024334883439,0.660385003902196,True
bayesian-phystwin-prob4d-controlled-decisive-trial,target-weak_identifiability-318720819,weak_identifiability,P3_explicit_gauge_persistent,True,inference-admissible,0.6432150353312514,0.6744605477155093,True,True,0.0038674271681587956,0.0007923324947162383,0.0007923324947162383,False,False,0.7951267185482767,0.7951267185482767,1.0,0.0024322673496370677,0.9999999999973745,0.06015860405917909,0.6256474705836303,True
bayesian-phystwin-prob4d-controlled-decisive-trial,target-weak_identifiability-318720820,weak_identifiability,P3_explicit_gauge_persistent,True,inference-admissible,0.622968447596343,0.6744605477155093,True,True,0.007226321525624406,0.0006752357888119359,0.0006752357888119359,False,False,0.9065588506659216,0.9065588506659216,1.0,0.002399929132202849,0.9999999999681748,0.061295523763287244,0.6826549195729757,True
bayesian-phystwin-prob4d-controlled-decisive-trial,target-weak_identifiability-318720821,weak_identifiability,P3_explicit_gauge_persistent,True,inference-admissible,0.6139339510269732,0.6744605477155093,True,True,0.00904580560149366,0.0008419419684990067,0.0008419419684990067,False,False,0.9069246006834389,0.9069246006834389,1.0,0.0023837975035831804,0.9999999999912781,0.05871253602603424,0.7226098023101064,True
bayesian-phystwin-prob4d-controlled-decisive-trial,target-weak_identifiability-318720822,weak_identifiability,P3_explicit_gauge_persistent,True,inference-admissible,0.6191380008992521,0.6744605477155093,True,True,0.00768196353716127,0.0016015134838607682,0.0016015134838607682,False,False,0.7915228995668238,0.7915228995668238,1.0,0.0023042943589441753,0.999999999999929,0.05838384635875925,0.6860366854167518,True
bayesian-phystwin-prob4d-controlled-decisive-trial,target-weak_identifiability-318720823,weak_identifiability,P3_explicit_gauge_persistent,True,inference-admissible,0.6305019313060195,0.6744605477155093,True,True,0.007436957902988697,0.001108388813457998,0.001108388813457998,False,False,0.8509620697177043,0.8509620697177043,1.0,0.0023626929543897773,0.9999999999996589,0.05895169106118183,0.6756766897493919,True
bayesian-phystwin-prob4d-controlled-decisive-trial,target-weak_identifiability-318720824,weak_identifiability,P3_explicit_gauge_persistent,True,inference-admissible,0.5953909361653085,0.6744605477155093,True,True,0.009116463099661682,0.0018836348929079099,0.0018836348929079099,False,False,0.793380955715401,0.793380955715401,1.0,0.002373433596332297,0.9999999999980389,0.062386645071530654,0.8055985531650476,True
bayesian-phystwin-prob4d-controlled-decisive-trial,target-weak_identifiability-318720825,weak_identifiability,P3_explicit_gauge_persistent,True,inference-admissible,0.619149834014995,0.6744605477155093,True,True,0.007844080281687885,0.0005420588563535665,0.0005420588563535665,False,False,0.9308958046210962,0.9308958046210962,1.0,0.0023559377555673615,0.9999999999984901,0.055355458406596655,0.6965492461366949,True
bayesian-phystwin-prob4d-controlled-decisive-trial,target-weak_identifiability-318720826,weak_identifiability,P3_explicit_gauge_persistent,True,inference-admissible,0.6273082455493878,0.6744605477155093,True,True,0.013177845391582819,0.000707797193151048,0.000707797193151048,False,False,0.9462888528345351,0.9462888528345351,1.0,0.0022584492460960767,0.9999999999999858,0.061120729382141074,0.6457857285874743,True
bayesian-phystwin-prob4d-controlled-decisive-trial,target-weak_identifiability-318720827,weak_identifiability,P3_explicit_gauge_persistent,True,inference-admissible,0.6115861509788824,0.6744605477155093,True,True,0.009029261772495972,0.0016250166196858037,0.0016250166196858037,False,False,0.820027743061369,0.820027743061369,1.0,0.002233245107756037,0.9999999999999716,0.05923079798910188,0.6877718886271164,True
bayesian-phystwin-prob4d-controlled-decisive-trial,target-weak_identifiability-318720828,weak_identifiability,P3_explicit_gauge_persistent,True,inference-admissible,0.6358840768837263,0.6744605477155093,True,True,0.009711125803584532,0.0011110229420358438,0.0011110229420358438,False,False,0.8855927763158266,0.8855927763158266,1.0,0.002055014397132116,0.9999999999999964,0.05787984629367221,0.5998119843972868,True
bayesian-phystwin-prob4d-controlled-decisive-trial,target-weak_identifiability-318720829,weak_identifiability,P3_explicit_gauge_persistent,True,inference-admissible,0.6126565629811727,0.6744605477155093,True,True,0.006194488124638477,0.0010434584418387996,0.0010434584418387996,False,False,0.8315504976612256,0.8315504976612256,1.0,0.0023288679660752785,0.9999999999996803,0.060980717415341945,0.714117753974868,True
bayesian-phystwin-prob4d-controlled-decisive-trial,target-weak_identifiability-318720830,weak_identifiability,P3_explicit_gauge_persistent,True,inference-admissible,0.6434349510068761,0.6744605477155093,True,True,0.005978918658666037,0.0007482667515360336,0.0007482667515360336,False,False,0.8748491501132112,0.8748491501132112,1.0,0.002152419667141104,0.9999999999999467,0.059872544574378406,0.5713148427829243,True
bayesian-phystwin-prob4d-controlled-decisive-trial,target-weak_identifiability-318720831,weak_identifiability,P3_explicit_gauge_persistent,True,inference-admissible,0.6316912351364221,0.6744605477155093,True,True,0.008363184270310874,0.0007994252152698908,0.0007994252152698908,False,False,0.9044113833402149,0.9044113833402149,1.0,0.0024166606763995515,0.9999999999994316,0.060586922804727036,0.65423716560966,True
bayesian-phystwin-prob4d-controlled-decisive-trial,target-weak_identifiability-318720832,weak_identifiability,P3_explicit_gauge_persistent,True,inference-admissible,0.6469170397517586,0.6744605477155093,True,True,0.010990076297439475,0.0008377279958934913,0.0008377279958934913,False,False,0.9237741419421566,0.9237741419421566,1.0,0.0023141927466169255,0.9999999999991651,0.06014850700166471,0.5924715966123334,True
bayesian-phystwin-prob4d-controlled-decisive-trial,target-weak_identifiability-318720833,weak_identifiability,P3_explicit_gauge_persistent,True,inference-admissible,0.5861172002997319,0.6744605477155093,True,True,0.006918107511306053,0.0006227631889538981,0.0006227631889538981,False,False,0.909980700945145,0.909980700945145,1.0,0.002259696617819549,0.9999999999999964,0.06091418682331839,0.8181017853886439,True
bayesian-phystwin-prob4d-controlled-decisive-trial,target-weak_identifiability-318720834,weak_identifiability,P3_explicit_gauge_persistent,True,inference-admissible,0.6776261440143238,0.6744605477155093,False,True,0.000784887873091406,0.0010177528390620354,0.000784887873091406,False,False,-0.29668564638851347,0.0,1.0,0.0024867488721753215,0.9999999999796003,0.057174305015592834,0.4874821605101639,True
bayesian-phystwin-prob4d-controlled-decisive-trial,target-weak_identifiability-318720835,weak_identifiability,P3_explicit_gauge_persistent,True,inference-admissible,0.6494770557286048,0.6744605477155093,True,True,0.009723354187886965,0.0008149483441093612,0.0008149483441093612,False,False,0.9161865002177338,0.9161865002177338,1.0,0.0022910641366204985,0.9999999999989804,0.05936292040792386,0.5793193476719991,True
bayesian-phystwin-prob4d-controlled-decisive-trial,target-weak_identifiability-318720836,weak_identifiability,P3_explicit_gauge_persistent,True,inference-admissible,0.5971923192290272,0.6744605477155093,True,True,0.0071539840836954685,0.000690971253833933,0.000690971253833933,False,False,0.9034144826504835,0.9034144826504835,1.0,0.0022919398083713527,0.9999999999999751,0.05971011129908269,0.7515754799540374,True
bayesian-phystwin-prob4d-controlled-decisive-trial,target-weak_identifiability-318720837,weak_identifiability,P3_explicit_gauge_persistent,True,inference-admissible,0.6188271011009824,0.6744605477155093,True,True,0.01188577620195655,2.1416846394546233e-05,2.1416846394546233e-05,False,False,0.9981981112524211,0.9981981112524211,1.0,0.0023395842683617686,0.9999999999998259,0.060165732440252404,0.711952923360565,True
bayesian-phystwin-prob4d-controlled-decisive-trial,target-weak_identifiability-318720838,weak_identifiability,P3_explicit_gauge_persistent,True,inference-admissible,0.6568389082917834,0.6744605477155093,True,True,0.00706815104052288,0.0008553222375276098,0.0008553222375276098,False,False,0.8789892529709813,0.8789892529709813,1.0,0.00229930271981681,0.9999999997577689,0.06079341979129364,0.5294014512331875,True
bayesian-phystwin-prob4d-controlled-decisive-trial,target-weak_identifiability-318720839,weak_identifiability,P3_explicit_gauge_persistent,True,inference-admissible,0.6186791460686076,0.6744605477155093,True,True,0.002147096083552658,0.0009277072701300978,0.0009277072701300978,False,False,0.567924660085504,0.567924660085504,1.0,0.002116248316802825,1.0,0.06011721053688861,0.6904001475907878,True
bayesian-phystwin-prob4d-controlled-decisive-trial,target-weak_identifiability-318720840,weak_identifiability,P3_explicit_gauge_persistent,True,inference-admissible,0.6614189469199347,0.6744605477155093,True,True,0.010592373594068515,0.001234466652422713,0.001234466652422713,False,False,0.8834570324149078,0.8834570324149078,1.0,0.002328227459140967,0.9999999999997264,0.061114177113127784,0.5187224995091367,True
bayesian-phystwin-prob4d-controlled-decisive-trial,target-weak_identifiability-318720841,weak_identifiability,P3_explicit_gauge_persistent,True,inference-admissible,0.6108865655320732,0.6744605477155093,True,True,0.006310984910758985,0.0013518218251439118,0.0013518218251439118,False,False,0.785798596532956,0.785798596532956,1.0,0.002058101501988547,1.0,0.060135992343266775,0.708441824035909,True
bayesian-phystwin-prob4d-controlled-decisive-trial,target-weak_identifiability-318720842,weak_identifiability,P3_explicit_gauge_persistent,True,inference-admissible,0.6451735314270762,0.6744605477155093,True,True,0.008706663397201329,0.0008370336996520949,0.0008370336996520949,False,False,0.9038628621015542,0.9038628621015542,1.0,0.0023034083335151307,0.9999999999999751,0.06026913901537775,0.598730982334283,True
bayesian-phystwin-prob4d-controlled-decisive-trial,target-weak_identifiability-318720843,weak_identifiability,P3_explicit_gauge_persistent,True,inference-admissible,0.6528415675809178,0.6744605477155093,True,True,0.01013784050276278,0.0008393679143510193,0.0008393679143510193,False,False,0.917204466363199,0.917204466363199,1.0,0.002389508969779935,0.999999999997911,0.05770391832052112,0.5785461469585867,True
bayesian-phystwin-prob4d-controlled-decisive-trial,target-weak_identifiability-318720844,weak_identifiability,P3_explicit_gauge_persistent,True,inference-admissible,0.6283028427285533,0.6744605477155093,True,True,0.012751653226098255,0.000967774010616105,0.000967774010616105,False,False,0.9241059968102485,0.9241059968102485,1.0,0.0023182593086670633,0.9999999999999751,0.060973011220086165,0.6336554950344279,True
bayesian-phystwin-prob4d-controlled-decisive-trial,target-weak_identifiability-318720845,weak_identifiability,P3_explicit_gauge_persistent,True,inference-admissible,0.6187175941325351,0.6744605477155093,True,True,0.0032760224775190984,0.001277549193383033,0.001277549193383033,False,False,0.6100303944341343,0.6100303944341343,1.0,0.0022259600546210697,0.9999999999999574,0.06025322955859996,0.691374050299781,True
bayesian-phystwin-prob4d-controlled-decisive-trial,target-weak_identifiability-318720846,weak_identifiability,P3_explicit_gauge_persistent,True,inference-admissible,0.6379127447878781,0.6744605477155093,True,True,0.011708505014643333,0.0015593153689828804,0.0015593153689828804,False,False,0.8668219924719074,0.8668219924719074,1.0,0.0021862120130555058,0.9999999999999929,0.061900028360177224,0.5852837572195163,True
bayesian-phystwin-prob4d-controlled-decisive-trial,target-weak_identifiability-318720847,weak_identifiability,P3_explicit_gauge_persistent,True,inference-admissible,0.6053604898067739,0.6744605477155093,True,True,0.004828503931793069,0.0007647152565145584,0.0007647152565145584,False,False,0.8416248040144847,0.8416248040144847,1.0,0.002208171609967077,0.9999999999999822,0.0597897517053072,0.733574369493273,True
bayesian-phystwin-prob4d-controlled-decisive-trial,target-weak_identifiability-318720848,weak_identifiability,P3_explicit_gauge_persistent,True,inference-admissible,0.6394262516892163,0.6744605477155093,True,True,0.007112209845983812,0.0007035014831234273,0.0007035014831234273,False,False,0.9010853871921838,0.9010853871921838,1.0,0.002305924489495096,0.999999999999936,0.06109450969588215,0.6082802439076961,True
bayesian-phystwin-prob4d-controlled-decisive-trial,target-weak_identifiability-318720849,weak_identifiability,P3_explicit_gauge_persistent,True,inference-admissible,0.6075632055711607,0.6744605477155093,True,True,0.009048397130844052,0.0007249259143297469,0.0007249259143297469,False,False,0.9198834993814949,0.9198834993814949,1.0,0.002240562935084003,0.9999999999996589,0.06045505899968584,0.7390978565731935,True
bayesian-phystwin-prob4d-controlled-decisive-trial,target-weak_identifiability-318720850,weak_identifiability,P3_explicit_gauge_persistent,True,inference-admissible,0.6691596617829231,0.6744605477155093,True,True,0.005511947407721714,0.000457452609515367,0.000457452609515367,False,False,0.9170070801338708,0.9170070801338708,1.0,0.0023457478030097954,0.9999999999999254,0.06088634295746772,0.5109091806574467,True
bayesian-phystwin-prob4d-controlled-decisive-trial,target-weak_identifiability-318720851,weak_identifiability,P3_explicit_gauge_persistent,True,inference-admissible,0.6080702825849685,0.6744605477155093,True,True,0.012111453522527465,0.0003421484529697932,0.0003421484529697932,False,False,0.971750009003181,0.971750009003181,1.0,0.002238176654255122,0.9999999999982201,0.05995385185211423,0.7110968562601184,True
bayesian-phystwin-prob4d-controlled-decisive-trial,target-weak_identifiability-318720852,weak_identifiability,P3_explicit_gauge_persistent,True,inference-admissible,0.6394278560965319,0.6744605477155093,True,True,0.006740852314074749,0.0011941600502761065,0.0011941600502761065,False,False,0.8228473203925968,0.8228473203925968,1.0,0.0023587108375977936,0.9999999999997513,0.06108844654971392,0.625416698712183,True
bayesian-phystwin-prob4d-controlled-decisive-trial,target-weak_identifiability-318720853,weak_identifiability,P3_explicit_gauge_persistent,True,inference-admissible,0.6438968603936737,0.6744605477155093,True,True,0.004974569985450818,0.0007129925230903702,0.0007129925230903702,False,False,0.8566725314598713,0.8566725314598713,1.0,0.0020209809406150953,1.0,0.05935720942588625,0.5445204701391216,True
bayesian-phystwin-prob4d-controlled-decisive-trial,target-weak_identifiability-318720854,weak_identifiability,P3_explicit_gauge_persistent,True,inference-admissible,0.64663136907552,0.6744605477155093,True,True,0.005859704643116196,0.0008923667657379968,0.0008923667657379968,False,False,0.8477113062709871,0.8477113062709871,1.0,0.0022153132401040786,0.9999999999925748,0.060053856443875335,0.5615679714517672,True
bayesian-phystwin-prob4d-controlled-decisive-trial,target-weak_identifiability-318720855,weak_identifiability,P3_explicit_gauge_persistent,True,inference-admissible,0.6197121439793805,0.6744605477155093,True,True,0.012298024176974174,0.0005556474600087375,0.0005556474600087375,False,False,0.95481815192321,0.95481815192321,1.0,0.002286929758199466,0.9999999999999893,0.0600720017909764,0.6855476998091523,True
bayesian-phystwin-prob4d-controlled-decisive-trial,target-weak_identifiability-318720856,weak_identifiability,P3_explicit_gauge_persistent,True,inference-admissible,0.6474318303617194,0.6744605477155093,True,True,0.013874483808568072,0.0010260175183185076,0.0010260175183185076,False,False,0.9260500403132188,0.9260500403132188,1.0,0.0023137282626641506,0.9999999999994955,0.05954691183006331,0.5824859159584895,True
bayesian-phystwin-prob4d-controlled-decisive-trial,target-weak_identifiability-318720857,weak_identifiability,P3_explicit_gauge_persistent,True,inference-admissible,0.6322096809366162,0.6744605477155093,True,True,0.007969132026844239,0.0013031223345023786,0.0013031223345023786,False,False,0.8364787620392314,0.8364787620392314,1.0,0.0023513068060136374,0.9999999999971614,0.06093974640996974,0.6372108033219852,True
bayesian-phystwin-prob4d-controlled-decisive-trial,target-weak_identifiability-318720858,weak_identifiability,P3_explicit_gauge_persistent,True,inference-admissible,0.6243134882829287,0.6744605477155093,True,True,0.004254641942214242,0.0011980349078859482,0.0011980349078859482,False,False,0.7184169845177488,0.7184169845177488,1.0,0.0023404806398111735,0.9999999999999147,0.06061243910039079,0.6560086187692981,True
bayesian-phystwin-prob4d-controlled-decisive-trial,target-weak_identifiability-318720859,weak_identifiability,P3_explicit_gauge_persistent,True,inference-admissible,0.6552944466909921,0.6744605477155093,True,True,0.005314578892357473,0.0011088063883313017,0.0011088063883313017,False,False,0.7913651465545466,0.7913651465545466,1.0,0.002271387668278557,0.9999999999996483,0.059982977370919933,0.531468153096606,True
bayesian-phystwin-prob4d-controlled-decisive-trial,target-weak_identifiability-318720860,weak_identifiability,P3_explicit_gauge_persistent,True,inference-admissible,0.6410238734284281,0.6744605477155093,True,True,0.009798310728306609,0.00032652139858746335,0.00032652139858746335,False,False,0.9666757456829608,0.9666757456829608,1.0,0.0022115697980625588,0.9999999999999858,0.06021714776685113,0.6095378818463769,True
bayesian-phystwin-prob4d-controlled-decisive-trial,target-weak_identifiability-318720861,weak_identifiability,P3_explicit_gauge_persistent,True,inference-admissible,0.623463382706372,0.6744605477155093,True,True,0.0045584441681390175,0.0012683652085683432,0.0012683652085683432,False,False,0.7217548001501239,0.7217548001501239,1.0,0.0024295606822669676,0.9999999999955094,0.05976952450699605,0.7074321385506203,True
bayesian-phystwin-prob4d-controlled-decisive-trial,target-weak_identifiability-318720862,weak_identifiability,P3_explicit_gauge_persistent,True,inference-admissible,0.6205529417621676,0.6744605477155093,True,True,0.004356659778849663,0.0006590846978586713,0.0006590846978586713,False,False,0.8487178867952143,0.8487178867952143,1.0,0.002169317911246922,0.9999999999999964,0.058456848729383594,0.6831655142209597,True
bayesian-phystwin-prob4d-controlled-decisive-trial,target-weak_identifiability-318720863,weak_identifiability,P3_explicit_gauge_persistent,True,inference-admissible,0.5800347931550276,0.6744605477155093,True,True,0.004817799018330219,0.00046997356456539643,0.00046997356456539643,False,False,0.9024505665808611,0.9024505665808611,1.0,0.002270173692045839,0.9999999999863363,0.06278847813484255,0.8318273263553397,True
bayesian-phystwin-prob4d-controlled-decisive-trial,target-weak_identifiability-318720864,weak_identifiability,P3_explicit_gauge_persistent,True,inference-admissible,0.602606414173673,0.6744605477155093,True,True,0.008061278610256703,0.00036591600536438524,0.00036591600536438524,False,False,0.954608192688091,0.954608192688091,1.0,0.0021937187793268685,0.9999999999999964,0.06011788360522008,0.7367359876747822,True
bayesian-phystwin-prob4d-controlled-decisive-trial,target-weak_identifiability-318720865,weak_identifiability,P3_explicit_gauge_persistent,True,inference-admissible,0.6668223304857499,0.6744605477155093,True,True,0.007366649051283098,0.0007723358195170097,0.0007723358195170097,False,False,0.8951577828480255,0.8951577828480255,1.0,0.0022949580866772267,0.9999999999986713,0.05810974074037171,0.499745568195317,True
bayesian-phystwin-prob4d-controlled-decisive-trial,target-weak_identifiability-318720866,weak_identifiability,P3_explicit_gauge_persistent,True,inference-admissible,0.6119120020524594,0.6744605477155093,True,True,0.009797830312356495,0.0008630026325361922,0.0008630026325361922,False,False,0.9119190060428154,0.9119190060428154,1.0,0.002295718978521302,0.9999999999998437,0.060843082742191204,0.7218259432252655,True
bayesian-phystwin-prob4d-controlled-decisive-trial,target-weak_identifiability-318720867,weak_identifiability,P3_explicit_gauge_persistent,True,inference-admissible,0.6266781811389605,0.6744605477155093,True,True,0.009562833077892656,0.0009334926678061611,0.0009334926678061611,False,False,0.9023832518875387,0.9023832518875387,1.0,0.0023772658977196533,0.9999999999985469,0.061005566585498515,0.6649997608284388,True
bayesian-phystwin-prob4d-controlled-decisive-trial,target-large_gauge_uncertainty-318820804,large_gauge_uncertainty,P3_explicit_gauge_persistent,True,inference-admissible,0.12300887199850687,0.6744605477155093,True,True,0.003208544168013197,0.00017735759540657225,0.00017735759540657225,False,False,0.944723343011857,0.944723343011857,1.0,0.0005911525836192495,0.9999999999999822,0.9253853098272492,0.7300334256010989,True
bayesian-phystwin-prob4d-controlled-decisive-trial,target-large_gauge_uncertainty-318820805,large_gauge_uncertainty,P3_explicit_gauge_persistent,True,inference-admissible,0.08129079064280229,0.6744605477155093,True,True,0.006916236402730918,0.00018597449264562695,0.00018597449264562695,False,False,0.9731104488313624,0.9731104488313624,1.0,0.000608796686879567,0.9999999999999893,0.9332306596135852,0.8988863689198492,True
bayesian-phystwin-prob4d-controlled-decisive-trial,target-large_gauge_uncertainty-318820806,large_gauge_uncertainty,P3_explicit_gauge_persistent,True,inference-admissible,0.12214976267818643,0.6744605477155093,True,True,0.008860807365412938,0.0005153287408127088,0.0005153287408127088,False,False,0.9418417848892381,0.9418417848892381,1.0,0.0006322023413691612,0.9999999999915943,0.9605535729639357,0.6764167026387438,True
bayesian-phystwin-prob4d-controlled-decisive-trial,target-large_gauge_uncertainty-318820807,large_gauge_uncertainty,P3_explicit_gauge_persistent,True,inference-admissible,0.05431921217142323,0.6744605477155093,True,True,0.008406226507531254,0.0002561054142369172,0.0002561054142369172,False,False,0.9695338432758779,0.9695338432758779,1.0,0.0006865843741959524,0.9999999999960103,0.9608479387421788,0.9351408698164739,True
bayesian-phystwin-prob4d-controlled-decisive-trial,target-large_gauge_uncertainty-318820808,large_gauge_uncertainty,P3_explicit_gauge_persistent,True,inference-admissible,0.09626106005845504,0.6744605477155093,True,True,0.0039335216063859585,0.00025253749304344884,0.00025253749304344884,False,False,0.9357986256810026,0.9357986256810026,1.0,0.0006459769063761562,0.9999999999999183,0.9172535873127852,0.8688134663358356,True
bayesian-phystwin-prob4d-controlled-decisive-trial,target-large_gauge_uncertainty-318820809,large_gauge_uncertainty,P3_explicit_gauge_persistent,True,inference-admissible,0.1364447836015707,0.6744605477155093,True,True,0.005187583162636318,0.00028292154991172916,0.00028292154991172916,False,False,0.945461780362486,0.945461780362486,1.0,0.0005961740211563388,0.9999999999999183,0.9177964188117295,0.6977180467341094,True
bayesian-phystwin-prob4d-controlled-decisive-trial,target-large_gauge_uncertainty-318820810,large_gauge_uncertainty,P3_explicit_gauge_persistent,True,inference-admissible,0.08582923814169097,0.6744605477155093,True,True,0.007870355432871672,0.00031049984220201044,0.00031049984220201044,False,False,0.9605481804665184,0.9605481804665184,1.0,0.0006301886240000098,0.9999999999999822,0.9135010534976312,0.9048673445490965,True
bayesian-phystwin-prob4d-controlled-decisive-trial,target-large_gauge_uncertainty-318820811,large_gauge_uncertainty,P3_explicit_gauge_persistent,True,inference-admissible,0.07187817550913358,0.6744605477155093,True,True,0.006064391692487632,0.00037119478079482944,0.00037119478079482944,False,False,0.9387910940425149,0.9387910940425149,1.0,0.0006373816721396324,0.9999999999996945,0.9266706862246459,0.9297913361326362,True
bayesian-phystwin-prob4d-controlled-decisive-trial,target-large_gauge_uncertainty-318820812,large_gauge_uncertainty,P3_explicit_gauge_persistent,True,inference-admissible,0.08441900565527047,0.6744605477155093,True,True,0.0022313200595366536,0.00021809095159775285,0.00021809095159775285,False,False,0.9022592251319425,0.9022592251319425,1.0,0.0006103639306791283,0.9999999999999574,0.8932359596870761,0.9568106150470469,True
bayesian-phystwin-prob4d-controlled-decisive-trial,target-large_gauge_uncertainty-318820813,large_gauge_uncertainty,P3_explicit_gauge_persistent,True,inference-admissible,0.13612713028813922,0.6744605477155093,True,True,0.005579671363717622,0.0003371080036957126,0.0003371080036957126,False,False,0.9395828209726129,0.9395828209726129,1.0,0.0006325616932828984,0.9999999999999183,0.9086745731119121,0.7293286579727976,True
bayesian-phystwin-prob4d-controlled-decisive-trial,target-large_gauge_uncertainty-318820814,large_gauge_uncertainty,P3_explicit_gauge_persistent,True,inference-admissible,0.10896492593081691,0.6744605477155093,True,True,0.008426253682023236,0.00017880662370395675,0.00017880662370395675,False,False,0.9787798195435978,0.9787798195435978,1.0,0.0006407469190209247,0.999999999999968,0.8400876356686224,0.9561373572564651,True
bayesian-phystwin-prob4d-controlled-decisive-trial,target-large_gauge_uncertainty-318820815,large_gauge_uncertainty,P3_explicit_gauge_persistent,True,inference-admissible,0.12799986830256643,0.6744605477155093,True,True,0.00703920566495709,0.0001294200370516555,0.0001294200370516555,False,False,0.9816143975312527,0.9816143975312527,1.0,0.0006206226440720387,0.9999999999994351,0.8852268313039305,0.8033523580161211,True
bayesian-phystwin-prob4d-controlled-decisive-trial,target-large_gauge_uncertainty-318820816,large_gauge_uncertainty,P3_explicit_gauge_persistent,True,inference-admissible,0.05758683733517806,0.6744605477155093,True,True,0.006032023134716629,0.0002487947767473687,0.0002487947767473687,False,False,0.9587543397644717,0.9587543397644717,1.0,0.0005452907270346068,0.9999999999999396,0.9337504951442231,0.975176482804189,True
bayesian-phystwin-prob4d-controlled-decisive-trial,target-large_gauge_uncertainty-318820817,large_gauge_uncertainty,P3_explicit_gauge_persistent,True,inference-admissible,0.08144001370881102,0.6744605477155093,True,True,0.009518834591408046,0.0002856854550820984,0.0002856854550820984,False,False,0.9699873495711371,0.9699873495711371,1.0,0.0006280922949898431,0.999999999995989,0.9177095298469696,0.9090661578203738,True
bayesian-phystwin-prob4d-controlled-decisive-trial,target-large_gauge_uncertainty-318820818,large_gauge_uncertainty,P3_explicit_gauge_persistent,True,inference-admissible,0.06529523054488115,0.6744605477155093,True,True,0.007572083243515794,0.0001774453614476332,0.0001774453614476332,False,False,0.9765658464466057,0.9765658464466057,1.0,0.0006305687654399222,0.9999999999995737,0.9467788376178063,0.9212116309977718,True
bayesian-phystwin-prob4d-controlled-decisive-trial,target-large_gauge_uncertainty-318820819,large_gauge_uncertainty,P3_explicit_gauge_persistent,True,inference-admissible,0.06644926110921179,0.6744605477155093,True,True,0.009971296972132579,0.00046292013215217177,0.00046292013215217177,False,False,0.9535747322092678,0.9535747322092678,1.0,0.0006040095216240469,0.9999999999999893,0.9363795803473574,0.9326947707343786,True
bayesian-phystwin-prob4d-controlled-decisive-trial,target-large_gauge_uncertainty-318820820,large_gauge_uncertainty,P3_explicit_gauge_persistent,True,inference-admissible,0.08240822569848057,0.6744605477155093,True,True,0.004300627029193142,0.000259527587527116,0.000259527587527116,False,False,0.9396535468513281,0.9396535468513281,1.0,0.0005893001165641726,0.9999999999999467,0.9503386981065466,0.8385849915320642,True
bayesian-phystwin-prob4d-controlled-decisive-trial,target-large_gauge_uncertainty-318820821,large_gauge_uncertainty,P3_explicit_gauge_persistent,True,inference-admissible,0.11264125462402169,0.6744605477155093,True,True,0.006233141565414859,0.0001992975865506612,0.0001992975865506612,False,False,0.9680261414795259,0.9680261414795259,1.0,0.000712437205926256,0.9999999999794653,0.9155509402952587,0.8088040111096547,True
bayesian-phystwin-prob4d-controlled-decisive-trial,target-large_gauge_uncertainty-318820822,large_gauge_uncertainty,P3_explicit_gauge_persistent,True,inference-admissible,0.1044119452762804,0.6744605477155093,True,True,0.002110666113158798,0.00010478346764466335,0.00010478346764466335,False,False,0.9503552613123419,0.9503552613123419,1.0,0.0006613010545598149,0.9999999999998401,0.9239782647905508,0.8073432926246028,True
bayesian-phystwin-prob4d-controlled-decisive-trial,target-large_gauge_uncertainty-318820823,large_gauge_uncertainty,P3_explicit_gauge_persistent,True,inference-admissible,0.12544436257769132,0.6744605477155093,True,True,0.005255020669681619,0.00011387745859702869,0.00011387745859702869,False,False,0.978329779128361,0.978329779128361,1.0,0.0006603827390951072,0.999999999999968,0.8421417407893267,0.9047954087009178,True
bayesian-phystwin-prob4d-controlled-decisive-trial,target-large_gauge_uncertainty-318820824,large_gauge_uncertainty,P3_explicit_gauge_persistent,True,inference-admissible,0.11923480922176997,0.6744605477155093,True,True,0.008645058496188364,0.00014323855229514306,0.00014323855229514306,False,False,0.9834311644787254,0.9834311644787254,1.0,0.0006678433971556175,0.9999999999991402,0.9196225366320958,0.7777504908138014,True
bayesian-phystwin-prob4d-controlled-decisive-trial,target-large_gauge_uncertainty-318820825,large_gauge_uncertainty,P3_explicit_gauge_persistent,True,inference-admissible,0.13040664412509057,0.6744605477155093,True,True,0.001581112223102546,0.00011015897984814695,0.00011015897984814695,False,False,0.9303281713729422,0.9303281713729422,1.0,0.0005724611023691907,0.9999999999998224,0.9538334970306234,0.6524126405205444,True
bayesian-phystwin-prob4d-controlled-decisive-trial,target-large_gauge_uncertainty-318820826,large_gauge_uncertainty,P3_explicit_gauge_persistent,True,inference-admissible,0.11613206463946842,0.6744605477155093,True,True,0.006236229621879177,0.0002409294435592896,0.0002409294435592896,False,False,0.9613661686359314,0.9613661686359314,1.0,0.0006505331026576286,0.9999999999994493,0.9033582098577706,0.811308873913266,True
bayesian-phystwin-prob4d-controlled-decisive-trial,target-large_gauge_uncertainty-318820827,large_gauge_uncertainty,P3_explicit_gauge_persistent,True,inference-admissible,0.11550151499458429,0.6744605477155093,True,True,0.003888762769784036,0.00020186558534286228,0.00020186558534286228,False,False,0.9480900231530264,0.9480900231530264,1.0,0.0006393771113070728,0.9999999999997904,0.891357402709509,0.8336203982035714,True
bayesian-phystwin-prob4d-controlled-decisive-trial,target-large_gauge_uncertainty-318820828,large_gauge_uncertainty,P3_explicit_gauge_persistent,True,inference-admissible,0.10118399054192848,0.6744605477155093,True,True,0.008685361805923742,0.0002496028176376315,0.0002496028176376315,False,False,0.9712616672494411,0.9712616672494411,1.0,0.0006071880122682496,0.9999999999999893,0.9295324876094767,0.8097577082264907,True
bayesian-phystwin-prob4d-controlled-decisive-trial,target-large_gauge_uncertainty-318820829,large_gauge_uncertainty,P3_explicit_gauge_persistent,True,inference-admissible,0.06373902092766615,0.6744605477155093,True,True,0.006897989913279833,0.00033435046947830483,0.00033435046947830483,False,False,0.9515292898827494,0.9515292898827494,1.0,0.0005459244083705138,0.9999999999999964,0.9315866516274077,0.9461371352070773,True
bayesian-phystwin-prob4d-controlled-decisive-trial,target-large_gauge_uncertainty-318820830,large_gauge_uncertainty,P3_explicit_gauge_persistent,True,inference-admissible,0.06772418084408274,0.6744605477155093,True,True,0.005022418521652246,0.0003563554460188582,0.0003563554460188582,False,False,0.9290470428773374,0.9290470428773374,1.0,0.0006832246679650909,0.9999999999994849,0.935760757837039,0.934728462926335,True
bayesian-phystwin-prob4d-controlled-decisive-trial,target-large_gauge_uncertainty-318820831,large_gauge_uncertainty,P3_explicit_gauge_persistent,True,inference-admissible,0.10574484501330556,0.6744605477155093,True,True,0.006324305137501519,0.0005811874633472869,0.0005811874633472869,False,False,0.9081025581923627,0.9081025581923627,0.041666666666666664,0.0006442996456791906,0.9999999999999538,0.9302668684266205,0.7871540653120149,True
bayesian-phystwin-prob4d-controlled-decisive-trial,target-large_gauge_uncertainty-318820832,large_gauge_uncertainty,P3_explicit_gauge_persistent,True,inference-admissible,0.06133898174734358,0.6744605477155093,True,True,0.005013513387207691,0.0002561530987137268,0.0002561530987137268,False,False,0.9489074668939115,0.9489074668939115,1.0,0.0006150993171927248,0.9999999999999858,0.9524082457367273,0.9190403474425289,True
bayesian-phystwin-prob4d-controlled-decisive-trial,target-large_gauge_uncertainty-318820833,large_gauge_uncertainty,P3_explicit_gauge_persistent,True,inference-admissible,0.08157406825652061,0.6744605477155093,True,True,0.005652409049342764,0.0001999895648700171,0.0001999895648700171,False,False,0.9646187027293661,0.9646187027293661,1.0,0.0006445442120837095,0.9999999999997904,0.9056919778872144,0.9430514887104832,True
bayesian-phystwin-prob4d-controlled-decisive-trial,target-large_gauge_uncertainty-318820834,large_gauge_uncertainty,P3_explicit_gauge_persistent,True,inference-admissible,0.11206797166969679,0.6744605477155093,True,True,0.00650226565184264,0.00021122093004569568,0.00021122093004569568,False,False,0.9675157950543225,0.9675157950543225,1.0,0.0006590654919819413,0.999999999998554,0.8352171591763777,0.9619514832806974,True
bayesian-phystwin-prob4d-controlled-decisive-trial,target-large_gauge_uncertainty-318820835,large_gauge_uncertainty,P3_explicit_gauge_persistent,True,inference-admissible,0.14715543232174128,0.6744605477155093,True,True,0.006434855856801756,0.00019599478940175838,0.00019599478940175838,False,False,0.9695416970071539,0.9695416970071539,1.0,0.0006787418339612656,0.9999999999999645,0.7988977170835395,0.9038790703636258,True
bayesian-phystwin-prob4d-controlled-decisive-trial,target-large_gauge_uncertainty-318820836,large_gauge_uncertainty,P3_explicit_gauge_persistent,True,inference-admissible,0.13548659583059758,0.6744605477155093,True,True,0.007610867052853091,0.00038145563111644036,0.00038145563111644036,False,False,0.9498801347510802,0.9498801347510802,1.0,0.0006201531249800635,0.9999999999998224,0.8709276761633458,0.7860422649267811,True
bayesian-phystwin-prob4d-controlled-decisive-trial,target-large_gauge_uncertainty-318820837,large_gauge_uncertainty,P3_explicit_gauge_persistent,True,inference-admissible,0.11250554070444294,0.6744605477155093,True,True,0.006484737254868813,0.00012679163153904883,0.00012679163153904883,False,False,0.980447684068641,0.980447684068641,1.0,0.0006859815849378236,0.9999999999997655,0.9057604402732158,0.8182366219766423,True
bayesian-phystwin-prob4d-controlled-decisive-trial,target-large_gauge_uncertainty-318820838,large_gauge_uncertainty,P3_explicit_gauge_persistent,True,inference-admissible,0.1219599965573398,0.6744605477155093,True,True,0.004805794897438854,0.00011453428275261302,0.00011453428275261302,False,False,0.9761674634068026,0.9761674634068026,1.0,0.000585004419899305,0.9999999999999041,0.9208175337513888,0.7397827551237537,True
bayesian-phystwin-prob4d-controlled-decisive-trial,target-large_gauge_uncertainty-318820839,large_gauge_uncertainty,P3_explicit_gauge_persistent,True,inference-admissible,0.0847245471946666,0.6744605477155093,True,True,0.0023631404348923987,0.00015249015280267576,0.00015249015280267576,False,False,0.9354713962187274,0.9354713962187274,1.0,0.0006140654200190784,0.9999999999999964,0.9339275880052671,0.8728881060954807,True
bayesian-phystwin-prob4d-controlled-decisive-trial,target-large_gauge_uncertainty-318820840,large_gauge_uncertainty,P3_explicit_gauge_persistent,True,inference-admissible,0.120181576108574,0.6744605477155093,True,True,0.003289812336650303,0.0002312346459868113,0.0002312346459868113,False,False,0.9297119038035296,0.9297119038035296,1.0,0.0006936641613903643,0.9999999999847127,0.9158612328900544,0.7800162777226352,True
bayesian-phystwin-prob4d-controlled-decisive-trial,target-large_gauge_uncertainty-318820841,large_gauge_uncertainty,P3_explicit_gauge_persistent,True,inference-admissible,0.10243336331408577,0.6744605477155093,True,True,0.007063471508786917,0.00028792622230570345,0.00028792622230570345,False,False,0.9592372926049854,0.9592372926049854,1.0,0.0005812988065667862,0.9999999999998153,0.9525786237278714,0.7697108087772758,True
bayesian-phystwin-prob4d-controlled-decisive-trial,target-large_gauge_uncertainty-318820842,large_gauge_uncertainty,P3_explicit_gauge_persistent,True,inference-admissible,0.07074747824319787,0.6744605477155093,True,True,0.005211124837933684,0.0002613395632283874,0.0002613395632283874,False,False,0.9498496828696175,0.9498496828696175,1.0,0.0006501431298346471,0.9999999999992184,0.927044264851283,0.9375919926615225,True
bayesian-phystwin-prob4d-controlled-decisive-trial,target-large_gauge_uncertainty-318820843,large_gauge_uncertainty,P3_explicit_gauge_persistent,True,inference-admissible,0.12819599434556264,0.6744605477155093,True,True,0.007316871318338119,0.00017822923443779157,0.00017822923443779157,False,False,0.9756413326566098,0.9756413326566098,1.0,0.0005911718521940935,0.9999999999999254,0.9764647139108974,0.6180128897610334,True
bayesian-phystwin-prob4d-controlled-decisive-trial,target-large_gauge_uncertainty-318820844,large_gauge_uncertainty,P3_explicit_gauge_persistent,True,inference-admissible,0.10632671906812467,0.6744605477155093,True,True,0.010486765824421004,0.0002941916690890755,0.0002941916690890755,False,False,0.9719463870925793,0.9719463870925793,1.0,0.0006548273926890481,0.9999999999989733,0.898627967989633,0.8645209510918891,True
bayesian-phystwin-prob4d-controlled-decisive-trial,target-large_gauge_uncertainty-318820845,large_gauge_uncertainty,P3_explicit_gauge_persistent,True,inference-admissible,0.14235079913216062,0.6744605477155093,True,True,0.0029775568493492516,0.00019823365032238681,0.00019823365032238681,False,False,0.9334240585983401,0.9334240585983401,1.0,0.0007025238500214711,0.9999999999991829,0.810532097214249,0.9005453426562967,True
bayesian-phystwin-prob4d-controlled-decisive-trial,target-large_gauge_uncertainty-318820846,large_gauge_uncertainty,P3_explicit_gauge_persistent,True,inference-admissible,0.12347225262796585,0.6744605477155093,True,True,0.0025425345516235306,0.00033527473121100547,0.00033527473121100547,False,False,0.8681336578112906,0.8681336578112906,1.0,0.0006355514277730844,0.9999999999999893,0.9096908319323309,0.7736043997665472,True
bayesian-phystwin-prob4d-controlled-decisive-trial,target-large_gauge_uncertainty-318820847,large_gauge_uncertainty,P3_explicit_gauge_persistent,True,inference-admissible,0.10304827227580163,0.6744605477155093,True,True,0.005437260320502768,0.0003279420507960839,0.0003279420507960839,False,False,0.9396861596713545,0.9396861596713545,1.0,0.0006342284035968803,0.9999999999994564,0.9609131811802999,0.7463986504758529,True
bayesian-phystwin-prob4d-controlled-decisive-trial,target-large_gauge_uncertainty-318820848,large_gauge_uncertainty,P3_explicit_gauge_persistent,True,inference-admissible,0.10671013945119778,0.6744605477155093,True,True,0.010211946488097081,0.0002501766483987017,0.0002501766483987017,False,False,0.9755015707641727,0.9755015707641727,1.0,0.0006090009115176245,0.9999999999998792,0.8755793131137021,0.8926556084397663,True
bayesian-phystwin-prob4d-controlled-decisive-trial,target-large_gauge_uncertainty-318820849,large_gauge_uncertainty,P3_explicit_gauge_persistent,True,inference-admissible,0.08837501012485664,0.6744605477155093,True,True,0.0024715237386950923,0.0001476606961343028,0.0001476606961343028,False,False,0.9402551981101892,0.9402551981101892,1.0,0.0006808544448059241,0.9999999999907416,0.9288522274557325,0.8667911315282439,True
bayesian-phystwin-prob4d-controlled-decisive-trial,target-large_gauge_uncertainty-318820850,large_gauge_uncertainty,P3_explicit_gauge_persistent,True,inference-admissible,0.14285618177444093,0.6744605477155093,True,True,0.006717968335600244,0.000530565526717101,0.000530565526717101,False,False,0.9210229193987864,0.9210229193987864,1.0,0.0006706229897919533,0.9999999999288001,0.9295591079214738,0.6557719140312492,True
bayesian-phystwin-prob4d-controlled-decisive-trial,target-large_gauge_uncertainty-318820851,large_gauge_uncertainty,P3_explicit_gauge_persistent,True,inference-admissible,0.14034116183282214,0.6744605477155093,True,True,0.0009552741580587617,0.0003527298934653865,0.0003527298934653865,False,False,0.6307553276829152,0.6307553276829152,1.0,0.0006232037428931997,0.9999999999963123,0.8487435291575688,0.828724505240868,True
bayesian-phystwin-prob4d-controlled-decisive-trial,target-large_gauge_uncertainty-318820852,large_gauge_uncertainty,P3_explicit_gauge_persistent,True,inference-admissible,0.10446155293893351,0.6744605477155093,True,True,0.00709944720288371,0.00013698831782309382,0.00013698831782309382,False,False,0.9807043683954082,0.9807043683954082,1.0,0.0006562741896355005,0.9999999999999005,0.9387888175017225,0.7817743260125872,True
bayesian-phystwin-prob4d-controlled-decisive-trial,target-large_gauge_uncertainty-318820853,large_gauge_uncertainty,P3_explicit_gauge_persistent,True,inference-admissible,0.11209334140305587,0.6744605477155093,True,True,0.008458536144158972,0.00017122174271455546,0.00017122174271455546,False,False,0.9797575207108629,0.9797575207108629,1.0,0.0005961899912621912,0.9999999999994991,0.9223980329030355,0.7835684279249027,True
bayesian-phystwin-prob4d-controlled-decisive-trial,target-large_gauge_uncertainty-318820854,large_gauge_uncertainty,P3_explicit_gauge_persistent,True,inference-admissible,0.1268650947791123,0.6744605477155093,True,True,0.00821438844713705,0.00024367443352847355,0.00024367443352847355,False,False,0.9703356573533601,0.9703356573533601,1.0,0.000572140264095815,0.9999999999999858,0.8512222836452609,0.8618939187586407,True
bayesian-phystwin-prob4d-controlled-decisive-trial,target-large_gauge_uncertainty-318820855,large_gauge_uncertainty,P3_explicit_gauge_persistent,True,inference-admissible,0.126453023737382,0.6744605477155093,True,True,0.00952465845083217,0.0001844670322916639,0.0001844670322916639,False,False,0.9806326879600027,0.9806326879600027,1.0,0.0006784877820862244,0.9999999999996447,0.894215564366133,0.7956299019581388,True
bayesian-phystwin-prob4d-controlled-decisive-trial,target-large_gauge_uncertainty-318820856,large_gauge_uncertainty,P3_explicit_gauge_persistent,True,inference-admissible,0.12154710264490348,0.6744605477155093,True,True,0.0075035069910854135,8.920665146028578e-05,8.920665146028578e-05,False,False,0.988111338929081,0.988111338929081,1.0,0.0006291184624065271,0.999999999999936,0.8752829412218166,0.8356447878469212,True
bayesian-phystwin-prob4d-controlled-decisive-trial,target-large_gauge_uncertainty-318820857,large_gauge_uncertainty,P3_explicit_gauge_persistent,True,inference-admissible,0.07676736879142454,0.6744605477155093,True,True,0.009330560717990356,0.00032130249903544327,0.00032130249903544327,False,False,0.9655645026331658,0.9655645026331658,1.0,0.0006260481739313804,0.9999999999996056,0.9561041358015882,0.8630473341521568,True
bayesian-phystwin-prob4d-controlled-decisive-trial,target-large_gauge_uncertainty-318820858,large_gauge_uncertainty,P3_explicit_gauge_persistent,True,inference-admissible,0.09771695870360558,0.6744605477155093,True,True,0.009117919351208736,0.00026561078143988925,0.00026561078143988925,False,False,0.9708693649056374,0.9708693649056374,1.0,0.0006331012418414988,0.9999999999998828,0.9518235965780599,0.8001594480082252,True
bayesian-phystwin-prob4d-controlled-decisive-trial,target-large_gauge_uncertainty-318820859,large_gauge_uncertainty,P3_explicit_gauge_persistent,True,inference-admissible,0.14701322887633395,0.6744605477155093,True,True,0.008360857045296724,0.0002757922368007913,0.0002757922368007913,False,False,0.9670138796409713,0.9670138796409713,1.0,0.0006227227321982169,0.9999999999997442,0.795203833900964,0.9123807272164771,True
bayesian-phystwin-prob4d-controlled-decisive-trial,target-large_gauge_uncertainty-318820860,large_gauge_uncertainty,P3_explicit_gauge_persistent,True,inference-admissible,0.15368871042269616,0.6744605477155093,True,True,0.005971258625941111,0.0003011710601007469,0.0003011710601007469,False,False,0.9495632195878503,0.9495632195878503,1.0,0.0006170376205071235,0.9999999999996305,0.8444524351463609,0.7754681189409418,True
bayesian-phystwin-prob4d-controlled-decisive-trial,target-large_gauge_uncertainty-318820861,large_gauge_uncertainty,P3_explicit_gauge_persistent,True,inference-admissible,0.07891230235767954,0.6744605477155093,True,True,0.003522802795236866,0.0004057955893913369,0.0004057955893913369,False,False,0.8848088828758716,0.8848088828758716,1.0,0.0005987840789843576,0.9999999999999787,0.9055672040179263,0.9448657437122697,True
bayesian-phystwin-prob4d-controlled-decisive-trial,target-large_gauge_uncertainty-318820862,large_gauge_uncertainty,P3_explicit_gauge_persistent,True,inference-admissible,0.10370090833611484,0.6744605477155093,True,True,0.005195257763743167,0.00045603215598054357,0.00045603215598054357,False,False,0.9122214571983096,0.9122214571983096,1.0,0.0006056354891644549,0.9999999999998934,0.8674988450879777,0.9227280689565035,True
bayesian-phystwin-prob4d-controlled-decisive-trial,target-large_gauge_uncertainty-318820863,large_gauge_uncertainty,P3_explicit_gauge_persistent,True,inference-admissible,0.10629648302284708,0.6744605477155093,True,True,0.00621319358371174,0.00022312055793256,0.00022312055793256,False,False,0.9640892312582238,0.9640892312582238,1.0,0.0006344234579188893,0.9999999999998792,0.8986051225230596,0.8520718410127084,True
bayesian-phystwin-prob4d-controlled-decisive-trial,target-large_gauge_uncertainty-318820864,large_gauge_uncertainty,P3_explicit_gauge_persistent,True,inference-admissible,0.10149079982523393,0.6744605477155093,True,True,0.006772358656203738,0.0001971029966787121,0.0001971029966787121,False,False,0.9708959600805905,0.9708959600805905,1.0,0.000649730932702611,0.9999999999996483,0.9369613523707438,0.8059584252858794,True
bayesian-phystwin-prob4d-controlled-decisive-trial,target-large_gauge_uncertainty-318820865,large_gauge_uncertainty,P3_explicit_gauge_persistent,True,inference-admissible,0.11791970243310426,0.6744605477155093,True,True,0.0038006367014175053,0.00021985649332310986,0.00021985649332310986,False,False,0.9421527205583446,0.9421527205583446,1.0,0.0006126010546030634,0.9999999999999929,0.9166556030614875,0.7760209125139499,True
bayesian-phystwin-prob4d-controlled-decisive-trial,target-large_gauge_uncertainty-318820866,large_gauge_uncertainty,P3_explicit_gauge_persistent,True,inference-admissible,0.0762657209376778,0.6744605477155093,True,True,0.008980113215636038,0.00020623299467974936,0.00020623299467974936,False,False,0.977034477213421,0.977034477213421,1.0,0.0006026748300221703,0.9999999999999787,0.9277852151891026,0.9125365165270384,True
bayesian-phystwin-prob4d-controlled-decisive-trial,target-large_gauge_uncertainty-318820867,large_gauge_uncertainty,P3_explicit_gauge_persistent,True,inference-admissible,0.13728450462837433,0.6744605477155093,True,True,0.002621174491785892,0.00041757108163487073,0.00041757108163487073,False,False,0.8406931385363948,0.8406931385363948,1.0,0.0006919576268465929,0.9999999999978968,0.8900635710671675,0.7503363858718293,True
bayesian-phystwin-prob4d-controlled-decisive-trial,target-mixed_stress-318920804,mixed_stress,P3_explicit_gauge_persistent,True,inference-admissible,0.34444157467445735,0.6744605477155093,True,True,0.004257484019844301,0.00010723781650279545,0.00010723781650279545,False,False,0.9748119274193501,0.9748119274193501,1.0,0.000689108840064246,0.7508708589004105,0.9011853400863405,0.9073871780294082,True
bayesian-phystwin-prob4d-controlled-decisive-trial,target-mixed_stress-318920805,mixed_stress,P3_explicit_gauge_persistent,True,inference-admissible,0.5892294296167349,0.6744605477155093,True,True,0.008249428258314363,0.0004516741043719287,0.0004516741043719287,False,False,0.945247829276326,0.945247829276326,1.0,0.000993653124495697,0.5019939204528183,0.9366623338266883,0.8875831878060376,True
bayesian-phystwin-prob4d-controlled-decisive-trial,target-mixed_stress-318920806,mixed_stress,P3_explicit_gauge_persistent,True,inference-admissible,0.5603817154242339,0.6744605477155093,True,True,0.009047445800643058,0.00022817087026943725,0.00022817087026943725,False,False,0.9747806314293456,0.9747806314293456,1.0,0.0008942744251627908,0.501908575713493,0.9675434998696206,0.9329535189293825,True
bayesian-phystwin-prob4d-controlled-decisive-trial,target-mixed_stress-318920807,mixed_stress,P3_explicit_gauge_persistent,True,inference-admissible,0.6130016428953394,0.6744605477155093,True,True,0.0068395487857424485,0.00016630487428847672,0.00016630487428847672,False,False,0.975684817888111,0.975684817888111,1.0,0.0011007488159852667,0.5018137293414285,0.9492287964834172,0.7732249914020337,True
bayesian-phystwin-prob4d-controlled-decisive-trial,target-mixed_stress-318920808,mixed_stress,P3_explicit_gauge_persistent,True,inference-admissible,0.08952928739723794,0.6744605477155093,True,True,0.007504565343587711,0.00029658755658037517,0.00029658755658037517,False,False,0.9604790493517663,0.9604790493517663,1.0,0.0006056010994123641,0.9999999999799698,0.9343798464796064,0.8543888245181862,True
bayesian-phystwin-prob4d-controlled-decisive-trial,target-mixed_stress-318920809,mixed_stress,P3_explicit_gauge_persistent,True,inference-admissible,0.0809163111250314,0.6744605477155093,True,True,0.007853150002300262,0.00017538639142631034,0.00017538639142631034,False,False,0.9776667462897133,0.9776667462897133,1.0,0.0006417616204578963,0.9999999999934488,0.9336534093921869,0.8915061645575518,True
bayesian-phystwin-prob4d-controlled-decisive-trial,target-mixed_stress-318920810,mixed_stress,P3_explicit_gauge_persistent,True,inference-admissible,0.09099596399583434,0.6744605477155093,True,True,0.0022596819915972756,0.00012362837137959434,0.00012362837137959434,False,False,0.9452894823965001,0.9452894823965001,1.0,0.0005809592550155962,0.9999999999999325,0.9385172517295047,0.8356667199596578,True
bayesian-phystwin-prob4d-controlled-decisive-trial,target-mixed_stress-318920811,mixed_stress,P3_explicit_gauge_persistent,True,inference-admissible,0.33402775597458567,0.6744605477155093,True,True,0.0022713007412238093,0.00033535720421788587,0.00033535720421788587,False,False,0.8523501541952605,0.8523501541952605,1.0,0.0008771406576295483,0.7508086657029774,0.9352565157271429,0.9064440706383526,True
bayesian-phystwin-prob4d-controlled-decisive-trial,target-mixed_stress-318920812,mixed_stress,P3_explicit_gauge_persistent,True,inference-admissible,0.38563790663339925,0.6744605477155093,True,True,0.006065894510441812,0.0002513316099149493,0.0002513316099149493,False,False,0.9585664390499525,0.9585664390499525,1.0,0.0007935199565666156,0.7509911708440378,0.8664799719635878,0.8186905993888061,True
bayesian-phystwin-prob4d-controlled-decisive-trial,target-mixed_stress-318920813,mixed_stress,P3_explicit_gauge_persistent,True,inference-admissible,0.09283562458666908,0.6744605477155093,True,True,0.005196554670634641,0.00015480394886233968,0.00015480394886233968,False,False,0.9702102722526667,0.9702102722526667,1.0,0.0006355000948712837,0.9999999999998188,0.9535080510360628,0.8045703948859563,True
bayesian-phystwin-prob4d-controlled-decisive-trial,target-mixed_stress-318920814,mixed_stress,P3_explicit_gauge_persistent,True,inference-admissible,0.6879280624497321,0.6744605477155093,False,True,0.004000548116104895,0.0003673353206466494,0.004000548116104895,False,False,0.9081787520145358,0.0,1.0,0.0007196820160540451,0.7510484673536575,0.9345117055831527,0.8776390374283977,False
bayesian-phystwin-prob4d-controlled-decisive-trial,target-mixed_stress-318920815,mixed_stress,P3_explicit_gauge_persistent,True,inference-admissible,0.9402348797636179,0.6744605477155093,False,True,0.0036569750609246323,0.00019793398328245992,0.0036569750609246323,False,False,0.9458749430923343,0.0,1.0,0.0007866830813452217,0.5019883720362603,0.9483855357668407,0.8346920949238641,False
bayesian-phystwin-prob4d-controlled-decisive-trial,target-mixed_stress-318920816,mixed_stress,P3_explicit_gauge_persistent,True,inference-admissible,0.0834178610797013,0.6744605477155093,True,True,0.0031286479700473506,0.00031686373287985735,0.00031686373287985735,False,False,0.8987218325892185,0.8987218325892185,1.0,0.0006578839290153482,0.9999999999997087,0.9350223742338899,0.8769447057558983,True
bayesian-phystwin-prob4d-controlled-decisive-trial,target-mixed_stress-318920817,mixed_stress,P3_explicit_gauge_persistent,True,inference-admissible,0.5956206282869428,0.6744605477155093,True,True,0.009844958256679992,0.00018284178479654147,0.00018284178479654147,False,False,0.9814278760732703,0.9814278760732703,1.0,0.001034581960489375,0.5013487349842202,0.9730159508796637,0.8203354751991223,True
bayesian-phystwin-prob4d-controlled-decisive-trial,target-mixed_stress-318920818,mixed_stress,P3_explicit_gauge_persistent,True,inference-admissible,0.4060839340852615,0.6744605477155093,True,True,0.004738162015447977,0.00024891057675144215,0.00024891057675144215,False,False,0.9474668498164666,0.9474668498164666,1.0,0.0006708733823951666,0.7509349299032337,0.8606752564629452,0.7353921962588361,True
bayesian-phystwin-prob4d-controlled-decisive-trial,target-mixed_stress-318920819,mixed_stress,P3_explicit_gauge_persistent,True,inference-admissible,0.351258511269174,0.6744605477155093,True,True,0.004361678906036321,0.00011135827297352857,0.00011135827297352857,False,False,0.9744689429523538,0.9744689429523538,1.0,0.0006155324575105801,0.7502878248630303,0.9448100341692024,0.7760335913047611,True
bayesian-phystwin-prob4d-controlled-decisive-trial,target-mixed_stress-318920820,mixed_stress,P3_explicit_gauge_persistent,True,inference-admissible,0.33939149274213193,0.6744605477155093,True,True,0.006556581742314347,0.0003679518071457298,0.0003679518071457298,False,False,0.9438805430013826,0.9438805430013826,1.0,0.0007221658979718373,0.751143077541077,0.8665531552400313,0.9915129221918593,True
bayesian-phystwin-prob4d-controlled-decisive-trial,target-mixed_stress-318920821,mixed_stress,P3_explicit_gauge_persistent,True,inference-admissible,0.07371532433432502,0.6744605477155093,True,True,0.0016691815698563152,0.00029563807919096713,0.00029563807919096713,False,False,0.8228844096233245,0.8228844096233245,1.0,0.0005864441287587748,0.9999999999980567,0.8980474904367097,0.9732676872317503,True
bayesian-phystwin-prob4d-controlled-decisive-trial,target-mixed_stress-318920822,mixed_stress,P3_explicit_gauge_persistent,True,inference-admissible,0.09059319136865414,0.6744605477155093,True,True,0.003042062866155528,0.00030072373618055583,0.00030072373618055583,False,False,0.9011447989697196,0.9011447989697196,1.0,0.0006713976302962932,0.9999999999987175,0.907340474544918,0.9026638233298862,True
bayesian-phystwin-prob4d-controlled-decisive-trial,target-mixed_stress-318920823,mixed_stress,P3_explicit_gauge_persistent,True,inference-admissible,0.5880797990570708,0.6744605477155093,True,True,0.006831596039747789,0.0004840626924119595,0.0004840626924119595,False,False,0.9291435427979682,0.9291435427979682,1.0,0.0008307327046324517,0.501933387961713,0.8921306394341197,0.9596746684601976,True
bayesian-phystwin-prob4d-controlled-decisive-trial,target-mixed_stress-318920824,mixed_stress,P3_explicit_gauge_persistent,True,inference-admissible,0.34730428549454284,0.6744605477155093,True,True,0.008372421099677377,0.00017169866625832756,0.00017169866625832756,False,False,0.9794923518282013,0.9794923518282013,1.0,0.000643548438964859,0.7512649331197832,0.9193214798098704,0.855027676268218,True
bayesian-phystwin-prob4d-controlled-decisive-trial,target-mixed_stress-318920825,mixed_stress,P3_explicit_gauge_persistent,True,inference-admissible,0.08361728099898891,0.6744605477155093,True,True,0.008011887347319231,0.00018801015260941324,0.00018801015260941324,False,False,0.9765336000795966,0.9765336000795966,1.0,0.000633034394435326,0.9999999998547615,0.9182128154294996,0.9104973593563218,True
bayesian-phystwin-prob4d-controlled-decisive-trial,target-mixed_stress-318920826,mixed_stress,P3_explicit_gauge_persistent,True,inference-admissible,0.07730696882485082,0.6744605477155093,True,True,0.007749819701490868,0.0003166950380539661,0.0003166950380539661,False,False,0.9591351734295132,0.9591351734295132,1.0,0.0005735357057944372,0.9999999999999432,0.9567556504067585,0.8566307785081722,True
bayesian-phystwin-prob4d-controlled-decisive-trial,target-mixed_stress-318920827,mixed_stress,P3_explicit_gauge_persistent,True,inference-admissible,0.12614177325970574,0.6744605477155093,True,True,0.002346844974378024,0.00026867783847289175,0.00026867783847289175,False,False,0.8855153018600649,0.8855153018600649,1.0,0.0006307175783302212,0.9999999999879101,0.9180787518978144,0.7288535963218008,True
bayesian-phystwin-prob4d-controlled-decisive-trial,target-mixed_stress-318920828,mixed_stress,P3_explicit_gauge_persistent,True,inference-admissible,0.3445977587426828,0.6744605477155093,True,True,0.0020669497441323137,0.00022697399846837886,0.00022697399846837886,False,False,0.8901889128592914,0.8901889128592914,1.0,0.0006634825205103275,0.751044435563593,0.9272322766414981,0.8396882239426238,True
bayesian-phystwin-prob4d-controlled-decisive-trial,target-mixed_stress-318920829,mixed_stress,P3_explicit_gauge_persistent,True,inference-admissible,0.3635434752646517,0.6744605477155093,True,True,0.0060399368315731455,0.00029049222695034165,0.00029049222695034165,False,False,0.9519047574418621,0.9519047574418621,1.0,0.0005894761056501659,0.7508819241650647,0.9488364870055223,0.7097424009020672,True
bayesian-phystwin-prob4d-controlled-decisive-trial,target-mixed_stress-318920830,mixed_stress,P3_explicit_gauge_persistent,True,inference-admissible,0.6085782203823137,0.6744605477155093,True,True,0.00223087529381282,0.0004617962062523083,0.0004617962062523083,False,False,0.7929977495680425,0.7929977495680425,1.0,0.000997784202331261,0.5020300169739125,0.9570145500617867,0.7986657558754843,True
bayesian-phystwin-prob4d-controlled-decisive-trial,target-mixed_stress-318920831,mixed_stress,P3_explicit_gauge_persistent,True,inference-admissible,0.38007081872764814,0.6744605477155093,True,True,0.0027991236151480494,0.00016319321614194644,0.00016319321614194644,False,False,0.941698460454268,0.941698460454268,1.0,0.0009494040346066885,0.7509059034439503,0.9352223814860683,0.7205008919982668,True
bayesian-phystwin-prob4d-controlled-decisive-trial,target-mixed_stress-318920832,mixed_stress,P3_explicit_gauge_persistent,True,inference-admissible,0.7376844817827442,0.6744605477155093,False,True,0.0034366604146397507,0.00031922418056454645,0.0034366604146397507,False,False,0.9071120966142914,0.0,1.0,0.0006821728332917877,0.7511163933984248,0.9155089482323695,0.706480870470269,False
bayesian-phystwin-prob4d-controlled-decisive-trial,target-mixed_stress-318920833,mixed_stress,P3_explicit_gauge_persistent,True,inference-admissible,0.0954371058148832,0.6744605477155093,True,True,0.006649591135228967,0.00029888811718164164,0.00029888811718164164,False,False,0.9550516548907559,0.9550516548907559,1.0,0.000613071231304506,0.9999999999999751,0.855517404146929,0.9838503193358079,True
bayesian-phystwin-prob4d-controlled-decisive-trial,target-mixed_stress-318920834,mixed_stress,P3_explicit_gauge_persistent,True,inference-admissible,0.12060337680669929,0.6744605477155093,True,True,0.003934798931674845,0.0002626244998190725,0.0002626244998190725,False,False,0.93325592885955,0.93325592885955,1.0,0.0006349087263423638,0.9999999999997122,0.8628888895395486,0.8684424420490463,True
bayesian-phystwin-prob4d-controlled-decisive-trial,target-mixed_stress-318920835,mixed_stress,P3_explicit_gauge_persistent,True,inference-admissible,0.08840716388022356,0.6744605477155093,True,True,0.005526274303523965,0.0002544891515425433,0.0002544891515425433,False,False,0.9539492363996007,0.9539492363996007,1.0,0.0006636766740544226,0.9999999999974385,0.9490808352108177,0.8254627552767452,True
bayesian-phystwin-prob4d-controlled-decisive-trial,target-mixed_stress-318920836,mixed_stress,P3_explicit_gauge_persistent,True,inference-admissible,0.14912202432006855,0.6744605477155093,True,True,0.006196451883297416,0.000104420357085564,0.000104420357085564,False,False,0.9831483631193797,0.9831483631193797,1.0,0.0006939181248968544,0.9999999999879421,0.809002071700135,0.8842654981272217,True
bayesian-phystwin-prob4d-controlled-decisive-trial,target-mixed_stress-318920837,mixed_stress,P3_explicit_gauge_persistent,True,inference-admissible,0.3408701677370586,0.6744605477155093,True,True,0.00352754526515169,0.0004284568545038571,0.0004284568545038571,False,False,0.8785396579495252,0.8785396579495252,1.0,0.0006729943358661173,0.7508796878670472,0.9418489276749313,0.8313331018428065,True
bayesian-phystwin-prob4d-controlled-decisive-trial,target-mixed_stress-318920838,mixed_stress,P3_explicit_gauge_persistent,True,inference-admissible,0.13661413676895057,0.6744605477155093,True,True,0.007015176076499218,0.0001755574236303953,0.0001755574236303953,False,False,0.9749746233428821,0.9749746233428821,1.0,0.000711487616971842,0.9999999998822275,0.9234300104585368,0.6977876110396338,True
bayesian-phystwin-prob4d-controlled-decisive-trial,target-mixed_stress-318920839,mixed_stress,P3_explicit_gauge_persistent,True,inference-admissible,0.3530308560380335,0.6744605477155093,True,True,0.004379132243090214,0.0002913228271866141,0.0002913228271866141,False,False,0.9334747591497632,0.9334747591497632,1.0,0.0006598433197976664,0.7509042997813598,0.8875838753804357,0.8952258903448836,True
bayesian-phystwin-prob4d-controlled-decisive-trial,target-mixed_stress-318920840,mixed_stress,P3_explicit_gauge_persistent,True,inference-admissible,0.3695681750751175,0.6744605477155093,True,True,0.0026645807706204487,0.0002465107799642764,0.0002465107799642764,False,False,0.9074860921153926,0.9074860921153926,1.0,0.000662267512071866,0.7510810803086794,0.8982627366403821,0.8147833188350904,True
bayesian-phystwin-prob4d-controlled-decisive-trial,target-mixed_stress-318920841,mixed_stress,P3_explicit_gauge_persistent,True,inference-admissible,0.14385923687144414,0.6744605477155093,True,True,0.004093070025326843,0.000343703141550573,0.000343703141550573,False,False,0.9160280328888027,0.9160280328888027,1.0,0.0006548419575153432,0.9999999999985114,0.8136134658054184,0.8736503294828387,True
bayesian-phystwin-prob4d-controlled-decisive-trial,target-mixed_stress-318920842,mixed_stress,P3_explicit_gauge_persistent,True,inference-admissible,0.33997247861400365,0.6744605477155093,True,True,0.00634360703649337,5.2449642242308725e-05,5.2449642242308725e-05,False,False,0.9917318897686163,0.9917318897686163,1.0,0.000906955408425305,0.7508792866454077,0.9476853699678264,0.8631678489513348,True
bayesian-phystwin-prob4d-controlled-decisive-trial,target-mixed_stress-318920843,mixed_stress,P3_explicit_gauge_persistent,True,inference-admissible,0.33610704290705606,0.6744605477155093,True,True,0.005201324542105712,0.0005860519631544444,0.0005860519631544444,False,False,0.8873263995718317,0.8873263995718317,1.0,0.0009319958519202441,0.750915730404831,0.9181062883932577,0.9333381029536311,True
bayesian-phystwin-prob4d-controlled-decisive-trial,target-mixed_stress-318920844,mixed_stress,P3_explicit_gauge_persistent,True,inference-admissible,0.09137572103912728,0.6744605477155093,True,True,0.006709477650524742,0.00031130046231646276,0.00031130046231646276,False,False,0.9536028766274948,0.9536028766274948,1.0,0.0006332459506682223,0.9999999999992006,0.9426874961895823,0.8432561026814432,True
bayesian-phystwin-prob4d-controlled-decisive-trial,target-mixed_stress-318920845,mixed_stress,P3_explicit_gauge_persistent,True,inference-admissible,0.35593169660491636,0.6744605477155093,True,True,0.0022912518172043873,0.00027082011812711807,0.00027082011812711807,False,False,0.8818025517345569,0.8818025517345569,1.0,0.0007099215046234504,0.7509878324139844,0.9229406536210317,0.8047121554943475,True
bayesian-phystwin-prob4d-controlled-decisive-trial,target-mixed_stress-318920846,mixed_stress,P3_explicit_gauge_persistent,True,inference-admissible,0.36340186483267956,0.6744605477155093,True,True,0.002843688801480675,0.00023186157924604282,0.00023186157924604282,False,False,0.9184645031744277,0.9184645031744277,1.0,0.0007315420283886039,0.7502476370526704,0.9636657850843807,0.714548095826553,True
bayesian-phystwin-prob4d-controlled-decisive-trial,target-mixed_stress-318920847,mixed_stress,P3_explicit_gauge_persistent,True,inference-admissible,0.38976688016543065,0.6744605477155093,True,True,0.00570951558554897,0.00019134217519795768,0.00019134217519795768,False,False,0.966487143728576,0.966487143728576,1.0,0.00068775112417207,0.7508412532222986,0.8928385097511635,0.7288927697153633,True
bayesian-phystwin-prob4d-controlled-decisive-trial,target-mixed_stress-318920848,mixed_stress,P3_explicit_gauge_persistent,True,inference-admissible,0.38665671603167734,0.6744605477155093,True,True,0.0042197131799195705,0.00019024726153625248,0.00019024726153625248,False,False,0.9549146462272399,0.9549146462272399,1.0,0.000826196440518092,0.7547216725997835,0.9011678637805497,0.7392892728768832,True
bayesian-phystwin-prob4d-controlled-decisive-trial,target-mixed_stress-318920849,mixed_stress,P3_explicit_gauge_persistent,True,inference-admissible,0.09160008533854698,0.6744605477155093,True,True,0.0031150288266262116,0.0003743985644890016,0.0003743985644890016,False,False,0.8798089567297839,0.8798089567297839,1.0,0.0005908692214150533,0.9999999999512923,0.938113659459265,0.8386857688399489,True
bayesian-phystwin-prob4d-controlled-decisive-trial,target-mixed_stress-318920850,mixed_stress,P3_explicit_gauge_persistent,True,inference-admissible,0.0966880875035683,0.6744605477155093,True,True,0.004974919279476662,0.00020483531719663002,0.00020483531719663002,False,False,0.9588264038691744,0.9588264038691744,1.0,0.0006508975841833683,0.9999999997635918,0.9088196755040298,0.8800610163602319,True
bayesian-phystwin-prob4d-controlled-decisive-trial,target-mixed_stress-318920851,mixed_stress,P3_explicit_gauge_persistent,True,inference-admissible,0.630264555207143,0.6744605477155093,True,True,0.00045059617520858835,0.00031933046284444695,0.00031933046284444695,False,False,0.2913156382283457,0.2913156382283457,1.0,0.0010181574921540705,0.5021943533108424,0.962956829552571,0.6848257102109879,True
bayesian-phystwin-prob4d-controlled-decisive-trial,target-mixed_stress-318920852,mixed_stress,P3_explicit_gauge_persistent,True,inference-admissible,0.34597934011084286,0.6744605477155093,True,True,0.005097926767824955,0.00030215390304257176,0.00030215390304257176,False,False,0.9407300424655792,0.9407300424655792,1.0,0.0007434639836131438,0.7503358691392983,0.92783375246638,0.8748511793016512,True
bayesian-phystwin-prob4d-controlled-decisive-trial,target-mixed_stress-318920853,mixed_stress,P3_explicit_gauge_persistent,True,inference-admissible,0.07702640178034029,0.6744605477155093,True,True,0.005679649698083115,0.0002353236993148525,0.0002353236993148525,False,False,0.9585672159685703,0.9585672159685703,1.0,0.0006438262228606343,0.9999999999997407,0.9419017924453364,0.8983923528353266,True
bayesian-phystwin-prob4d-controlled-decisive-trial,target-mixed_stress-318920854,mixed_stress,P3_explicit_gauge_persistent,True,inference-admissible,0.3343083904477005,0.6744605477155093,True,True,0.0070584770070194845,0.00020838778540778014,0.00020838778540778014,False,False,0.9704769477607501,0.9704769477607501,1.0,0.0007303485210051849,0.7510127177136543,0.8785703079759313,0.9820774740744211,True
bayesian-phystwin-prob4d-controlled-decisive-trial,target-mixed_stress-318920855,mixed_stress,P3_explicit_gauge_persistent,True,inference-admissible,0.38740407301120583,0.6744605477155093,True,True,0.008395289054847306,0.0001667671768743252,0.0001667671768743252,False,False,0.9801356241834179,0.9801356241834179,1.0,0.0007070045877309615,0.7508852414499895,0.9050019830756963,0.7149209405307592,True
bayesian-phystwin-prob4d-controlled-decisive-trial,target-mixed_stress-318920856,mixed_stress,P3_explicit_gauge_persistent,True,inference-admissible,0.13609907258715626,0.6744605477155093,True,True,0.006064975277261084,0.00019693111698332203,0.00019693111698332203,False,False,0.9675297741572567,0.9675297741572567,1.0,0.0006329493420687829,0.9999999999995488,0.8693558082825913,0.8033519751366995,True
bayesian-phystwin-prob4d-controlled-decisive-trial,target-mixed_stress-318920857,mixed_stress,P3_explicit_gauge_persistent,True,inference-admissible,0.7020006569845079,0.6744605477155093,False,True,0.003531143553359264,0.0004360385631188811,0.003531143553359264,False,False,0.8765163306079509,0.0,1.0,0.0008077306153663042,0.7503418448615652,0.9396101637476114,0.8128128670819307,False
bayesian-phystwin-prob4d-controlled-decisive-trial,target-mixed_stress-318920858,mixed_stress,P3_explicit_gauge_persistent,True,inference-admissible,0.7358689332126316,0.6744605477155093,False,True,0.008459358529487008,0.0003711200776242874,0.008459358529487008,False,False,0.9561290520633847,0.0,1.0,0.0009672102247792491,0.7507428138948886,0.9067071407085711,0.7627469105230542,False
bayesian-phystwin-prob4d-controlled-decisive-trial,target-mixed_stress-318920859,mixed_stress,P3_explicit_gauge_persistent,True,inference-admissible,0.5685913023299412,0.6744605477155093,True,True,0.005269284923542608,0.0004489100606256342,0.0004489100606256342,False,False,0.914806265529512,0.914806265529512,1.0,0.0008211410396969754,0.5021216939232779,0.9417361394902533,0.9573014635592342,True
bayesian-phystwin-prob4d-controlled-decisive-trial,target-mixed_stress-318920860,mixed_stress,P3_explicit_gauge_persistent,True,inference-admissible,0.3263332433046528,0.6744605477155093,True,True,0.008722250546636598,0.00019164747055312712,0.00019164747055312712,False,False,0.9780277498876676,0.9780277498876676,1.0,0.000900916694070616,0.7511576016187884,0.9526198492832645,0.9147912725878058,True
bayesian-phystwin-prob4d-controlled-decisive-trial,target-mixed_stress-318920861,mixed_stress,P3_explicit_gauge_persistent,True,inference-admissible,0.7231332740355016,0.6744605477155093,False,True,0.007755448498105406,0.0005250636142798678,0.007755448498105406,False,False,0.9322974532796993,0.0,1.0,0.000897040851979666,0.75026777506086,0.8915651113748946,0.8492415575675346,False
bayesian-phystwin-prob4d-controlled-decisive-trial,target-mixed_stress-318920862,mixed_stress,P3_explicit_gauge_persistent,True,inference-admissible,0.3385228380357299,0.6744605477155093,True,True,0.006220063163305213,0.0009249731377952101,0.0009249731377952101,False,False,0.8512920024265962,0.8512920024265962,0.0,0.0009067596480473794,0.7510127117602207,0.8792794487117264,0.9880254938712716,True
bayesian-phystwin-prob4d-controlled-decisive-trial,target-mixed_stress-318920863,mixed_stress,P3_explicit_gauge_persistent,True,inference-admissible,0.2929418203594395,0.6744605477155093,True,True,0.006795958514221737,0.00019312776611737833,0.00019312776611737833,False,False,0.9715819680603958,0.9715819680603958,1.0,0.0006413794725148824,0.7512195579729779,0.9765780358862216,0.9407376516631657,True
bayesian-phystwin-prob4d-controlled-decisive-trial,target-mixed_stress-318920864,mixed_stress,P3_explicit_gauge_persistent,True,inference-admissible,0.09237894792164777,0.6744605477155093,True,True,0.006320217354846661,0.00013036342668433368,0.00013036342668433368,False,False,0.9793735848998351,0.9793735848998351,1.0,0.0006662207396067318,0.9999999999996767,0.8859883542377242,0.9440529948758188,True
bayesian-phystwin-prob4d-controlled-decisive-trial,target-mixed_stress-318920865,mixed_stress,P3_explicit_gauge_persistent,True,inference-admissible,0.3369560215922126,0.6744605477155093,True,True,0.008174092081910209,7.14258081860522e-05,7.14258081860522e-05,False,False,0.991261927628131,0.991261927628131,1.0,0.0006837138186102354,0.7509149499227386,0.9314698771791314,0.8798769993003825,True
bayesian-phystwin-prob4d-controlled-decisive-trial,target-mixed_stress-318920866,mixed_stress,P3_explicit_gauge_persistent,True,inference-admissible,0.5601495282495441,0.6744605477155093,True,True,0.005438184295940302,0.00043437789218586653,0.00043437789218586653,False,False,0.9201244627714922,0.9201244627714922,1.0,0.0007829396016503003,0.5017879020499725,0.9526669768183567,0.93043749295139,True
bayesian-phystwin-prob4d-controlled-decisive-trial,target-mixed_stress-318920867,mixed_stress,P3_explicit_gauge_persistent,True,inference-admissible,0.3603310060429973,0.6744605477155093,True,True,0.009543632283449845,0.0003069633824553984,0.0003069633824553984,False,False,0.9678357910973036,0.9678357910973036,1.0,0.0006108833105944887,0.7509061269289752,0.9255197472903423,0.7772232595978471,True
bayesian-phystwin-prob4d-controlled-decisive-trial,target-nominal_correlated-318420804,nominal_correlated,P4_explicit_gauge_persistent_metric_anchor,True,inference-admissible,0.09177515831833893,0.6665592651560721,True,True,0.003173077289673415,0.00026291292637573195,0.00026291292637573195,False,False,0.9171426024725695,0.9171426024725695,1.0,0.0006258208357616779,0.9999999999999893,0.9317952485736417,0.8573760114484729,True
bayesian-phystwin-prob4d-controlled-decisive-trial,target-nominal_correlated-318420805,nominal_correlated,P4_explicit_gauge_persistent_metric_anchor,True,inference-admissible,0.07572924185924743,0.6665592651560721,True,True,0.0034597442387149036,0.0002451724773270428,0.0002451724773270428,False,False,0.9291356642541558,0.9291356642541558,1.0,0.0006121759120604759,0.9999999999999893,0.9146055722809326,0.9455092653763203,True
bayesian-phystwin-prob4d-controlled-decisive-trial,target-nominal_correlated-318420806,nominal_correlated,P4_explicit_gauge_persistent_metric_anchor,True,inference-admissible,0.09202645162824538,0.6665592651560721,True,True,0.00252557343092159,0.0004036522938976095,0.0004036522938976095,False,False,0.840174002087789,0.840174002087789,1.0,0.0006214362221781748,0.9999999999999964,0.9576146776863339,0.7920824652147339,True
bayesian-phystwin-prob4d-controlled-decisive-trial,target-nominal_correlated-318420807,nominal_correlated,P4_explicit_gauge_persistent_metric_anchor,True,inference-admissible,0.04889461579834482,0.6665592651560721,True,True,0.00363734890911544,0.00023924190281846952,0.00023924190281846952,False,False,0.9342262981098917,0.9342262981098917,1.0,0.0006104902480379456,0.9999999999998508,0.9849565856002498,0.917218471138037,True
bayesian-phystwin-prob4d-controlled-decisive-trial,target-nominal_correlated-318420808,nominal_correlated,P4_explicit_gauge_persistent_metric_anchor,True,inference-admissible,0.06321597595912815,0.6665592651560721,True,True,0.006618358675767432,0.0002242056820449114,0.0002242056820449114,False,False,0.9661236730995221,0.9661236730995221,1.0,0.0006364248235760531,0.999999999999936,0.9251735925306398,0.975736558764466,True
bayesian-phystwin-prob4d-controlled-decisive-trial,target-nominal_correlated-318420809,nominal_correlated,P4_explicit_gauge_persistent_metric_anchor,True,inference-admissible,0.03939304345006554,0.6665592651560721,True,True,0.008763860558339342,0.0003106643416259934,0.0003106643416259934,False,False,0.9645516562526343,0.9645516562526343,1.0,0.0006272198532636329,0.9999999999560245,0.9765617357064098,0.9651056142433648,True
bayesian-phystwin-prob4d-controlled-decisive-trial,target-nominal_correlated-318420810,nominal_correlated,P4_explicit_gauge_persistent_metric_anchor,True,inference-admissible,0.0726775108644418,0.6665592651560721,True,True,0.0033459813777053566,0.0002271579597839213,0.0002271579597839213,False,False,0.9321102139726479,0.9321102139726479,1.0,0.000678204433760603,0.9999999999994138,0.9765266213066776,0.8401748162729338,True
bayesian-phystwin-prob4d-controlled-decisive-trial,target-nominal_correlated-318420811,nominal_correlated,P4_explicit_gauge_persistent_metric_anchor,True,inference-admissible,0.09919403947966977,0.6665592651560721,True,True,0.0056739267504122975,0.0003297855549989037,0.0003297855549989037,False,False,0.9418770157766067,0.9418770157766067,1.0,0.0006293563541244167,0.9999999999999112,0.9436377451897818,0.7943735709729048,True
bayesian-phystwin-prob4d-controlled-decisive-trial,target-nominal_correlated-318420812,nominal_correlated,P4_explicit_gauge_persistent_metric_anchor,True,inference-admissible,0.07513164242904594,0.6665592651560721,True,True,0.007466767888902175,0.00018523008553568787,0.00018523008553568787,False,False,0.975192735559519,0.975192735559519,1.0,0.0006425199232469042,0.9999999999996874,0.9746696729755778,0.841939520740064,True
bayesian-phystwin-prob4d-controlled-decisive-trial,target-nominal_correlated-318420813,nominal_correlated,P4_explicit_gauge_persistent_metric_anchor,True,inference-admissible,0.14291424634527955,0.6665592651560721,True,True,0.008442699271924396,0.00023822590650628633,0.00023822590650628633,False,False,0.9717832059589651,0.9717832059589651,1.0,0.0006143775821448625,0.9999999999999893,0.9031984974598717,0.7129098364662002,True
bayesian-phystwin-prob4d-controlled-decisive-trial,target-nominal_correlated-318420814,nominal_correlated,P4_explicit_gauge_persistent_metric_anchor,True,inference-admissible,0.11417731521714376,0.6665592651560721,True,True,0.004317973572073503,0.0002042010340165853,0.0002042010340165853,False,False,0.952709058865655,0.952709058865655,1.0,0.0006303462336361274,0.9999999998911235,0.9267258103350903,0.7865756291222115,True
bayesian-phystwin-prob4d-controlled-decisive-trial,target-nominal_correlated-318420815,nominal_correlated,P4_explicit_gauge_persistent_metric_anchor,True,inference-admissible,0.03928836017393305,0.6665592651560721,True,True,0.010172673345607102,0.00011418752297755636,0.00011418752297755636,False,False,0.9887750722845272,0.9887750722845272,1.0,0.0005794242554360292,1.0,0.9711778643711684,0.96154644985363,True
bayesian-phystwin-prob4d-controlled-decisive-trial,target-nominal_correlated-318420816,nominal_correlated,P4_explicit_gauge_persistent_metric_anchor,True,inference-admissible,0.059222187311277305,0.6665592651560721,True,True,0.00785667791141908,0.00014147272317152886,0.00014147272317152886,False,False,0.9819933151432988,0.9819933151432988,1.0,0.000677132956912351,0.9999999999984084,0.9710028870522465,0.9131081512811974,True
bayesian-phystwin-prob4d-controlled-decisive-trial,target-nominal_correlated-318420817,nominal_correlated,P4_explicit_gauge_persistent_metric_anchor,True,inference-admissible,0.08449816806478108,0.6665592651560721,True,True,0.004334707914304273,0.00016920447953302765,0.00016920447953302765,False,False,0.9609651946848222,0.9609651946848222,1.0,0.0005882787240366261,1.0,0.9632036583738574,0.8016573867392378,True
bayesian-phystwin-prob4d-controlled-decisive-trial,target-nominal_correlated-318420818,nominal_correlated,P4_explicit_gauge_persistent_metric_anchor,True,inference-admissible,0.06855099523437419,0.6665592651560721,True,True,0.009666424147654874,0.00023349116706655274,0.00023349116706655274,False,False,0.9758451353365041,0.9758451353365041,1.0,0.00067277720981139,0.9999999999992362,0.9825720624239453,0.8532974686048117,True
bayesian-phystwin-prob4d-controlled-decisive-trial,target-nominal_correlated-318420819,nominal_correlated,P4_explicit_gauge_persistent_metric_anchor,True,inference-admissible,0.06454282453919273,0.6665592651560721,True,True,0.0057574935397624325,0.00010065029475323464,0.00010065029475323464,False,False,0.9825183833801769,0.9825183833801769,1.0,0.0005960772840807404,0.9999999999999574,0.9437460078645624,0.9285727867763562,True
bayesian-phystwin-prob4d-controlled-decisive-trial,target-nominal_correlated-318420820,nominal_correlated,P4_explicit_gauge_persistent_metric_anchor,True,inference-admissible,0.10056726223646487,0.6665592651560721,True,True,0.00620721418676249,0.00032586531938887727,0.00032586531938887727,False,False,0.9475021628730296,0.9475021628730296,1.0,0.0006041565949125036,0.9999999999998259,0.9441657723693684,0.7830427869125915,True
bayesian-phystwin-prob4d-controlled-decisive-trial,target-nominal_correlated-318420821,nominal_correlated,P4_explicit_gauge_persistent_metric_anchor,True,inference-admissible,0.09038293041571065,0.6665592651560721,True,True,0.004190129178468414,0.0003830027113904184,0.0003830027113904184,False,False,0.908594056393647,0.908594056393647,1.0,0.0006242115333825465,0.999999999999968,0.9498008431432835,0.8223866331557527,True
bayesian-phystwin-prob4d-controlled-decisive-trial,target-nominal_correlated-318420822,nominal_correlated,P4_explicit_gauge_persistent_metric_anchor,True,inference-admissible,0.13776797644923577,0.6665592651560721,True,True,0.003993383847544752,0.0002993029286456235,0.0002993029286456235,False,False,0.9250502981751569,0.9250502981751569,1.0,0.0006011146606561065,0.9999999999999716,0.909106829944422,0.7025218500697482,True
bayesian-phystwin-prob4d-controlled-decisive-trial,target-nominal_correlated-318420823,nominal_correlated,P4_explicit_gauge_persistent_metric_anchor,True,inference-admissible,0.06213485058789586,0.6665592651560721,True,True,0.008532107459452256,0.00036374354643611487,0.00036374354643611487,False,False,0.9573676787165704,0.9573676787165704,1.0,0.0005982665403801514,0.9999999999999858,0.978621324792587,0.8630082452650037,True
bayesian-phystwin-prob4d-controlled-decisive-trial,target-nominal_correlated-318420824,nominal_correlated,P4_explicit_gauge_persistent_metric_anchor,True,inference-admissible,0.12557052578501648,0.6665592651560721,True,True,0.0018661135759485605,0.00013421337314665572,0.00013421337314665572,False,False,0.9280786684816684,0.9280786684816684,1.0,0.0005625018530512096,0.999999999999968,0.939781013299376,0.7025489267560012,True
bayesian-phystwin-prob4d-controlled-decisive-trial,target-nominal_correlated-318420825,nominal_correlated,P4_explicit_gauge_persistent_metric_anchor,True,inference-admissible,0.08052747808991158,0.6665592651560721,True,True,0.007769231007067137,7.749000050591434e-05,7.749000050591434e-05,False,False,0.9900260398441716,0.9900260398441716,1.0,0.0006101197802943467,0.9999999999999645,0.9569721727236571,0.8438053258070178,True
bayesian-phystwin-prob4d-controlled-decisive-trial,target-nominal_correlated-318420826,nominal_correlated,P4_explicit_gauge_persistent_metric_anchor,True,inference-admissible,0.10404398324377756,0.6665592651560721,True,True,0.01132785141254362,0.0003574155927904138,0.0003574155927904138,False,False,0.9684480684135176,0.9684480684135176,1.0,0.0006331622804594208,0.9999999999998472,0.9447604218586884,0.7798438083327245,True
bayesian-phystwin-prob4d-controlled-decisive-trial,target-nominal_correlated-318420827,nominal_correlated,P4_explicit_gauge_persistent_metric_anchor,True,inference-admissible,0.07544451521161818,0.6665592651560721,True,True,0.009779337645973576,0.00030663259536393506,0.00030663259536393506,False,False,0.9686448503503523,0.9686448503503523,1.0,0.0006232672842781515,0.9999999999995879,0.9637192430338921,0.8523254275876122,True
bayesian-phystwin-prob4d-controlled-decisive-trial,target-nominal_correlated-318420828,nominal_correlated,P4_explicit_gauge_persistent_metric_anchor,True,inference-admissible,0.07348291072951338,0.6665592651560721,True,True,0.003873676638452656,0.00018236449874348167,0.00018236449874348167,False,False,0.9529221161794426,0.9529221161794426,1.0,0.0006013662824761156,0.9999999999998224,0.9680696339947978,0.8418321870515517,True
bayesian-phystwin-prob4d-controlled-decisive-trial,target-nominal_correlated-318420829,nominal_correlated,P4_explicit_gauge_persistent_metric_anchor,True,inference-admissible,0.07423849666464223,0.6665592651560721,True,True,0.0016554947117872892,0.00028555176066172137,0.00028555176066172137,False,False,0.8275127316151698,0.8275127316151698,1.0,0.0005641584234400265,1.0,0.983896889888346,0.8003950021366212,True
bayesian-phystwin-prob4d-controlled-decisive-trial,target-nominal_correlated-318420830,nominal_correlated,P4_explicit_gauge_persistent_metric_anchor,True,inference-admissible,0.06607025333280851,0.6665592651560721,True,True,0.0066812451148761404,0.0004894184074983771,0.0004894184074983771,False,False,0.9267474252054214,0.9267474252054214,1.0,0.0006433477228534582,0.9999999999999716,0.9668812850029178,0.8871410481499774,True
bayesian-phystwin-prob4d-controlled-decisive-trial,target-nominal_correlated-318420831,nominal_correlated,P4_explicit_gauge_persistent_metric_anchor,True,inference-admissible,0.08252970582587824,0.6665592651560721,True,True,0.005988667301689113,0.0004121087581486146,0.0004121087581486146,False,False,0.9311852308054618,0.9311852308054618,1.0,0.000645218368503177,0.9999999999991367,0.9355964557735376,0.863897915200816,True
bayesian-phystwin-prob4d-controlled-decisive-trial,target-nominal_correlated-318420832,nominal_correlated,P4_explicit_gauge_persistent_metric_anchor,True,inference-admissible,0.08222131415474601,0.6665592651560721,True,True,0.007976006260119869,0.0003521287027193641,0.0003521287027193641,False,False,0.955851501210573,0.955851501210573,1.0,0.0006348892049211482,0.9999999999949658,0.9428553846402611,0.8587157640611368,True
bayesian-phystwin-prob4d-controlled-decisive-trial,target-nominal_correlated-318420833,nominal_correlated,P4_explicit_gauge_persistent_metric_anchor,True,inference-admissible,0.08307452324250533,0.6665592651560721,True,True,0.007599787596001098,5.2844952268899196e-05,5.2844952268899196e-05,False,False,0.9930465224716668,0.9930465224716668,1.0,0.0006532580090549909,0.9999999999999005,0.9622916314785556,0.8186789562002638,True
bayesian-phystwin-prob4d-controlled-decisive-trial,target-nominal_correlated-318420834,nominal_correlated,P4_explicit_gauge_persistent_metric_anchor,True,inference-admissible,0.08196602554583017,0.6665592651560721,True,True,0.0068543984492612205,0.0004310043594163292,0.0004310043594163292,False,False,0.9371200313774021,0.9371200313774021,1.0,0.0006486783153961318,0.9999999999990941,0.9646224355504713,0.8303443111132738,True
bayesian-phystwin-prob4d-controlled-decisive-trial,target-nominal_correlated-318420835,nominal_correlated,P4_explicit_gauge_persistent_metric_anchor,True,inference-admissible,0.07688434725086916,0.6665592651560721,True,True,0.007911399760523028,0.00033895879124380744,0.00033895879124380744,False,False,0.9571556486204663,0.9571556486204663,1.0,0.0006064544951198607,0.9999999999993321,0.9534207426884973,0.8756318578266891,True
bayesian-phystwin-prob4d-controlled-decisive-trial,target-nominal_correlated-318420836,nominal_correlated,P4_explicit_gauge_persistent_metric_anchor,True,inference-admissible,0.0783856859177697,0.6665592651560721,True,True,0.004338076701578592,0.00019334421706279279,0.00019334421706279279,False,False,0.9554308901471391,0.9554308901471391,1.0,0.0006384300931188295,0.999999999999929,0.9438539026259184,0.8909580344055011,True
bayesian-phystwin-prob4d-controlled-decisive-trial,target-nominal_correlated-318420837,nominal_correlated,P4_explicit_gauge_persistent_metric_anchor,True,inference-admissible,0.04618926744126039,0.6665592651560721,True,True,0.005788416764574352,0.0003088686356793599,0.0003088686356793599,False,False,0.946640221628535,0.946640221628535,1.0,0.00059312099794485,0.9999999999999964,0.9792576075230398,0.92263370409163,True
bayesian-phystwin-prob4d-controlled-decisive-trial,target-nominal_correlated-318420838,nominal_correlated,P4_explicit_gauge_persistent_metric_anchor,True,inference-admissible,0.05119382587755268,0.6665592651560721,True,True,0.00322990555711752,0.0002656658683425081,0.0002656658683425081,False,False,0.9177481001705828,0.9177481001705828,1.0,0.0005906294870054005,0.9999999999973141,0.9682400030959198,0.9458907353928008,True
bayesian-phystwin-prob4d-controlled-decisive-trial,target-nominal_correlated-318420839,nominal_correlated,P4_explicit_gauge_persistent_metric_anchor,True,inference-admissible,0.08012227186298393,0.6665592651560721,True,True,0.008061808264819762,0.0001205002139137014,0.0001205002139137014,False,False,0.9850529546281146,0.9850529546281146,1.0,0.0006862967194286428,0.9999999999863007,0.9594644885907206,0.850938072929408,True
bayesian-phystwin-prob4d-controlled-decisive-trial,target-nominal_correlated-318420840,nominal_correlated,P4_explicit_gauge_persistent_metric_anchor,True,inference-admissible,0.09213217511712982,0.6665592651560721,True,True,0.007779908530677194,0.0001691425010400459,0.0001691425010400459,False,False,0.9782590630245722,0.9782590630245722,1.0,0.0006424763103216328,0.9999999999995808,0.9241066119004411,0.8682564127738968,True
bayesian-phystwin-prob4d-controlled-decisive-trial,target-nominal_correlated-318420841,nominal_correlated,P4_explicit_gauge_persistent_metric_anchor,True,inference-admissible,0.0774331948526845,0.6665592651560721,True,True,0.009599464061503114,0.0001882693685113006,0.0001882693685113006,False,False,0.9803875125418386,0.9803875125418386,1.0,0.0006612415855128373,0.99999999999973,0.9552256235417376,0.8650621068180993,True
bayesian-phystwin-prob4d-controlled-decisive-trial,target-nominal_correlated-318420842,nominal_correlated,P4_explicit_gauge_persistent_metric_anchor,True,inference-admissible,0.0801347758373801,0.6665592651560721,True,True,0.008020848441902775,0.0002848128221578464,0.0002848128221578464,False,False,0.9644909358129848,0.9644909358129848,1.0,0.0005466406311003441,0.9999999999995488,0.9519521683973244,0.8455216003701962,True
bayesian-phystwin-prob4d-controlled-decisive-trial,target-nominal_correlated-318420843,nominal_correlated,P4_explicit_gauge_persistent_metric_anchor,True,inference-admissible,0.09624136802795823,0.6665592651560721,True,True,0.0067555980064415285,0.00021619883234215054,0.00021619883234215054,False,False,0.9679970844718702,0.9679970844718702,1.0,0.0006686503565204588,0.9999999999991509,0.9482238839250691,0.795501825055687,True
bayesian-phystwin-prob4d-controlled-decisive-trial,target-nominal_correlated-318420844,nominal_correlated,P4_explicit_gauge_persistent_metric_anchor,True,inference-admissible,0.0678090827066131,0.6665592651560721,True,True,0.007189264568316358,0.00019227870603139285,0.00019227870603139285,False,False,0.9732547461281673,0.9732547461281673,1.0,0.0006234767485661315,0.9999999999999964,0.9776508729229806,0.8443439189060122,True
bayesian-phystwin-prob4d-controlled-decisive-trial,target-nominal_correlated-318420845,nominal_correlated,P4_explicit_gauge_persistent_metric_anchor,True,inference-admissible,0.09439061652197758,0.6665592651560721,True,True,0.007879015720960681,0.00025413412546492555,0.00025413412546492555,False,False,0.9677454475958401,0.9677454475958401,1.0,0.0005803525529284975,0.999999999999865,0.958466670038299,0.7734417206862084,True
bayesian-phystwin-prob4d-controlled-decisive-trial,target-nominal_correlated-318420846,nominal_correlated,P4_explicit_gauge_persistent_metric_anchor,True,inference-admissible,0.1138003346946914,0.6665592651560721,True,True,0.009072618011926355,0.00015276799158734148,0.00015276799158734148,False,False,0.9831616418340857,0.9831616418340857,1.0,0.000598664960496965,0.9999999999999964,0.961499349029232,0.7089065622386485,True
bayesian-phystwin-prob4d-controlled-decisive-trial,target-nominal_correlated-318420847,nominal_correlated,P4_explicit_gauge_persistent_metric_anchor,True,inference-admissible,0.11623186698925554,0.6665592651560721,True,True,0.005209733742007863,0.0002658915557886617,0.0002658915557886617,False,False,0.9489625441613864,0.9489625441613864,1.0,0.0006912611350833889,0.9999999999981348,0.9590571695650125,0.70840967100621,True
bayesian-phystwin-prob4d-controlled-decisive-trial,target-nominal_correlated-318420848,nominal_correlated,P4_explicit_gauge_persistent_metric_anchor,True,inference-admissible,0.13628702736234732,0.6665592651560721,True,True,0.005187469140182476,0.00017315006086098637,0.00017315006086098637,False,False,0.9666214764499022,0.9666214764499022,1.0,0.0007031995390764774,0.9999999999991083,0.9384253920483936,0.6676693997213303,True
bayesian-phystwin-prob4d-controlled-decisive-trial,target-nominal_correlated-318420849,nominal_correlated,P4_explicit_gauge_persistent_metric_anchor,True,inference-admissible,0.10773325262276012,0.6665592651560721,True,True,0.005456036487691015,0.00035546736972840543,0.00035546736972840543,False,False,0.9348487916951526,0.9348487916951526,1.0,0.0006478110887830831,0.9999999999978755,0.9535488371109817,0.7483236309915646,True
bayesian-phystwin-prob4d-controlled-decisive-trial,target-nominal_correlated-318420850,nominal_correlated,P4_explicit_gauge_persistent_metric_anchor,True,inference-admissible,0.04503801550559128,0.6665592651560721,True,True,0.0056243790137171425,0.0002322469964601387,0.0002322469964601387,False,False,0.9587070864367928,0.9587070864367928,1.0,0.0006547783690539491,0.9999999999446061,0.9610232203689218,0.9808432813973339,True
bayesian-phystwin-prob4d-controlled-decisive-trial,target-nominal_correlated-318420851,nominal_correlated,P4_explicit_gauge_persistent_metric_anchor,True,inference-admissible,0.051437572940809306,0.6665592651560721,True,True,0.010289740879883203,0.00032545102422756845,0.00032545102422756845,False,False,0.9683713100235753,0.9683713100235753,1.0,0.0006601823603115168,0.9999999999998508,0.9654063093982579,0.9446372248854626,True
bayesian-phystwin-prob4d-controlled-decisive-trial,target-nominal_correlated-318420852,nominal_correlated,P4_explicit_gauge_persistent_metric_anchor,True,inference-admissible,0.058046476617876985,0.6665592651560721,True,True,0.005625340219712845,0.00041318897351970294,0.00041318897351970294,False,False,0.9265486250819519,0.9265486250819519,1.0,0.0006303613970031858,0.9999999999993001,0.9727829642387942,0.8971708477560455,True
bayesian-phystwin-prob4d-controlled-decisive-trial,target-nominal_correlated-318420853,nominal_correlated,P4_explicit_gauge_persistent_metric_anchor,True,inference-admissible,0.07116200063257809,0.6665592651560721,True,True,0.007022886670104842,0.00024207437333704655,0.00024207437333704655,False,False,0.9655306450597425,0.9655306450597425,1.0,0.0006099346002987667,1.0,0.9643477649901104,0.8606974115041779,True
bayesian-phystwin-prob4d-controlled-decisive-trial,target-nominal_correlated-318420854,nominal_correlated,P4_explicit_gauge_persistent_metric_anchor,True,inference-admissible,0.07031267333819347,0.6665592651560721,True,True,0.005892903898858267,0.00019041379410442136,0.00019041379410442136,False,False,0.9676876125298236,0.9676876125298236,1.0,0.000568959749321627,0.9999999999946425,0.9419764505691364,0.9002748396654738,True
bayesian-phystwin-prob4d-controlled-decisive-trial,target-nominal_correlated-318420855,nominal_correlated,P4_explicit_gauge_persistent_metric_anchor,True,inference-admissible,0.11711950884454278,0.6665592651560721,True,True,0.009438678596719444,0.0004504160687673299,0.0004504160687673299,False,False,0.9522797535532274,0.9522797535532274,1.0,0.0005432941923707021,0.9999999999999893,0.9462946492574699,0.7138209031587727,True
bayesian-phystwin-prob4d-controlled-decisive-trial,target-nominal_correlated-318420856,nominal_correlated,P4_explicit_gauge_persistent_metric_anchor,True,inference-admissible,0.06260147350527207,0.6665592651560721,True,True,0.008312606936155476,0.0003260877544340935,0.0003260877544340935,False,False,0.960771902612671,0.960771902612671,1.0,0.0006608955105421675,0.9999999999995275,0.9650972256423176,0.903367325343208,True
bayesian-phystwin-prob4d-controlled-decisive-trial,target-nominal_correlated-318420857,nominal_correlated,P4_explicit_gauge_persistent_metric_anchor,True,inference-admissible,0.04344027580826606,0.6665592651560721,True,True,0.01026698975283368,0.0001714154239293561,0.0001714154239293561,False,False,0.9833042178811909,0.9833042178811909,1.0,0.0005957981511226469,0.9999999999999964,0.9761991640447609,0.9461644089498569,True
bayesian-phystwin-prob4d-controlled-decisive-trial,target-nominal_correlated-318420858,nominal_correlated,P4_explicit_gauge_persistent_metric_anchor,True,inference-admissible,0.06861768589051757,0.6665592651560721,True,True,0.008605389275677278,0.00028041828741827993,0.00028041828741827993,False,False,0.9674136429585041,0.9674136429585041,1.0,0.0005907500769863568,0.9999999999967741,0.9604896309765923,0.8837033137544137,True
bayesian-phystwin-prob4d-controlled-decisive-trial,target-nominal_correlated-318420859,nominal_correlated,P4_explicit_gauge_persistent_metric_anchor,True,inference-admissible,0.10191407188222842,0.6665592651560721,True,True,0.004802092746801631,0.00039206980734878883,0.00039206980734878883,False,False,0.918354386718182,0.918354386718182,1.0,0.0005680212290465858,0.9999999999999076,0.9594464594314117,0.7498405157285379,True
bayesian-phystwin-prob4d-controlled-decisive-trial,target-nominal_correlated-318420860,nominal_correlated,P4_explicit_gauge_persistent_metric_anchor,True,inference-admissible,0.08574675690769652,0.6665592651560721,True,True,0.0065673887562010015,0.0003840539572300167,0.0003840539572300167,False,False,0.9415210563152077,0.9415210563152077,1.0,0.0006492836905614335,0.9999999999998899,0.9799905362732197,0.7845630216355518,True
bayesian-phystwin-prob4d-controlled-decisive-trial,target-nominal_correlated-318420861,nominal_correlated,P4_explicit_gauge_persistent_metric_anchor,True,inference-admissible,0.04500877107372217,0.6665592651560721,True,True,0.00692682173300754,0.00016176939517223494,0.00016176939517223494,False,False,0.9766459421928855,0.9766459421928855,1.0,0.0006370533026937248,0.9999999999983338,0.9523867090065833,0.9919660485117378,True
bayesian-phystwin-prob4d-controlled-decisive-trial,target-nominal_correlated-318420862,nominal_correlated,P4_explicit_gauge_persistent_metric_anchor,True,inference-admissible,0.06316591957263207,0.6665592651560721,True,True,0.005027365504812286,0.0002028333471673017,0.0002028333471673017,False,False,0.9596541474907393,0.9596541474907393,1.0,0.0006112801036259249,0.9999999999963229,0.9734457025107927,0.8845697370870146,True
bayesian-phystwin-prob4d-controlled-decisive-trial,target-nominal_correlated-318420863,nominal_correlated,P4_explicit_gauge_persistent_metric_anchor,True,inference-admissible,0.06342641339575732,0.6665592651560721,True,True,0.005410818776371862,0.00011603917765903369,0.00011603917765903369,False,False,0.978554229506677,0.978554229506677,1.0,0.0006598217674474331,0.9999999999998117,0.9641772647819254,0.9024405148516788,True
bayesian-phystwin-prob4d-controlled-decisive-trial,target-nominal_correlated-318420864,nominal_correlated,P4_explicit_gauge_persistent_metric_anchor,True,inference-admissible,0.07426043140341755,0.6665592651560721,True,True,0.008272976578144997,0.0002653496969484894,0.0002653496969484894,False,False,0.9679257284917895,0.9679257284917895,1.0,0.0005728708573745222,0.9999999999999964,0.9441458868747177,0.8799934017622811,True
bayesian-phystwin-prob4d-controlled-decisive-trial,target-nominal_correlated-318420865,nominal_correlated,P4_explicit_gauge_persistent_metric_anchor,True,inference-admissible,0.03306988864404933,0.6665592651560721,True,True,0.003765042519536687,0.0002284443144374385,0.0002284443144374385,False,False,0.939324904499206,0.939324904499206,1.0,0.0006306666742492123,0.9999999999992433,0.9849973617213076,0.9637083463973359,True
bayesian-phystwin-prob4d-controlled-decisive-trial,target-nominal_correlated-318420866,nominal_correlated,P4_explicit_gauge_persistent_metric_anchor,True,inference-admissible,0.07014648273548413,0.6665592651560721,True,True,0.007675964475566049,0.0005379223495130506,0.0005379223495130506,False,False,0.9299212038792841,0.9299212038792841,0.0,0.0005835843380287944,0.9999999999997442,0.9445696730321408,0.9105909753992469,True
bayesian-phystwin-prob4d-controlled-decisive-trial,target-nominal_correlated-318420867,nominal_correlated,P4_explicit_gauge_persistent_metric_anchor,True,inference-admissible,0.0715754261509667,0.6665592651560721,True,True,0.008714120594407451,0.0003155789749850864,0.0003155789749850864,False,False,0.9637853330618791,0.9637853330618791,1.0,0.0006749672289390706,0.9999999999988951,0.963587209862906,0.8676726255030596,True
bayesian-phystwin-prob4d-controlled-decisive-trial,target-common_mode_bias-318520804,common_mode_bias,P4_explicit_gauge_persistent_metric_anchor,True,inference-admissible,0.0844662609368123,0.6665592651560721,True,True,0.006295163382284109,8.421127682870342e-05,8.421127682870342e-05,False,False,0.9866228608036304,0.9866228608036304,1.0,0.0006188935301904914,0.9999999999997335,0.9170177961761868,0.9008134339808518,True
bayesian-phystwin-prob4d-controlled-decisive-trial,target-common_mode_bias-318520805,common_mode_bias,P4_explicit_gauge_persistent_metric_anchor,True,inference-admissible,0.13988476671929032,0.6665592651560721,True,True,0.004014819144346342,0.00011949708766771075,0.00011949708766771075,False,False,0.970235997345986,0.970235997345986,1.0,0.0006411746159301564,0.9999999999996554,0.9419311257051406,0.6432493582640715,True
bayesian-phystwin-prob4d-controlled-decisive-trial,target-common_mode_bias-318520806,common_mode_bias,P4_explicit_gauge_persistent_metric_anchor,True,inference-admissible,0.0829154534066374,0.6665592651560721,True,True,0.009788929661137867,0.0005031595713962823,0.0005031595713962823,False,False,0.9485991228036064,0.9485991228036064,1.0,0.0006781023766148663,0.9999999999979217,0.9652225791528803,0.8051855537106353,True
bayesian-phystwin-prob4d-controlled-decisive-trial,target-common_mode_bias-318520807,common_mode_bias,P4_explicit_gauge_persistent_metric_anchor,True,inference-admissible,0.05315883378138465,0.6665592651560721,True,True,0.008952025647914825,0.0002037038541288595,0.0002037038541288595,False,False,0.9772449429726212,0.9772449429726212,1.0,0.0006607428438293053,0.9999999999989768,0.9720151584349985,0.9259626154760622,True
bayesian-phystwin-prob4d-controlled-decisive-trial,target-common_mode_bias-318520808,common_mode_bias,P4_explicit_gauge_persistent_metric_anchor,True,inference-admissible,0.056005541743902515,0.6665592651560721,True,True,0.003080500920836963,0.0002850900956579402,0.0002850900956579402,False,False,0.9074533321092201,0.9074533321092201,1.0,0.0006147162263192389,0.9999999999999929,0.9847801627778228,0.8768363122403185,True
bayesian-phystwin-prob4d-controlled-decisive-trial,target-common_mode_bias-318520809,common_mode_bias,P4_explicit_gauge_persistent_metric_anchor,True,inference-admissible,0.1220877236348723,0.6665592651560721,True,True,0.0036316706600353593,2.7590757565512402e-05,2.7590757565512402e-05,False,False,0.9924027368810905,0.9924027368810905,1.0,0.0006247405527589281,0.9999999999993285,0.9727742427210607,0.6572088973566864,True
bayesian-phystwin-prob4d-controlled-decisive-trial,target-common_mode_bias-318520810,common_mode_bias,P4_explicit_gauge_persistent_metric_anchor,True,inference-admissible,0.08415786424554726,0.6665592651560721,True,True,0.004979774051487603,0.0002881696096661296,0.0002881696096661296,False,False,0.9421319909926344,0.9421319909926344,1.0,0.0006511879592584223,0.9999999999999218,0.8997496186286653,0.9366530251123083,True
bayesian-phystwin-prob4d-controlled-decisive-trial,target-common_mode_bias-318520811,common_mode_bias,P4_explicit_gauge_persistent_metric_anchor,True,inference-admissible,0.04585745753745833,0.6665592651560721,True,True,0.004910896070034872,0.0003101423071024995,0.0003101423071024995,False,False,0.9368460861969947,0.9368460861969947,1.0,0.0006540964835616982,0.9999999999941735,0.9713654098382248,0.9634472243972736,True
bayesian-phystwin-prob4d-controlled-decisive-trial,target-common_mode_bias-318520812,common_mode_bias,P4_explicit_gauge_persistent_metric_anchor,True,inference-admissible,0.081303834678401,0.6665592651560721,True,True,0.005215908475252118,0.00010044424645947234,0.00010044424645947234,False,False,0.9807427130027205,0.9807427130027205,1.0,0.0006052343203742374,0.9999999999999929,0.9902289867550088,0.7725584235044702,True
bayesian-phystwin-prob4d-controlled-decisive-trial,target-common_mode_bias-318520813,common_mode_bias,P4_explicit_gauge_persistent_metric_anchor,True,inference-admissible,0.0922099558392619,0.6665592651560721,True,True,0.004887678880295078,0.0005205645676033078,0.0005205645676033078,False,False,0.893494523606698,0.893494523606698,1.0,0.0006389590789466007,0.9999999999999112,0.9657106328044801,0.7884002308103513,True
bayesian-phystwin-prob4d-controlled-decisive-trial,target-common_mode_bias-318520814,common_mode_bias,P4_explicit_gauge_persistent_metric_anchor,True,inference-admissible,0.1119850129224835,0.6665592651560721,True,True,0.001806819755430712,0.00022871267129091554,0.00022871267129091554,False,False,0.8734169965745173,0.8734169965745173,1.0,0.0006280178501180748,0.9999999999999751,0.9529926533477401,0.7294406125970513,True
bayesian-phystwin-prob4d-controlled-decisive-trial,target-common_mode_bias-318520815,common_mode_bias,P4_explicit_gauge_persistent_metric_anchor,True,inference-admissible,0.061563059177767124,0.6665592651560721,True,True,0.007037644852962149,0.00019003854899382415,0.00019003854899382415,False,False,0.9729968543505237,0.9729968543505237,1.0,0.0005710264062264127,0.9999999999959819,0.9703453461754301,0.876793938046523,True
bayesian-phystwin-prob4d-controlled-decisive-trial,target-common_mode_bias-318520816,common_mode_bias,P4_explicit_gauge_persistent_metric_anchor,True,inference-admissible,0.06577340963207044,0.6665592651560721,True,True,0.007448841755349864,0.00016802159284645582,0.00016802159284645582,False,False,0.9774432591851236,0.9774432591851236,1.0,0.0006022643988510399,0.9999999999949409,0.9771082917804031,0.8549001778044114,True
bayesian-phystwin-prob4d-controlled-decisive-trial,target-common_mode_bias-318520817,common_mode_bias,P4_explicit_gauge_persistent_metric_anchor,True,inference-admissible,0.06876611817343437,0.6665592651560721,True,True,0.008080443224969454,0.00028478657449733163,0.00028478657449733163,False,False,0.9647560701104476,0.9647560701104476,1.0,0.0006645286735349334,0.9999999999984439,0.9780410263201602,0.8391193273206954,True
bayesian-phystwin-prob4d-controlled-decisive-trial,target-common_mode_bias-318520818,common_mode_bias,P4_explicit_gauge_persistent_metric_anchor,True,inference-admissible,0.10853958707268657,0.6665592651560721,True,True,0.00675776480890649,0.00010783233808388053,0.00010783233808388053,False,False,0.9840431945868017,0.9840431945868017,1.0,0.000639876520072249,0.9999999999999467,0.980888494474655,0.691181677890723,True
bayesian-phystwin-prob4d-controlled-decisive-trial,target-common_mode_bias-318520819,common_mode_bias,P4_explicit_gauge_persistent_metric_anchor,True,inference-admissible,0.05879738722568882,0.6665592651560721,True,True,0.0054213892441629325,0.00030522236340856644,0.00030522236340856644,False,False,0.9437003414323752,0.9437003414323752,1.0,0.0006500341144566527,0.9999999999999076,0.9546240735980687,0.9375683875896678,True
bayesian-phystwin-prob4d-controlled-decisive-trial,target-common_mode_bias-318520820,common_mode_bias,P4_explicit_gauge_persistent_metric_anchor,True,inference-admissible,0.07498036864398011,0.6665592651560721,True,True,0.006181235941782645,0.0003651847673923498,0.0003651847673923498,False,False,0.9409204290482023,0.9409204290482023,1.0,0.0006262100956242108,0.9999999999997335,0.9522932009704012,0.8805369002828332,True
bayesian-phystwin-prob4d-controlled-decisive-trial,target-common_mode_bias-318520821,common_mode_bias,P4_explicit_gauge_persistent_metric_anchor,True,inference-admissible,0.05107892711876927,0.6665592651560721,True,True,0.006102723876932564,0.00032147819270976204,0.00032147819270976204,False,False,0.947322179539385,0.947322179539385,1.0,0.0006350019939901822,0.9999999999999112,0.9711094061045171,0.9305820996149824,True
bayesian-phystwin-prob4d-controlled-decisive-trial,target-common_mode_bias-318520822,common_mode_bias,P4_explicit_gauge_persistent_metric_anchor,True,inference-admissible,0.0918622727480547,0.6665592651560721,True,True,0.00706136357321453,0.00023914593272137075,0.00023914593272137075,False,False,0.9661331794855444,0.9661331794855444,1.0,0.0006104140760924262,0.9999999999998472,0.898670674358504,0.9203444574796128,True
bayesian-phystwin-prob4d-controlled-decisive-trial,target-common_mode_bias-318520823,common_mode_bias,P4_explicit_gauge_persistent_metric_anchor,True,inference-admissible,0.06717686243310679,0.6665592651560721,True,True,0.0030996312359180232,0.00020091224709026207,0.00020091224709026207,False,False,0.9351818871993147,0.9351818871993147,1.0,0.0006412484909643446,0.9999999999984333,0.9208003914415404,0.9703798526054115,True
bayesian-phystwin-prob4d-controlled-decisive-trial,target-common_mode_bias-318520824,common_mode_bias,P4_explicit_gauge_persistent_metric_anchor,True,inference-admissible,0.08988680604808534,0.6665592651560721,True,True,0.0035633836040291503,0.0002996442275721971,0.0002996442275721971,False,False,0.9159101963556809,0.9159101963556809,1.0,0.0006322737409759643,0.9999999999996305,0.9352863602047241,0.8460621579965966,True
bayesian-phystwin-prob4d-controlled-decisive-trial,target-common_mode_bias-318520825,common_mode_bias,P4_explicit_gauge_persistent_metric_anchor,True,inference-admissible,0.12166661244317024,0.6665592651560721,True,True,0.0042749463424532315,0.00023271265535780564,0.00023271265535780564,False,False,0.9455636078874711,0.9455636078874711,1.0,0.0006312116165894556,0.9999999999989839,0.8871033257826261,0.8232491993119199,True
bayesian-phystwin-prob4d-controlled-decisive-trial,target-common_mode_bias-318520826,common_mode_bias,P4_explicit_gauge_persistent_metric_anchor,True,inference-admissible,0.07814334549752076,0.6665592651560721,True,True,0.008328662380558656,0.00026676085113241964,0.00026676085113241964,False,False,0.9679707450076124,0.9679707450076124,1.0,0.0005891484112410361,0.999999999999968,0.98486520258974,0.7964272532107237,True
bayesian-phystwin-prob4d-controlled-decisive-trial,target-common_mode_bias-318520827,common_mode_bias,P4_explicit_gauge_persistent_metric_anchor,True,inference-admissible,0.09283711977202212,0.6665592651560721,True,True,0.005246726521101587,0.00014787541790073886,0.00014787541790073886,False,False,0.9718156802520572,0.9718156802520572,1.0,0.0006482057024233659,0.9999999999999574,0.9362788971005017,0.8403491829604124,True
bayesian-phystwin-prob4d-controlled-decisive-trial,target-common_mode_bias-318520828,common_mode_bias,P4_explicit_gauge_persistent_metric_anchor,True,inference-admissible,0.058880867297515564,0.6665592651560721,True,True,0.004605293288079465,0.0004697904716232252,0.0004697904716232252,False,False,0.8979890221456144,0.8979890221456144,1.0,0.0006607957391243274,0.9999999999967706,0.957766576638464,0.9219468311445902,True
bayesian-phystwin-prob4d-controlled-decisive-trial,target-common_mode_bias-318520829,common_mode_bias,P4_explicit_gauge_persistent_metric_anchor,True,inference-admissible,0.11384343405926353,0.6665592651560721,True,True,0.004862837680346359,0.00028821997240319295,0.00028821997240319295,False,False,0.9407300857340843,0.9407300857340843,1.0,0.000628872601145323,0.9999999999995026,0.9056174150910297,0.8127930107994501,True
bayesian-phystwin-prob4d-controlled-decisive-trial,target-common_mode_bias-318520830,common_mode_bias,P4_explicit_gauge_persistent_metric_anchor,True,inference-admissible,0.04060155445715904,0.6665592651560721,True,True,0.0032574330022757158,0.0004029439338359568,0.0004029439338359568,False,False,0.8763001622583024,0.8763001622583024,1.0,0.0006411691473769467,0.9999999999339906,0.9700548874312076,0.9638354037087427,True
bayesian-phystwin-prob4d-controlled-decisive-trial,target-common_mode_bias-318520831,common_mode_bias,P4_explicit_gauge_persistent_metric_anchor,True,inference-admissible,0.06416574618699515,0.6665592651560721,True,True,0.0010887427608259302,0.0001788834200765916,0.0001788834200765916,False,False,0.8356972587896805,0.8356972587896805,1.0,0.0006534899585358579,0.9999999999826166,0.9749679633894996,0.8785226702562959,True
bayesian-phystwin-prob4d-controlled-decisive-trial,target-common_mode_bias-318520832,common_mode_bias,P4_explicit_gauge_persistent_metric_anchor,True,inference-admissible,0.051196760527144405,0.6665592651560721,True,True,0.007016307626067638,0.00047416415193231233,0.00047416415193231233,False,False,0.9324197031825324,0.9324197031825324,1.0,0.0006144846564290969,0.9999999999964153,0.9461648550125425,0.9897136312886766,True
bayesian-phystwin-prob4d-controlled-decisive-trial,target-common_mode_bias-318520833,common_mode_bias,P4_explicit_gauge_persistent_metric_anchor,True,inference-admissible,0.054789107378084484,0.6665592651560721,True,True,0.008117973792514091,0.0002809844771410022,0.0002809844771410022,False,False,0.9653873633590553,0.9653873633590553,1.0,0.0006015165537970057,0.9999999999996199,0.973567663531087,0.9160002448690472,True
bayesian-phystwin-prob4d-controlled-decisive-trial,target-common_mode_bias-318520834,common_mode_bias,P4_explicit_gauge_persistent_metric_anchor,True,inference-admissible,0.08628693767159998,0.6665592651560721,True,True,0.009535587588571629,0.00038151240523160503,0.00038151240523160503,False,False,0.9599906768525889,0.9599906768525889,1.0,0.000637900074206653,0.9999999999988312,0.9604221499314411,0.8149263268406449,True
bayesian-phystwin-prob4d-controlled-decisive-trial,target-common_mode_bias-318520835,common_mode_bias,P4_explicit_gauge_persistent_metric_anchor,True,inference-admissible,0.048008829458904195,0.6665592651560721,True,True,0.004994584972864126,0.00025882673468209585,0.00025882673468209585,False,False,0.9481785301304679,0.9481785301304679,1.0,0.0006177729692844201,0.9999999999997016,0.9817270985695957,0.932143711922248,True
bayesian-phystwin-prob4d-controlled-decisive-trial,target-common_mode_bias-318520836,common_mode_bias,P4_explicit_gauge_persistent_metric_anchor,True,inference-admissible,0.06425140614164102,0.6665592651560721,True,True,0.007844945270711508,0.00034338724283872906,0.00034338724283872906,False,False,0.9562282168977343,0.9562282168977343,1.0,0.0006068854666290677,0.9999999999999929,0.9689118080754666,0.8812705490139852,True
bayesian-phystwin-prob4d-controlled-decisive-trial,target-common_mode_bias-318520837,common_mode_bias,P4_explicit_gauge_persistent_metric_anchor,True,inference-admissible,0.07554333831582133,0.6665592651560721,True,True,0.00612137586202495,0.0003183359375393036,0.0003183359375393036,False,False,0.9479960151582657,0.9479960151582657,1.0,0.0005653201517103074,0.9999999999999147,0.9710610107051929,0.824598789782707,True
bayesian-phystwin-prob4d-controlled-decisive-trial,target-common_mode_bias-318520838,common_mode_bias,P4_explicit_gauge_persistent_metric_anchor,True,inference-admissible,0.1444872142962228,0.6665592651560721,True,True,0.002166868574363461,0.00024678634227302414,0.00024678634227302414,False,False,0.8861092245312939,0.8861092245312939,1.0,0.0006067636760696474,0.9999999999995239,0.9313843414960241,0.6417065373076694,True
bayesian-phystwin-prob4d-controlled-decisive-trial,target-common_mode_bias-318520839,common_mode_bias,P4_explicit_gauge_persistent_metric_anchor,True,inference-admissible,0.08660891891016578,0.6665592651560721,True,True,0.0044778322534981445,0.0002587013205725828,0.0002587013205725828,False,False,0.9422262143986118,0.9422262143986118,1.0,0.0006269535434174951,0.9999999999986819,0.9683534370630922,0.7921069016403236,True
bayesian-phystwin-prob4d-controlled-decisive-trial,target-common_mode_bias-318520840,common_mode_bias,P4_explicit_gauge_persistent_metric_anchor,True,inference-admissible,0.10969356561638427,0.6665592651560721,True,True,0.0013451416824888879,0.0002039028152732146,0.0002039028152732146,False,False,0.8484153617959875,0.8484153617959875,1.0,0.0006255692830773107,0.9999999999999751,0.9806546005918015,0.6752798983867959,True
bayesian-phystwin-prob4d-controlled-decisive-trial,target-common_mode_bias-318520841,common_mode_bias,P4_explicit_gauge_persistent_metric_anchor,True,inference-admissible,0.09511288285510894,0.6665592651560721,True,True,0.0073789945348718905,0.00013537663771289346,0.00013537663771289346,False,False,0.9816537826294455,0.9816537826294455,1.0,0.0007017783358721378,0.9999999999975095,0.9599372473824023,0.780832041409002,True
bayesian-phystwin-prob4d-controlled-decisive-trial,target-common_mode_bias-318520842,common_mode_bias,P4_explicit_gauge_persistent_metric_anchor,True,inference-admissible,0.11813417189349847,0.6665592651560721,True,True,0.005111913919006046,0.000525198769299884,0.000525198769299884,False,False,0.8972598565583821,0.8972598565583821,1.0,0.0006404952354603408,0.9999999999978186,0.9590024356122548,0.6980044246831186,True
bayesian-phystwin-prob4d-controlled-decisive-trial,target-common_mode_bias-318520843,common_mode_bias,P4_explicit_gauge_persistent_metric_anchor,True,inference-admissible,0.1058288567631936,0.6665592651560721,True,True,0.00773261081034473,0.00024298120705337612,0.00024298120705337612,False,False,0.9685770804954629,0.9685770804954629,1.0,0.0006485240904519424,0.9999999999991971,0.9331488700982523,0.7994718103781758,True
bayesian-phystwin-prob4d-controlled-decisive-trial,target-common_mode_bias-318520844,common_mode_bias,P4_explicit_gauge_persistent_metric_anchor,True,inference-admissible,0.058488611406503216,0.6665592651560721,True,True,0.004234796979359111,0.00013810106166341015,0.00013810106166341015,False,False,0.9673889770072731,0.9673889770072731,1.0,0.0005965365893576035,0.999999999999968,0.9583322337293955,0.9187077266179873,True
bayesian-phystwin-prob4d-controlled-decisive-trial,target-common_mode_bias-318520845,common_mode_bias,P4_explicit_gauge_persistent_metric_anchor,True,inference-admissible,0.044378307579522464,0.6665592651560721,True,True,0.0028932142403625054,0.00035110235891779544,0.00035110235891779544,False,False,0.8786462633773695,0.8786462633773695,1.0,0.0006066899324624648,0.9999999999999964,0.9792765043758287,0.9295913482879662,True
bayesian-phystwin-prob4d-controlled-decisive-trial,target-common_mode_bias-318520846,common_mode_bias,P4_explicit_gauge_persistent_metric_anchor,True,inference-admissible,0.06700514453314371,0.6665592651560721,True,True,0.007520380728134806,0.0003166767543800964,0.0003166767543800964,False,False,0.9578908614034175,0.9578908614034175,1.0,0.000604872223837427,0.9999999999999218,0.9576666059438098,0.8880867621088869,True
bayesian-phystwin-prob4d-controlled-decisive-trial,target-common_mode_bias-318520847,common_mode_bias,P4_explicit_gauge_persistent_metric_anchor,True,inference-admissible,0.06944563847814378,0.6665592651560721,True,True,0.008128999459310206,0.00021171693714080355,0.00021171693714080355,False,False,0.973955351061277,0.973955351061277,1.0,0.0006895058582802967,0.9999999999904681,0.9682601925721764,0.8708150729365317,True
bayesian-phystwin-prob4d-controlled-decisive-trial,target-common_mode_bias-318520848,common_mode_bias,P4_explicit_gauge_persistent_metric_anchor,True,inference-admissible,0.08826598648735938,0.6665592651560721,True,True,0.0100899831848008,0.00019166398038477918,0.00019166398038477918,False,False,0.9810045292569471,0.9810045292569471,1.0,0.0005751939421907962,0.999999999997641,0.9318864231273203,0.8563731159577346,True
bayesian-phystwin-prob4d-controlled-decisive-trial,target-common_mode_bias-318520849,common_mode_bias,P4_explicit_gauge_persistent_metric_anchor,True,inference-admissible,0.03829206313436394,0.6665592651560721,True,True,0.006939794695010641,0.000472163374629177,0.000472163374629177,False,False,0.9319629188787619,0.9319629188787619,1.0,0.000608256503639732,0.9999999999939959,0.9814333143707916,0.9585052407083128,True
bayesian-phystwin-prob4d-controlled-decisive-trial,target-common_mode_bias-318520850,common_mode_bias,P4_explicit_gauge_persistent_metric_anchor,True,inference-admissible,0.06601560927289932,0.6665592651560721,True,True,0.006434460220623743,0.00012937013788100475,0.00012937013788100475,False,False,0.9798941739562944,0.9798941739562944,1.0,0.0006491464814634894,0.9999999999997158,0.9303875505986754,0.9629240364677832,True
bayesian-phystwin-prob4d-controlled-decisive-trial,target-common_mode_bias-318520851,common_mode_bias,P4_explicit_gauge_persistent_metric_anchor,True,inference-admissible,0.0783064357105177,0.6665592651560721,True,True,0.005729999140827842,0.0003069177081930534,0.0003069177081930534,False,False,0.9464366921093968,0.9464366921093968,1.0,0.0005931063389861909,1.0,0.9821752048175394,0.7973975585606323,True
bayesian-phystwin-prob4d-controlled-decisive-trial,target-common_mode_bias-318520852,common_mode_bias,P4_explicit_gauge_persistent_metric_anchor,True,inference-admissible,0.0860310307521836,0.6665592651560721,True,True,0.005451392990131184,9.762135070608271e-05,9.762135070608271e-05,False,False,0.9820924026422587,0.9820924026422587,1.0,0.0005730449207364342,0.9999999999998259,0.952976496498803,0.8267184223079702,True
bayesian-phystwin-prob4d-controlled-decisive-trial,target-common_mode_bias-318520853,common_mode_bias,P4_explicit_gauge_persistent_metric_anchor,True,inference-admissible,0.07590950683160531,0.6665592651560721,True,True,0.00382477786440126,0.0005963490857289346,0.0005963490857289346,False,False,0.8440826874471863,0.8440826874471863,0.0,0.0005930792391084039,0.9999999999999929,0.9284138447569269,0.9205016241037035,True
bayesian-phystwin-prob4d-controlled-decisive-trial,target-common_mode_bias-318520854,common_mode_bias,P4_explicit_gauge_persistent_metric_anchor,True,inference-admissible,0.1326254397516784,0.6665592651560721,True,True,0.008332760428439478,0.00020974582874255053,0.00020974582874255053,False,False,0.9748287700643962,0.9748287700643962,1.0,0.0005679646869400871,0.9999999999999716,0.8049577224179072,0.9257017728392908,True
bayesian-phystwin-prob4d-controlled-decisive-trial,target-common_mode_bias-318520855,common_mode_bias,P4_explicit_gauge_persistent_metric_anchor,True,inference-admissible,0.08570248375025805,0.6665592651560721,True,True,0.00262642597372824,0.00026479010915380616,0.00026479010915380616,False,False,0.8991823444473732,0.8991823444473732,1.0,0.0005917810086263232,0.9999999999978932,0.956578055348577,0.8111530239985453,True
bayesian-phystwin-prob4d-controlled-decisive-trial,target-common_mode_bias-318520856,common_mode_bias,P4_explicit_gauge_persistent_metric_anchor,True,inference-admissible,0.09794243230565133,0.6665592651560721,True,True,0.006480846803422644,0.00034570443446034835,0.00034570443446034835,False,False,0.946657521008246,0.946657521008246,1.0,0.0006231232938774691,0.9999999999988951,0.9532114367073788,0.782595212850354,True
bayesian-phystwin-prob4d-controlled-decisive-trial,target-common_mode_bias-318520857,common_mode_bias,P4_explicit_gauge_persistent_metric_anchor,True,inference-admissible,0.07531646155821711,0.6665592651560721,True,True,0.006523742223902663,0.00019962156064681858,0.00019962156064681858,False,False,0.9694007589822579,0.9694007589822579,1.0,0.0006768046566506288,0.9999999979272864,0.9721580359904346,0.8457104463215336,True
bayesian-phystwin-prob4d-controlled-decisive-trial,target-common_mode_bias-318520858,common_mode_bias,P4_explicit_gauge_persistent_metric_anchor,True,inference-admissible,0.07429957356276304,0.6665592651560721,True,True,0.006415563427168445,0.00023207168289954413,0.00023207168289954413,False,False,0.9638267650948982,0.9638267650948982,1.0,0.0005950423773409449,0.9999999999999858,0.9740654574582668,0.8228446055574568,True
bayesian-phystwin-prob4d-controlled-decisive-trial,target-common_mode_bias-318520859,common_mode_bias,P4_explicit_gauge_persistent_metric_anchor,True,inference-admissible,0.08697158986572118,0.6665592651560721,True,True,0.001288023918766599,0.0002115391298556214,0.0002115391298556214,False,False,0.8357645950719692,0.8357645950719692,1.0,0.0005813492963082205,0.9999999999999716,0.9593569217305206,0.8044125011428863,True
bayesian-phystwin-prob4d-controlled-decisive-trial,target-common_mode_bias-318520860,common_mode_bias,P4_explicit_gauge_persistent_metric_anchor,True,inference-admissible,0.09106246717931908,0.6665592651560721,True,True,0.0032444129748338746,0.00027650746387262667,0.00027650746387262667,False,False,0.9147742701014242,0.9147742701014242,1.0,0.0005907013545509446,1.0,0.9632332158640695,0.772399684256712,True
bayesian-phystwin-prob4d-controlled-decisive-trial,target-common_mode_bias-318520861,common_mode_bias,P4_explicit_gauge_persistent_metric_anchor,True,inference-admissible,0.06172938861786707,0.6665592651560721,True,True,0.008344041886215398,0.0002605891197083772,0.0002605891197083772,False,False,0.9687694377303069,0.9687694377303069,1.0,0.0006238811812703928,0.9999999999677271,0.9678003315612334,0.8914869010651176,True
bayesian-phystwin-prob4d-controlled-decisive-trial,target-common_mode_bias-318520862,common_mode_bias,P4_explicit_gauge_persistent_metric_anchor,True,inference-admissible,0.11688656666883121,0.6665592651560721,True,True,0.005270443916976497,0.00028389395857130703,0.00028389395857130703,False,False,0.9461347159663605,0.9461347159663605,1.0,0.0006826838408637521,0.9999999999651799,0.9777513847238762,0.663579421461543,True
bayesian-phystwin-prob4d-controlled-decisive-trial,target-common_mode_bias-318520863,common_mode_bias,P4_explicit_gauge_persistent_metric_anchor,True,inference-admissible,0.04445777825412714,0.6665592651560721,True,True,0.006611376573394591,0.00013610032599689243,0.00013610032599689243,False,False,0.9794142226681527,0.9794142226681527,1.0,0.0006258109833049437,0.9999999999993889,0.9860494232555398,0.9160454078126167,True
bayesian-phystwin-prob4d-controlled-decisive-trial,target-common_mode_bias-318520864,common_mode_bias,P4_explicit_gauge_persistent_metric_anchor,True,inference-admissible,0.04021056802476926,0.6665592651560721,True,True,0.005668348769646425,0.00019473635705809128,0.00019473635705809128,False,False,0.9656449585281538,0.9656449585281538,1.0,0.0006091252678371029,0.999999999998991,0.9818365061206573,0.9526778543533492,True
bayesian-phystwin-prob4d-controlled-decisive-trial,target-common_mode_bias-318520865,common_mode_bias,P4_explicit_gauge_persistent_metric_anchor,True,inference-admissible,0.0942638665178285,0.6665592651560721,True,True,0.005960685588147554,0.00028941997872357155,0.00028941997872357155,False,False,0.9514451862216882,0.9514451862216882,1.0,0.0006562530039736997,0.9999999999998224,0.9594911742732738,0.787564331612112,True
bayesian-phystwin-prob4d-controlled-decisive-trial,target-common_mode_bias-318520866,common_mode_bias,P4_explicit_gauge_persistent_metric_anchor,True,inference-admissible,0.0385804692779155,0.6665592651560721,True,True,0.008269995405680141,0.00016802148183045793,0.00016802148183045793,False,False,0.979683001792836,0.979683001792836,1.0,0.0006362423820262001,0.9999999999999254,0.975304330513227,0.9708593580778861,True
bayesian-phystwin-prob4d-controlled-decisive-trial,target-common_mode_bias-318520867,common_mode_bias,P4_explicit_gauge_persistent_metric_anchor,True,inference-admissible,0.10105380830357169,0.6665592651560721,True,True,0.0098135573893855,0.00016576247778143273,0.00016576247778143273,False,False,0.9831088288166813,0.9831088288166813,1.0,0.0006095918417911289,0.9999999999984119,0.9880364226361734,0.6982296766487451,True
bayesian-phystwin-prob4d-controlled-decisive-trial,target-outlier_groups-318620804,outlier_groups,P4_explicit_gauge_persistent_metric_anchor,True,inference-admissible,0.6924194563088221,0.6665592651560721,False,True,0.007023840494156033,0.0005860064248598047,0.007023840494156033,False,False,0.9165689446752994,0.0,1.0,0.0006971805524303454,0.7501552178987272,0.9487372434444604,0.8193866299743492,False
bayesian-phystwin-prob4d-controlled-decisive-trial,target-outlier_groups-318620805,outlier_groups,P4_explicit_gauge_persistent_metric_anchor,True,inference-admissible,0.0975959836283702,0.6665592651560721,True,True,0.004209501043148014,0.0005427573628215939,0.0005427573628215939,False,False,0.8710637300577313,0.8710637300577313,0.0,0.0005935565719594676,0.999999999998554,0.9621537835043439,0.7593880630401174,True
bayesian-phystwin-prob4d-controlled-decisive-trial,target-outlier_groups-318620806,outlier_groups,P4_explicit_gauge_persistent_metric_anchor,True,inference-admissible,0.5873070554941245,0.6665592651560721,True,True,0.005482039982217522,0.0003353995390648513,0.0003353995390648513,False,False,0.9388184799540298,0.9388184799540298,1.0,0.001026422905202568,0.5006693465996275,0.9734106210393562,0.8209021926219014,True
bayesian-phystwin-prob4d-controlled-decisive-trial,target-outlier_groups-318620807,outlier_groups,P4_explicit_gauge_persistent_metric_anchor,True,inference-admissible,0.06249279129891538,0.6665592651560721,True,True,0.0027870019818157657,0.0001802208211487768,0.0001802208211487768,False,False,0.9353352375331427,0.9353352375331427,1.0,0.0006880910273751765,0.9999999999849791,0.9842090031021061,0.8653710692138163,True
bayesian-phystwin-prob4d-controlled-decisive-trial,target-outlier_groups-318620808,outlier_groups,P4_explicit_gauge_persistent_metric_anchor,True,inference-admissible,0.32527533105198436,0.6665592651560721,True,True,0.0035276871034583754,0.0003326640321275223,0.0003326640321275223,False,False,0.9056991103883918,0.9056991103883918,1.0,0.0007075175642313847,0.7503042818708135,0.9751886553309728,0.8429238913472344,True
bayesian-phystwin-prob4d-controlled-decisive-trial,target-outlier_groups-318620809,outlier_groups,P4_explicit_gauge_persistent_metric_anchor,True,inference-admissible,0.32542765312161626,0.6665592651560721,True,True,0.005699417962161836,0.00046173517434618827,0.00046173517434618827,False,False,0.9189855565232053,0.9189855565232053,1.0,0.0007232391915092921,0.7503343742775206,0.9763650081316765,0.8362835450569558,True
bayesian-phystwin-prob4d-controlled-decisive-trial,target-outlier_groups-318620810,outlier_groups,P4_explicit_gauge_persistent_metric_anchor,True,inference-admissible,0.061806570820919525,0.6665592651560721,True,True,0.008394459291973952,0.00020816293701539387,0.00020816293701539387,False,False,0.9752023412378185,0.9752023412378185,1.0,0.0006136047769359723,0.9999999999969091,0.9278819683264855,0.964734283950588,True
bayesian-phystwin-prob4d-controlled-decisive-trial,target-outlier_groups-318620811,outlier_groups,P4_explicit_gauge_persistent_metric_anchor,True,inference-admissible,0.6746601388369196,0.6665592651560721,False,True,0.004938773239930861,0.0003176536833827664,0.004938773239930861,False,False,0.9356816626415484,0.0,1.0,0.0009177837864564327,0.7501726133054152,0.9881413637698732,0.8441802470965989,False
bayesian-phystwin-prob4d-controlled-decisive-trial,target-outlier_groups-318620812,outlier_groups,P4_explicit_gauge_persistent_metric_anchor,True,inference-admissible,0.31728987985162393,0.6665592651560721,True,True,0.006473374229803501,0.00035824284363924894,0.00035824284363924894,False,False,0.9446590246567402,0.9446590246567402,1.0,0.000874743153550294,0.7502173792473855,0.9786413952394677,0.8931668483799896,True
bayesian-phystwin-prob4d-controlled-decisive-trial,target-outlier_groups-318620813,outlier_groups,P4_explicit_gauge_persistent_metric_anchor,True,inference-admissible,0.08672074485824813,0.6665592651560721,True,True,0.0033354537764697986,0.0002741771369149177,0.0002741771369149177,False,False,0.917799149594241,0.917799149594241,1.0,0.0006968144534386138,0.9999999999227711,0.9621517219221456,0.8305911944723857,True
bayesian-phystwin-prob4d-controlled-decisive-trial,target-outlier_groups-318620814,outlier_groups,P4_explicit_gauge_persistent_metric_anchor,True,inference-admissible,0.3000059069172809,0.6665592651560721,True,True,0.0014098529851265733,0.00023331604596562745,0.00023331604596562745,False,False,0.8345103720550828,0.8345103720550828,1.0,0.0006388333868122311,0.750318129701097,0.9715682627054925,0.9406735128334502,True
bayesian-phystwin-prob4d-controlled-decisive-trial,target-outlier_groups-318620815,outlier_groups,P4_explicit_gauge_persistent_metric_anchor,True,inference-admissible,0.3522585569560682,0.6665592651560721,True,True,0.004353631756905266,0.0004438405833782527,0.0004438405833782527,False,False,0.8980527963408297,0.8980527963408297,1.0,0.0007538209165342729,0.7503253986607931,0.9297484602782772,0.8306908831612387,True
bayesian-phystwin-prob4d-controlled-decisive-trial,target-outlier_groups-318620816,outlier_groups,P4_explicit_gauge_persistent_metric_anchor,True,inference-admissible,0.39779190161640654,0.6665592651560721,True,True,0.0032225117487154876,0.0004146563088177088,0.0004146563088177088,False,False,0.87132512116271,0.87132512116271,1.0,0.0009776936193963545,0.7503365890849633,0.8997534979148402,0.744730445542256,True
bayesian-phystwin-prob4d-controlled-decisive-trial,target-outlier_groups-318620817,outlier_groups,P4_explicit_gauge_persistent_metric_anchor,True,inference-admissible,0.31148153683835766,0.6665592651560721,True,True,0.005714529967902613,0.00016112947834642379,0.00016112947834642379,False,False,0.9718035465293811,0.9718035465293811,1.0,0.0005951011346485628,0.7503233762772168,0.9900421380826883,0.8490970076099685,True
bayesian-phystwin-prob4d-controlled-decisive-trial,target-outlier_groups-318620818,outlier_groups,P4_explicit_gauge_persistent_metric_anchor,True,inference-admissible,0.3290477050990893,0.6665592651560721,True,True,0.003991418654500563,0.0001592883025122327,0.0001592883025122327,False,False,0.9600923089506971,0.9600923089506971,1.0,0.0006085117773160813,0.7503431435110555,0.9667885918807654,0.8191317391714142,True
bayesian-phystwin-prob4d-controlled-decisive-trial,target-outlier_groups-318620819,outlier_groups,P4_explicit_gauge_persistent_metric_anchor,True,inference-admissible,0.5682150116154436,0.6665592651560721,True,True,0.006028005342670893,2.2239583636686755e-05,2.2239583636686755e-05,False,False,0.9963106231045852,0.9963106231045852,1.0,0.0009921962304649545,0.5006592239477129,0.9671757183326076,0.9283402082945946,True
bayesian-phystwin-prob4d-controlled-decisive-trial,target-outlier_groups-318620820,outlier_groups,P4_explicit_gauge_persistent_metric_anchor,True,inference-admissible,0.323268988121179,0.6665592651560721,True,True,0.007864563062623916,0.0003012909944772286,0.0003012909944772286,False,False,0.9616900529529601,0.9616900529529601,1.0,0.0006100976613738659,0.7503287077184273,0.9834749546475084,0.8133238996256432,True
bayesian-phystwin-prob4d-controlled-decisive-trial,target-outlier_groups-318620821,outlier_groups,P4_explicit_gauge_persistent_metric_anchor,True,inference-admissible,0.6154837295221269,0.6665592651560721,True,True,0.005185284027451402,0.0004938458179138339,0.0004938458179138339,False,False,0.9047601220493678,0.9047601220493678,1.0,0.000850289837829685,0.5006688588130437,0.9448455887454891,0.7673092173423102,True
bayesian-phystwin-prob4d-controlled-decisive-trial,target-outlier_groups-318620822,outlier_groups,P4_explicit_gauge_persistent_metric_anchor,True,inference-admissible,0.08215893639745303,0.6665592651560721,True,True,0.004383958785774099,0.00029219041090754134,0.00029219041090754134,False,False,0.9333501008595938,0.9333501008595938,1.0,0.0006390195227607111,0.9999999999998188,0.9473184646514423,0.8557033361713431,True
bayesian-phystwin-prob4d-controlled-decisive-trial,target-outlier_groups-318620823,outlier_groups,P4_explicit_gauge_persistent_metric_anchor,True,inference-admissible,0.31767203278463285,0.6665592651560721,True,True,0.008786778929080493,0.00046699177112316027,0.00046699177112316027,False,False,0.9468529053829252,0.9468529053829252,1.0,0.000829711785643184,0.7503311157125359,0.9727671735664232,0.8913932437216799,True
bayesian-phystwin-prob4d-controlled-decisive-trial,target-outlier_groups-318620824,outlier_groups,P4_explicit_gauge_persistent_metric_anchor,True,inference-admissible,0.0535428878325695,0.6665592651560721,True,True,0.0029386787390966434,0.0003716204220894936,0.0003716204220894936,False,False,0.873541664440758,0.873541664440758,1.0,0.0006375540399684124,0.9999999999997478,0.9717394598924557,0.9317809160881617,True
bayesian-phystwin-prob4d-controlled-decisive-trial,target-outlier_groups-318620825,outlier_groups,P4_explicit_gauge_persistent_metric_anchor,True,inference-admissible,0.32739031794952833,0.6665592651560721,True,True,0.005846805819354886,0.00013992830630065717,0.00013992830630065717,False,False,0.9760675639615998,0.9760675639615998,1.0,0.0006505026178575358,0.7503151827825421,0.9670743436284083,0.8512493664066568,True
bayesian-phystwin-prob4d-controlled-decisive-trial,target-outlier_groups-318620826,outlier_groups,P4_explicit_gauge_persistent_metric_anchor,True,inference-admissible,0.0929090646969759,0.6665592651560721,True,True,0.006761264262104678,0.00015838953829957775,0.00015838953829957775,False,False,0.976573976085018,0.976573976085018,1.0,0.0005696329473600876,0.9999999999999787,0.9606910998121589,0.7911388455133944,True
bayesian-phystwin-prob4d-controlled-decisive-trial,target-outlier_groups-318620827,outlier_groups,P4_explicit_gauge_persistent_metric_anchor,True,inference-admissible,0.31986609463470217,0.6665592651560721,True,True,0.007094242189008854,0.0002017608525515951,0.0002017608525515951,False,False,0.9715599147623992,0.9715599147623992,1.0,0.0007158947147875286,0.7503291092780356,0.9529684554321954,0.9064627775748361,True
bayesian-phystwin-prob4d-controlled-decisive-trial,target-outlier_groups-318620828,outlier_groups,P4_explicit_gauge_persistent_metric_anchor,True,inference-admissible,0.3363870867557769,0.6665592651560721,True,True,0.009541211456635394,0.00028705119825911266,0.00028705119825911266,False,False,0.9699145963210485,0.9699145963210485,1.0,0.000765240818302672,0.7503381324640935,0.9687197863390686,0.8003715617961599,True
bayesian-phystwin-prob4d-controlled-decisive-trial,target-outlier_groups-318620829,outlier_groups,P4_explicit_gauge_persistent_metric_anchor,True,inference-admissible,0.0889911589935129,0.6665592651560721,True,True,0.007783334249463878,0.00033154808967408487,0.00033154808967408487,False,False,0.9574028200450312,0.9574028200450312,1.0,0.0006133548104990258,0.9999999999999147,0.9815744447018532,0.749222649021046,True
bayesian-phystwin-prob4d-controlled-decisive-trial,target-outlier_groups-318620830,outlier_groups,P4_explicit_gauge_persistent_metric_anchor,True,inference-admissible,0.1001928019796674,0.6665592651560721,True,True,0.009013578109553708,0.00017884363930220358,0.00017884363930220358,False,False,0.9801584190952267,0.9801584190952267,1.0,0.0005877960853938966,0.9999999999998934,0.9609401960276318,0.7397490932459696,True
bayesian-phystwin-prob4d-controlled-decisive-trial,target-outlier_groups-318620831,outlier_groups,P4_explicit_gauge_persistent_metric_anchor,True,inference-admissible,0.5802932885075976,0.6665592651560721,True,True,0.004055062535084113,0.00042389589925149714,0.00042389589925149714,False,False,0.8954650155000127,0.8954650155000127,1.0,0.000923455260596253,0.5006375428640124,0.9629555688399082,0.8665488909129658,True
bayesian-phystwin-prob4d-controlled-decisive-trial,target-outlier_groups-318620832,outlier_groups,P4_explicit_gauge_persistent_metric_anchor,True,inference-admissible,0.10290310002777942,0.6665592651560721,True,True,0.002614853293663056,0.00026126231871685066,0.00026126231871685066,False,False,0.9000852861038114,0.9000852861038114,1.0,0.0006400549103090024,0.9999999999926565,0.9742984781642757,0.7142430614019609,True
bayesian-phystwin-prob4d-controlled-decisive-trial,target-outlier_groups-318620833,outlier_groups,P4_explicit_gauge_persistent_metric_anchor,True,inference-admissible,0.31140488604913674,0.6665592651560721,True,True,0.006288378144585268,0.0003249594463405826,0.0003249594463405826,False,False,0.9483238064141554,0.9483238064141554,1.0,0.0009083582627768205,0.7503138614952439,0.981079002764086,0.9035012475706071,True
bayesian-phystwin-prob4d-controlled-decisive-trial,target-outlier_groups-318620834,outlier_groups,P4_explicit_gauge_persistent_metric_anchor,True,inference-admissible,0.3492386719961602,0.6665592651560721,True,True,0.004684203327899956,0.00018760242303667143,0.00018760242303667143,False,False,0.9599499829737796,0.9599499829737796,1.0,0.0008236940604445875,0.750332255192727,0.9327729852197013,0.8495574308976713,True
bayesian-phystwin-prob4d-controlled-decisive-trial,target-outlier_groups-318620835,outlier_groups,P4_explicit_gauge_persistent_metric_anchor,True,inference-admissible,0.1016609709109879,0.6665592651560721,True,True,0.007868065380772645,7.557988348331517e-05,7.557988348331517e-05,False,False,0.990394095647958,0.990394095647958,1.0,0.0006615189126786279,0.9999999999993996,0.9211699816190974,0.8327214083989327,True
bayesian-phystwin-prob4d-controlled-decisive-trial,target-outlier_groups-318620836,outlier_groups,P4_explicit_gauge_persistent_metric_anchor,True,inference-admissible,0.08248254663555746,0.6665592651560721,True,True,0.006350347350129486,0.0005227610400010494,0.0005227610400010494,False,False,0.9176799297458288,0.9176799297458288,1.0,0.0006724809749680067,0.9999999999879705,0.9824475870341081,0.7892569583092455,True
bayesian-phystwin-prob4d-controlled-decisive-trial,target-outlier_groups-318620837,outlier_groups,P4_explicit_gauge_persistent_metric_anchor,True,inference-admissible,0.5644265388386219,0.6665592651560721,True,True,0.0008354583458070945,0.0006488282370198372,0.0006488282370198372,False,False,0.22338649164724467,0.22338649164724467,1.0,0.0010028805299862446,0.5006793789129956,0.9836685645331715,0.8998621629617647,True
bayesian-phystwin-prob4d-controlled-decisive-trial,target-outlier_groups-318620838,outlier_groups,P4_explicit_gauge_persistent_metric_anchor,True,inference-admissible,0.5613957983823783,0.6665592651560721,True,True,0.004915684377988328,0.0003152816820472057,0.0003152816820472057,False,False,0.9358620981731479,0.9358620981731479,1.0,0.0008486041683944127,0.5006741647563344,0.9481061478363625,0.9574290898949861,True
bayesian-phystwin-prob4d-controlled-decisive-trial,target-outlier_groups-318620839,outlier_groups,P4_explicit_gauge_persistent_metric_anchor,True,inference-admissible,0.3210467001297743,0.6665592651560721,True,True,0.0022628799646034056,0.0003924417389523171,0.0003924417389523171,False,False,0.8265742129096553,0.8265742129096553,1.0,0.0006169767689874795,0.7503402811886255,0.9735086721075812,0.8480458140716665,True
bayesian-phystwin-prob4d-controlled-decisive-trial,target-outlier_groups-318620840,outlier_groups,P4_explicit_gauge_persistent_metric_anchor,True,inference-admissible,0.5817085220173634,0.6665592651560721,True,True,0.005601483911017078,0.0003985725238183463,0.0003985725238183463,False,False,0.9288451899264714,0.9288451899264714,1.0,0.0008067880762660535,0.5006470376974697,0.9805373449954796,0.8035942912066191,True
bayesian-phystwin-prob4d-controlled-decisive-trial,target-outlier_groups-318620841,outlier_groups,P4_explicit_gauge_persistent_metric_anchor,True,inference-admissible,0.30246314397630575,0.6665592651560721,True,True,0.005069787761840298,0.0002706990068679956,0.0002706990068679956,False,False,0.9466054557736094,0.9466054557736094,1.0,0.0007048178810137184,0.7503493330832778,0.9747609532687577,0.9449296004937997,True
bayesian-phystwin-prob4d-controlled-decisive-trial,target-outlier_groups-318620842,outlier_groups,P4_explicit_gauge_persistent_metric_anchor,True,inference-admissible,0.319102882695358,0.6665592651560721,True,True,0.0024374765926138907,0.00022234664614398362,0.00022234664614398362,False,False,0.9087799871318787,0.9087799871318787,1.0,0.0006564969242444031,0.7503199185546786,0.9312816829775867,0.9429217967420335,True
bayesian-phystwin-prob4d-controlled-decisive-trial,target-outlier_groups-318620843,outlier_groups,P4_explicit_gauge_persistent_metric_anchor,True,inference-admissible,0.054955586935483344,0.6665592651560721,True,True,0.01096661810052434,0.000316465341925145,0.000316465341925145,False,False,0.9711428501453867,0.9711428501453867,1.0,0.0006151879702975706,0.9999999999996092,0.9723850011332774,0.9094618787277936,True
bayesian-phystwin-prob4d-controlled-decisive-trial,target-outlier_groups-318620844,outlier_groups,P4_explicit_gauge_persistent_metric_anchor,True,inference-admissible,0.3512677297859336,0.6665592651560721,True,True,0.008060665055709676,0.000334140203657907,0.000334140203657907,False,False,0.958546819480953,0.958546819480953,1.0,0.0007133699128877735,0.750341018499007,0.9543023667508923,0.7689646615777765,True
bayesian-phystwin-prob4d-controlled-decisive-trial,target-outlier_groups-318620845,outlier_groups,P4_explicit_gauge_persistent_metric_anchor,True,inference-admissible,0.6487177551010965,0.6665592651560721,True,True,0.0034769856246215616,0.00013330016881092787,0.00013330016881092787,False,False,0.9616621455472838,0.9616621455472838,1.0,0.000792557526081393,0.750165065622831,0.9716023723917625,0.9634965583359427,False
bayesian-phystwin-prob4d-controlled-decisive-trial,target-outlier_groups-318620846,outlier_groups,P4_explicit_gauge_persistent_metric_anchor,True,inference-admissible,0.7491894043971679,0.6665592651560721,False,True,0.0022690001527822384,0.0004398966046122842,0.0022690001527822384,False,False,0.8061275561956729,0.0,1.0,0.0008889559585469462,0.7501771499273339,0.958141704648425,0.5930472297945968,False
bayesian-phystwin-prob4d-controlled-decisive-trial,target-outlier_groups-318620847,outlier_groups,P4_explicit_gauge_persistent_metric_anchor,True,inference-admissible,0.5804466400686432,0.6665592651560721,True,True,0.005223493703635257,0.00033238692211922256,0.00033238692211922256,False,False,0.9363669335165657,0.9363669335165657,1.0,0.0010657247955505233,0.5006692628520094,0.9683524067142133,0.8770059525081021,True
bayesian-phystwin-prob4d-controlled-decisive-trial,target-outlier_groups-318620848,outlier_groups,P4_explicit_gauge_persistent_metric_anchor,True,inference-admissible,0.713871751411508,0.6665592651560721,False,True,0.008769605870200436,0.0003036350067892754,0.008769605870200436,False,False,0.965376436377712,0.0,1.0,0.0006827316956746562,0.7501579392137736,0.9659189509729552,0.6993714676620592,False
bayesian-phystwin-prob4d-controlled-decisive-trial,target-outlier_groups-318620849,outlier_groups,P4_explicit_gauge_persistent_metric_anchor,True,inference-admissible,0.0642343536322879,0.6665592651560721,True,True,0.0025200222035358507,0.0001726574301117722,0.0001726574301117722,False,False,0.9314857504550889,0.9314857504550889,1.0,0.0006393891004724338,0.9999999999996128,0.9482572967948698,0.9451979749368663,True
bayesian-phystwin-prob4d-controlled-decisive-trial,target-outlier_groups-318620850,outlier_groups,P4_explicit_gauge_persistent_metric_anchor,True,inference-admissible,0.32395777674520465,0.6665592651560721,True,True,0.0068105593255386775,0.0004597301132817503,0.0004597301132817503,False,False,0.9324974511920299,0.9324974511920299,1.0,0.0007588475130957678,0.7503301168475702,0.9790571198067164,0.8353069047097709,True
bayesian-phystwin-prob4d-controlled-decisive-trial,target-outlier_groups-318620851,outlier_groups,P4_explicit_gauge_persistent_metric_anchor,True,inference-admissible,0.06398067651589123,0.6665592651560721,True,True,0.008308912834170488,0.0001818493154464197,0.0001818493154464197,False,False,0.9781139459426554,0.9781139459426554,1.0,0.0006696165372122092,0.9999999999978861,0.9797880609870159,0.8660156988488243,True
bayesian-phystwin-prob4d-controlled-decisive-trial,target-outlier_groups-318620852,outlier_groups,P4_explicit_gauge_persistent_metric_anchor,True,inference-admissible,0.2883741495270047,0.6665592651560721,True,True,0.00815946170854626,0.0005615759794849176,0.0005615759794849176,False,False,0.9311748740855392,0.9311748740855392,1.0,0.0007280785254791545,0.7503245281729566,0.9911831117760997,0.9661708689431346,True
bayesian-phystwin-prob4d-controlled-decisive-trial,target-outlier_groups-318620853,outlier_groups,P4_explicit_gauge_persistent_metric_anchor,True,inference-admissible,0.3240302138780427,0.6665592651560721,True,True,0.00522498249783747,0.0002722012663046107,0.0002722012663046107,False,False,0.9479038893590036,0.9479038893590036,1.0,0.0007107792484255022,0.7503430657595744,0.9651489979698071,0.8602764734650279,True
bayesian-phystwin-prob4d-controlled-decisive-trial,target-outlier_groups-318620854,outlier_groups,P4_explicit_gauge_persistent_metric_anchor,True,inference-admissible,0.3215681006586539,0.6665592651560721,True,True,0.0046747177540388115,0.00017259525911611197,0.00017259525911611197,False,False,0.9630789989476916,0.9630789989476916,1.0,0.0006656289349126644,0.7503234493582057,0.9826719646652178,0.8196978284734062,True
bayesian-phystwin-prob4d-controlled-decisive-trial,target-outlier_groups-318620855,outlier_groups,P4_explicit_gauge_persistent_metric_anchor,True,inference-admissible,0.33308092550777,0.6665592651560721,True,True,0.007766580735628449,0.0004524771612430188,0.0004524771612430188,False,False,0.9417404934494117,0.9417404934494117,1.0,0.000703280200692249,0.7503520448324037,0.9820164342107147,0.7890124889024792,True
bayesian-phystwin-prob4d-controlled-decisive-trial,target-outlier_groups-318620856,outlier_groups,P4_explicit_gauge_persistent_metric_anchor,True,inference-admissible,0.12807373464024863,0.6665592651560721,True,True,0.00723967364554318,0.00017234488753054263,0.00017234488753054263,False,False,0.9761943844476139,0.9761943844476139,1.0,0.0007042638171159062,0.999999999996362,0.9049177456447103,0.768665125071398,True
bayesian-phystwin-prob4d-controlled-decisive-trial,target-outlier_groups-318620857,outlier_groups,P4_explicit_gauge_persistent_metric_anchor,True,inference-admissible,0.08217988938198816,0.6665592651560721,True,True,0.005611865404624781,7.71248811968556e-05,7.71248811968556e-05,False,False,0.9862568191437207,0.9862568191437207,1.0,0.0006076816634333032,0.9999999999998259,0.9597667376033734,0.8192445216149693,True
bayesian-phystwin-prob4d-controlled-decisive-trial,target-outlier_groups-318620858,outlier_groups,P4_explicit_gauge_persistent_metric_anchor,True,inference-admissible,0.3388954889138486,0.6665592651560721,True,True,0.004501614660123775,0.00039179093257338737,0.00039179093257338737,False,False,0.9129665770720111,0.9129665770720111,1.0,0.0005894783881795295,0.7503290929382069,0.9784105523151237,0.7673017000129606,True
bayesian-phystwin-prob4d-controlled-decisive-trial,target-outlier_groups-318620859,outlier_groups,P4_explicit_gauge_persistent_metric_anchor,True,inference-admissible,0.6288998100619677,0.6665592651560721,True,True,0.006392628308591071,0.00022725601597167893,0.00022725601597167893,False,False,0.9644503004083205,0.9644503004083205,1.0,0.0008813809196562527,0.5006393433698062,0.9709976712399292,0.6480657546621952,True
bayesian-phystwin-prob4d-controlled-decisive-trial,target-outlier_groups-318620860,outlier_groups,P4_explicit_gauge_persistent_metric_anchor,True,inference-admissible,0.5735159074373337,0.6665592651560721,True,True,0.005726351765468711,0.0002624924077368291,0.0002624924077368291,False,False,0.9541606211969509,0.9541606211969509,1.0,0.001077798464573433,0.5006343955129672,0.9526534753174257,0.9389784382613912,True
bayesian-phystwin-prob4d-controlled-decisive-trial,target-outlier_groups-318620861,outlier_groups,P4_explicit_gauge_persistent_metric_anchor,True,inference-admissible,0.5913099510393081,0.6665592651560721,True,True,0.004273625823784311,0.0005164144223862411,0.0005164144223862411,False,False,0.8791624621153767,0.8791624621153767,1.0,0.0008507225321850694,0.5006729007767349,0.9551685992258787,0.8300861471881361,True
bayesian-phystwin-prob4d-controlled-decisive-trial,target-outlier_groups-318620862,outlier_groups,P4_explicit_gauge_persistent_metric_anchor,True,inference-admissible,0.6982294815386182,0.6665592651560721,False,True,0.009887514540903426,0.000827993633880219,0.009887514540903426,False,False,0.9162586683989276,0.0,1.0,0.000991350548427238,0.7502553082251202,0.9489043544051156,0.8294242676557283,False
bayesian-phystwin-prob4d-controlled-decisive-trial,target-outlier_groups-318620863,outlier_groups,P4_explicit_gauge_persistent_metric_anchor,True,inference-admissible,0.3623759957874862,0.6665592651560721,True,True,0.00308407611467401,0.0005040947945813857,0.0005040947945813857,False,False,0.8365491719925762,0.8365491719925762,1.0,0.0007407352088171605,0.750299291592983,0.9702189585316965,0.7205877402095295,True
bayesian-phystwin-prob4d-controlled-decisive-trial,target-outlier_groups-318620864,outlier_groups,P4_explicit_gauge_persistent_metric_anchor,True,inference-admissible,0.5868374960870936,0.6665592651560721,True,True,0.0018251786450019201,0.00038433520807207256,0.00038433520807207256,False,False,0.7894259780408135,0.7894259780408135,1.0,0.0007368990401100992,0.5007259415956766,0.9659673778856094,0.8044465520360392,True
bayesian-phystwin-prob4d-controlled-decisive-trial,target-outlier_groups-318620865,outlier_groups,P4_explicit_gauge_persistent_metric_anchor,True,inference-admissible,0.3170413160905422,0.6665592651560721,True,True,0.0026002370655815923,0.00025274725401546046,0.00025274725401546046,False,False,0.9027983804396201,0.9027983804396201,1.0,0.0006783880746241243,0.750337047107803,0.9678069333899061,0.8797946101148488,True
bayesian-phystwin-prob4d-controlled-decisive-trial,target-outlier_groups-318620866,outlier_groups,P4_explicit_gauge_persistent_metric_anchor,True,inference-admissible,0.3272465436106156,0.6665592651560721,True,True,0.006381164470297762,0.0004139426584464825,0.0004139426584464825,False,False,0.9351305454712457,0.9351305454712457,1.0,0.0007713567684859172,0.7502446333830803,0.9787019432836105,0.8366715234924769,True
bayesian-phystwin-prob4d-controlled-decisive-trial,target-outlier_groups-318620867,outlier_groups,P4_explicit_gauge_persistent_metric_anchor,True,inference-admissible,1.0289778945699055,0.6665592651560721,False,True,0.00525994850751076,0.00016584928489567327,0.00525994850751076,False,False,0.9684694090334051,0.0,1.0,0.0010067965072184913,0.5008053514160622,0.9383491768221216,0.5403473176523735,False
bayesian-phystwin-prob4d-controlled-decisive-trial,target-weak_identifiability-318720804,weak_identifiability,P4_explicit_gauge_persistent_metric_anchor,True,inference-admissible,0.6393517933593279,0.6665592651560721,True,True,0.010832019976097715,0.0006381117533654429,0.0006381117533654429,False,False,0.9410902348062946,0.9410902348062946,1.0,0.002350211951094506,0.9999999999997371,0.061395573261644264,0.6008280789585235,True
bayesian-phystwin-prob4d-controlled-decisive-trial,target-weak_identifiability-318720805,weak_identifiability,P4_explicit_gauge_persistent_metric_anchor,True,inference-admissible,0.6114581667212584,0.6665592651560721,True,True,0.011429269540722637,0.000827503208403928,0.000827503208403928,False,False,0.9275978919339051,0.9275978919339051,1.0,0.00238870295030994,0.9999999999999076,0.06126389617798764,0.738874324388573,True
bayesian-phystwin-prob4d-controlled-decisive-trial,target-weak_identifiability-318720806,weak_identifiability,P4_explicit_gauge_persistent_metric_anchor,True,inference-admissible,0.6438568897129978,0.6665592651560721,True,True,0.007758338809505293,0.001933119912217391,0.001933119912217391,False,False,0.7508332698941959,0.7508332698941959,1.0,0.0024370820187795948,0.9999999999927986,0.06120451689518716,0.6084671418886364,True
bayesian-phystwin-prob4d-controlled-decisive-trial,target-weak_identifiability-318720807,weak_identifiability,P4_explicit_gauge_persistent_metric_anchor,True,inference-admissible,0.6175916440367516,0.6665592651560721,True,True,0.008992024054404513,0.000998113493778093,0.000998113493778093,False,False,0.8890001308115727,0.8890001308115727,1.0,0.002296722710218097,0.9999999999994067,0.06210228202877943,0.699591101449274,True
bayesian-phystwin-prob4d-controlled-decisive-trial,target-weak_identifiability-318720808,weak_identifiability,P4_explicit_gauge_persistent_metric_anchor,True,inference-admissible,0.6102443826907278,0.6665592651560721,True,True,0.004375259120309621,0.0010819969894535267,0.0010819969894535267,False,False,0.7527010493090618,0.7527010493090618,1.0,0.0022046464135215427,0.9999999999999787,0.06059800379579105,0.7335919691128687,True
bayesian-phystwin-prob4d-controlled-decisive-trial,target-weak_identifiability-318720809,weak_identifiability,P4_explicit_gauge_persistent_metric_anchor,True,inference-admissible,0.6475260342730996,0.6665592651560721,True,True,0.011759734922268361,0.0012112208882909122,0.0012112208882909122,False,False,0.8970027048826303,0.8970027048826303,1.0,0.002357160051245878,0.9999999999963727,0.06028311075904581,0.6015107263127937,True
bayesian-phystwin-prob4d-controlled-decisive-trial,target-weak_identifiability-318720810,weak_identifiability,P4_explicit_gauge_persistent_metric_anchor,True,inference-admissible,0.634407741062447,0.6665592651560721,True,True,0.002438066949580228,0.0008605508120357406,0.0008605508120357406,False,False,0.64703561065708,0.64703561065708,1.0,0.002254779086479809,0.9999999999999751,0.060626099456858956,0.619866173601241,True
bayesian-phystwin-prob4d-controlled-decisive-trial,target-weak_identifiability-318720811,weak_identifiability,P4_explicit_gauge_persistent_metric_anchor,True,inference-admissible,0.6387389957822096,0.6665592651560721,True,True,0.004100492522023597,0.0008483311641267057,0.0008483311641267057,False,False,0.7931148125327995,0.7931148125327995,1.0,0.0023900410096920938,0.9999999999996589,0.06292879091458062,0.6223990424525986,True
bayesian-phystwin-prob4d-controlled-decisive-trial,target-weak_identifiability-318720812,weak_identifiability,P4_explicit_gauge_persistent_metric_anchor,True,inference-admissible,0.5820529338149464,0.6665592651560721,True,True,0.008504625643186065,0.000637891419451996,0.000637891419451996,False,False,0.9249947679986271,0.9249947679986271,1.0,0.0024998125034938327,0.9999999999737952,0.058803790421008265,0.8604393248679797,True
bayesian-phystwin-prob4d-controlled-decisive-trial,target-weak_identifiability-318720813,weak_identifiability,P4_explicit_gauge_persistent_metric_anchor,True,inference-admissible,0.6437950770015379,0.6665592651560721,True,True,0.010597500123673585,0.002055973961830471,0.002055973961830471,False,False,0.805994438515017,0.805994438515017,1.0,0.0023476111290246563,0.9999999999858993,0.06173756278337527,0.5944431877281541,True
bayesian-phystwin-prob4d-controlled-decisive-trial,target-weak_identifiability-318720814,weak_identifiability,P4_explicit_gauge_persistent_metric_anchor,True,inference-admissible,0.6527878952405572,0.6665592651560721,True,True,0.0029103265204323786,0.000928009830460895,0.000928009830460895,False,False,0.6811320571950726,0.6811320571950726,1.0,0.0023353986401743617,0.9999999999995772,0.0614552876977855,0.5661917796840981,True
bayesian-phystwin-prob4d-controlled-decisive-trial,target-weak_identifiability-318720815,weak_identifiability,P4_explicit_gauge_persistent_metric_anchor,True,inference-admissible,0.6111120615071972,0.6665592651560721,True,True,0.007646028675287816,0.001288534392184439,0.001288534392184439,False,False,0.8314766466480803,0.8314766466480803,1.0,0.0021942965592205645,0.9999999999999964,0.06023737994000428,0.7120200980287772,True
bayesian-phystwin-prob4d-controlled-decisive-trial,target-weak_identifiability-318720816,weak_identifiability,P4_explicit_gauge_persistent_metric_anchor,True,inference-admissible,0.6125905772132647,0.6665592651560721,True,True,0.012063719250199155,0.001823905391313128,0.001823905391313128,False,False,0.8488106898473273,0.8488106898473273,1.0,0.0022615378250039155,0.9999999999984048,0.06336827888358842,0.7002731742148949,True
bayesian-phystwin-prob4d-controlled-decisive-trial,target-weak_identifiability-318720817,weak_identifiability,P4_explicit_gauge_persistent_metric_anchor,True,inference-admissible,0.6272414354713067,0.6665592651560721,True,True,0.004965553368754771,0.0010510042140304211,0.0010510042140304211,False,False,0.7883409690763257,0.7883409690763257,1.0,0.0024674278460630424,0.9999999999987388,0.058969110394634434,0.6799689700071259,True
bayesian-phystwin-prob4d-controlled-decisive-trial,target-weak_identifiability-318720818,weak_identifiability,P4_explicit_gauge_persistent_metric_anchor,True,inference-admissible,0.6292119216008707,0.6665592651560721,True,True,0.002197753064924715,0.0008609767404861453,0.0008609767404861453,False,False,0.608246825256668,0.608246825256668,1.0,0.0024029683886709753,0.9999999999550511,0.0620490858749385,0.6441265674970741,True
bayesian-phystwin-prob4d-controlled-decisive-trial,target-weak_identifiability-318720819,weak_identifiability,P4_explicit_gauge_persistent_metric_anchor,True,inference-admissible,0.6366264219881819,0.6665592651560721,True,True,0.0038674271681587956,0.0007805096457029427,0.0007805096457029427,False,False,0.7981837506523678,0.7981837506523678,1.0,0.0024138649597355046,0.9999999999967208,0.06127035646630622,0.6473589820176475,True
bayesian-phystwin-prob4d-controlled-decisive-trial,target-weak_identifiability-318720820,weak_identifiability,P4_explicit_gauge_persistent_metric_anchor,True,inference-admissible,0.6229175121483492,0.6665592651560721,True,True,0.007226321525624406,0.0006279315206774301,0.0006279315206774301,False,False,0.9131049568648729,0.9131049568648729,1.0,0.0024034538329205674,0.9999999999630234,0.06195020360185863,0.6819575897252979,True
bayesian-phystwin-prob4d-controlled-decisive-trial,target-weak_identifiability-318720821,weak_identifiability,P4_explicit_gauge_persistent_metric_anchor,True,inference-admissible,0.6143362683967617,0.6665592651560721,True,True,0.00904580560149366,0.000840696260931636,0.000840696260931636,False,False,0.9070623117533259,0.9070623117533259,1.0,0.002369265294618648,0.9999999999915907,0.05874629057178588,0.7191121693615717,True
bayesian-phystwin-prob4d-controlled-decisive-trial,target-weak_identifiability-318720822,weak_identifiability,P4_explicit_gauge_persistent_metric_anchor,True,inference-admissible,0.6192584282568481,0.6665592651560721,True,True,0.00768196353716127,0.0014917993051916931,0.0014917993051916931,False,False,0.8058049484386175,0.8058049484386175,1.0,0.002296777294654587,0.9999999999998863,0.05903548417211316,0.6833548891087609,True
bayesian-phystwin-prob4d-controlled-decisive-trial,target-weak_identifiability-318720823,weak_identifiability,P4_explicit_gauge_persistent_metric_anchor,True,inference-admissible,0.6279307500514257,0.6665592651560721,True,True,0.007436957902988697,0.0010560167178405432,0.0010560167178405432,False,False,0.85800420929959,0.85800420929959,1.0,0.002346188521622363,0.9999999999996447,0.0608580121703143,0.6799346250095051,True
bayesian-phystwin-prob4d-controlled-decisive-trial,target-weak_identifiability-318720824,weak_identifiability,P4_explicit_gauge_persistent_metric_anchor,True,inference-admissible,0.6285870518598191,0.6665592651560721,True,True,0.009116463099661682,0.0019033348108435356,0.0019033348108435356,False,False,0.7912200389519297,0.7912200389519297,1.0,0.0023861426046307447,0.9999999999980496,0.062462341500292645,0.6743236254955853,True
bayesian-phystwin-prob4d-controlled-decisive-trial,target-weak_identifiability-318720825,weak_identifiability,P4_explicit_gauge_persistent_metric_anchor,True,inference-admissible,0.6179132163333034,0.6665592651560721,True,True,0.007844080281687885,0.0005293275082417412,0.0005293275082417412,False,False,0.9325188563562431,0.9325188563562431,1.0,0.0023374389547010143,0.999999999997911,0.05660783600636383,0.696742995276565,True
bayesian-phystwin-prob4d-controlled-decisive-trial,target-weak_identifiability-318720826,weak_identifiability,P4_explicit_gauge_persistent_metric_anchor,True,inference-admissible,0.6233361585931473,0.6665592651560721,True,True,0.013177845391582819,0.0006856520613593438,0.0006856520613593438,False,False,0.9479693348202965,0.9479693348202965,1.0,0.0022606281486468025,0.9999999999999822,0.06215388107370861,0.6598639430303229,True
bayesian-phystwin-prob4d-controlled-decisive-trial,target-weak_identifiability-318720827,weak_identifiability,P4_explicit_gauge_persistent_metric_anchor,True,inference-admissible,0.6162758966241737,0.6665592651560721,True,True,0.009029261772495972,0.0015754698677199921,0.0015754698677199921,False,False,0.8255150966473217,0.8255150966473217,1.0,0.0022196279516949243,0.9999999999999751,0.05998784917646804,0.6659211062423636,True
bayesian-phystwin-prob4d-controlled-decisive-trial,target-weak_identifiability-318720828,weak_identifiability,P4_explicit_gauge_persistent_metric_anchor,True,inference-admissible,0.6257835453214982,0.6665592651560721,True,True,0.009711125803584532,0.0011558993746249497,0.0011558993746249497,False,False,0.8809716403634387,0.8809716403634387,1.0,0.0020493291584641475,0.9999999999999964,0.061163714295530046,0.6329019505008482,True
bayesian-phystwin-prob4d-controlled-decisive-trial,target-weak_identifiability-318720829,weak_identifiability,P4_explicit_gauge_persistent_metric_anchor,True,inference-admissible,0.6122687003804241,0.6665592651560721,True,True,0.006194488124638477,0.001004717488608591,0.001004717488608591,False,False,0.8378045984764515,0.8378045984764515,1.0,0.0023405789770778638,0.9999999999996234,0.06209713627852626,0.7148642134228745,True
bayesian-phystwin-prob4d-controlled-decisive-trial,target-weak_identifiability-318720830,weak_identifiability,P4_explicit_gauge_persistent_metric_anchor,True,inference-admissible,0.6426516432869793,0.6665592651560721,True,True,0.005978918658666037,0.0007223795244696802,0.0007223795244696802,False,False,0.8791789007828965,0.8791789007828965,1.0,0.0021442425165328683,0.9999999999999467,0.060586504538162354,0.5720225153898844,True
bayesian-phystwin-prob4d-controlled-decisive-trial,target-weak_identifiability-318720831,weak_identifiability,P4_explicit_gauge_persistent_metric_anchor,True,inference-admissible,0.628421000154364,0.6665592651560721,True,True,0.008363184270310874,0.0009224173131862046,0.0009224173131862046,False,False,0.8897050114678489,0.8897050114678489,1.0,0.0023958571694244093,0.9999999999994245,0.06263855493371308,0.6605890354148387,True
bayesian-phystwin-prob4d-controlled-decisive-trial,target-weak_identifiability-318720832,weak_identifiability,P4_explicit_gauge_persistent_metric_anchor,True,inference-admissible,0.6391558205354239,0.6665592651560721,True,True,0.010990076297439475,0.0009780275846998853,0.0009780275846998853,False,False,0.9110081169383919,0.9110081169383919,1.0,0.0023091592023352803,0.9999999999995879,0.06181001799054521,0.6194925719625224,True
bayesian-phystwin-prob4d-controlled-decisive-trial,target-weak_identifiability-318720833,weak_identifiability,P4_explicit_gauge_persistent_metric_anchor,True,inference-admissible,0.5797944258681819,0.6665592651560721,True,True,0.006918107511306053,0.0007222955616144007,0.0007222955616144007,False,False,0.8955934754650784,0.8955934754650784,1.0,0.002249680214880062,0.9999999999999929,0.0635528180739855,0.8368626194781116,True
bayesian-phystwin-prob4d-controlled-decisive-trial,target-weak_identifiability-318720834,weak_identifiability,P4_explicit_gauge_persistent_metric_anchor,True,inference-admissible,0.6762483596518394,0.6665592651560721,False,True,0.000784887873091406,0.0010583210170856923,0.000784887873091406,False,False,-0.34837223681049667,0.0,1.0,0.0024725654061155296,0.9999999999761044,0.05858204843811275,0.4884086661903086,True
bayesian-phystwin-prob4d-controlled-decisive-trial,target-weak_identifiability-318720835,weak_identifiability,P4_explicit_gauge_persistent_metric_anchor,True,inference-admissible,0.6450280370076849,0.6665592651560721,True,True,0.009723354187886965,0.0008585301273698536,0.0008585301273698536,False,False,0.9117043243740537,0.9117043243740537,1.0,0.0022635107374456074,0.9999999999989342,0.06122932580696517,0.5897994478860343,True
bayesian-phystwin-prob4d-controlled-decisive-trial,target-weak_identifiability-318720836,weak_identifiability,P4_explicit_gauge_persistent_metric_anchor,True,inference-admissible,0.5953810599992727,0.6665592651560721,True,True,0.0071539840836954685,0.0007010937537637354,0.0007010937537637354,False,False,0.901999536822903,0.901999536822903,1.0,0.002282098318721447,0.9999999999999751,0.06093758881783023,0.7552488321422751,True
bayesian-phystwin-prob4d-controlled-decisive-trial,target-weak_identifiability-318720837,weak_identifiability,P4_explicit_gauge_persistent_metric_anchor,True,inference-admissible,0.6180367100859574,0.6665592651560721,True,True,0.01188577620195655,5.227552131252106e-05,5.227552131252106e-05,False,False,0.9956018420316617,0.9956018420316617,1.0,0.0023314372838302544,0.9999999999997762,0.06093071689510208,0.7125061273927578,True
bayesian-phystwin-prob4d-controlled-decisive-trial,target-weak_identifiability-318720838,weak_identifiability,P4_explicit_gauge_persistent_metric_anchor,True,inference-admissible,0.6566271919090827,0.6665592651560721,True,True,0.00706815104052288,0.0009153042698866519,0.0009153042698866519,False,False,0.870503012083491,0.870503012083491,1.0,0.0023012873724126562,0.9999999997936833,0.061537632341257226,0.5290188320485264,True
bayesian-phystwin-prob4d-controlled-decisive-trial,target-weak_identifiability-318720839,weak_identifiability,P4_explicit_gauge_persistent_metric_anchor,True,inference-admissible,0.6170458313738366,0.6665592651560721,True,True,0.002147096083552658,0.0009467361642531822,0.0009467361642531822,False,False,0.5590620412819717,0.5590620412819717,1.0,0.0021056606208689375,1.0,0.06061024528905603,0.6944797532225085,True
bayesian-phystwin-prob4d-controlled-decisive-trial,target-weak_identifiability-318720840,weak_identifiability,P4_explicit_gauge_persistent_metric_anchor,True,inference-admissible,0.661371589987609,0.6665592651560721,True,True,0.010592373594068515,0.001209963421559322,0.001209963421559322,False,False,0.8857703223159658,0.8857703223159658,1.0,0.002329200601710058,0.9999999999994529,0.06126060163081286,0.5187412210255365,True
bayesian-phystwin-prob4d-controlled-decisive-trial,target-weak_identifiability-318720841,weak_identifiability,P4_explicit_gauge_persistent_metric_anchor,True,inference-admissible,0.6092281397693199,0.6665592651560721,True,True,0.006310984910758985,0.0012997169406729348,0.0012997169406729348,False,False,0.7940548172667671,0.7940548172667671,1.0,0.0020532167583226656,1.0,0.06112333979527094,0.7124349667081259,True
bayesian-phystwin-prob4d-controlled-decisive-trial,target-weak_identifiability-318720842,weak_identifiability,P4_explicit_gauge_persistent_metric_anchor,True,inference-admissible,0.636546864149046,0.6665592651560721,True,True,0.008706663397201329,0.0007892608274017117,0.0007892608274017117,False,False,0.9093497943591787,0.9093497943591787,1.0,0.00228333790153624,0.9999999999999716,0.06244325264414798,0.6263042856621249,True
bayesian-phystwin-prob4d-controlled-decisive-trial,target-weak_identifiability-318720843,weak_identifiability,P4_explicit_gauge_persistent_metric_anchor,True,inference-admissible,0.6419999200138091,0.6665592651560721,True,True,0.01013784050276278,0.0008833801367287172,0.0008833801367287172,False,False,0.9128630859315673,0.9128630859315673,1.0,0.002359203801491501,0.9999999999965539,0.061052721053152244,0.6112744896910817,True
bayesian-phystwin-prob4d-controlled-decisive-trial,target-weak_identifiability-318720844,weak_identifiability,P4_explicit_gauge_persistent_metric_anchor,True,inference-admissible,0.6274260668080632,0.6665592651560721,True,True,0.012751653226098255,0.0010437980089456572,0.0010437980089456572,False,False,0.9181441033222766,0.9181441033222766,1.0,0.0023135709823779,0.9999999999999716,0.06137220062618979,0.6357927435048887,True
bayesian-phystwin-prob4d-controlled-decisive-trial,target-weak_identifiability-318720845,weak_identifiability,P4_explicit_gauge_persistent_metric_anchor,True,inference-admissible,0.6176001432858466,0.6665592651560721,True,True,0.0032760224775190984,0.0012141530019249404,0.0012141530019249404,False,False,0.629381968452058,0.629381968452058,1.0,0.002214497545664301,0.9999999999999609,0.06180154153982681,0.6912706231323523,True
bayesian-phystwin-prob4d-controlled-decisive-trial,target-weak_identifiability-318720846,weak_identifiability,P4_explicit_gauge_persistent_metric_anchor,True,inference-admissible,0.6384349749759258,0.6665592651560721,True,True,0.011708505014643333,0.0013734641945166528,0.0013734641945166528,False,False,0.8826951696395979,0.8826951696395979,1.0,0.0022039018730867508,0.9999999999999787,0.062304163242692036,0.5844868955813737,True
bayesian-phystwin-prob4d-controlled-decisive-trial,target-weak_identifiability-318720847,weak_identifiability,P4_explicit_gauge_persistent_metric_anchor,True,inference-admissible,0.6047300402950315,0.6665592651560721,True,True,0.004828503931793069,0.0007603405598003182,0.0007603405598003182,False,False,0.8425308189574229,0.8425308189574229,1.0,0.0021966298122216275,0.999999999999968,0.06023089260311268,0.7337605979679133,True
bayesian-phystwin-prob4d-controlled-decisive-trial,target-weak_identifiability-318720848,weak_identifiability,P4_explicit_gauge_persistent_metric_anchor,True,inference-admissible,0.6349633902468892,0.6665592651560721,True,True,0.007112209845983812,0.0007582753417649411,0.0007582753417649411,False,False,0.8933840032584063,0.8933840032584063,1.0,0.0022959982074203153,0.9999999999999325,0.06265717275268179,0.6217482123272251,True
bayesian-phystwin-prob4d-controlled-decisive-trial,target-weak_identifiability-318720849,weak_identifiability,P4_explicit_gauge_persistent_metric_anchor,True,inference-admissible,0.6072394911440845,0.6665592651560721,True,True,0.009048397130844052,0.000704512509126066,0.000704512509126066,False,False,0.9221395238362678,0.9221395238362678,1.0,0.0022317322457397074,0.9999999999994422,0.060520441883583895,0.7391022213725993,True
bayesian-phystwin-prob4d-controlled-decisive-trial,target-weak_identifiability-318720850,weak_identifiability,P4_explicit_gauge_persistent_metric_anchor,True,inference-admissible,0.6689773599953158,0.6665592651560721,False,True,0.005511947407721714,0.0003811694846126543,0.005511947407721714,False,False,0.9308466760624979,0.0,1.0,0.0023588446661448512,0.9999999999998899,0.06204744222916656,0.5110344000880301,True
bayesian-phystwin-prob4d-controlled-decisive-trial,target-weak_identifiability-318720851,weak_identifiability,P4_explicit_gauge_persistent_metric_anchor,True,inference-admissible,0.6068726393016919,0.6665592651560721,True,True,0.012111453522527465,0.0003261413336983588,0.0003261413336983588,False,False,0.973071660383972,0.973071660383972,1.0,0.002214857971558605,0.9999999999988347,0.06094937997169436,0.7111436974578533,True
bayesian-phystwin-prob4d-controlled-decisive-trial,target-weak_identifiability-318720852,weak_identifiability,P4_explicit_gauge_persistent_metric_anchor,True,inference-admissible,0.6355902113698736,0.6665592651560721,True,True,0.006740852314074749,0.001173161747140652,0.001173161747140652,False,False,0.8259624017142289,0.8259624017142289,1.0,0.0023362850323857738,0.9999999999997264,0.06291494600485367,0.6342140451258563,True
bayesian-phystwin-prob4d-controlled-decisive-trial,target-weak_identifiability-318720853,weak_identifiability,P4_explicit_gauge_persistent_metric_anchor,True,inference-admissible,0.6437564389674902,0.6665592651560721,True,True,0.004974569985450818,0.0008828736856080902,0.0008828736856080902,False,False,0.8225226123684578,0.8225226123684578,1.0,0.0020215610304165693,1.0,0.059784000567398396,0.5442960878404178,True
bayesian-phystwin-prob4d-controlled-decisive-trial,target-weak_identifiability-318720854,weak_identifiability,P4_explicit_gauge_persistent_metric_anchor,True,inference-admissible,0.6423741198059701,0.6665592651560721,True,True,0.005859704643116196,0.0008530193252500671,0.0008530193252500671,False,False,0.8544262250056974,0.8544262250056974,1.0,0.002211190917462111,0.999999999994241,0.06144903816796165,0.57525045164581,True
bayesian-phystwin-prob4d-controlled-decisive-trial,target-weak_identifiability-318720855,weak_identifiability,P4_explicit_gauge_persistent_metric_anchor,True,inference-admissible,0.6194147826294603,0.6665592651560721,True,True,0.012298024176974174,0.00048084152683938876,0.00048084152683938876,False,False,0.9609009122181043,0.9609009122181043,1.0,0.002279365430130901,0.9999999999999716,0.06139918136297718,0.6831464007195485,True
bayesian-phystwin-prob4d-controlled-decisive-trial,target-weak_identifiability-318720856,weak_identifiability,P4_explicit_gauge_persistent_metric_anchor,True,inference-admissible,0.6468193293801581,0.6665592651560721,True,True,0.013874483808568072,0.0009908725369730486,0.0009908725369730486,False,False,0.9285831061793345,0.9285831061793345,1.0,0.0023025760161764215,0.9999999999995381,0.05996646683811166,0.582679980507093,True
bayesian-phystwin-prob4d-controlled-decisive-trial,target-weak_identifiability-318720857,weak_identifiability,P4_explicit_gauge_persistent_metric_anchor,True,inference-admissible,0.6304680696235558,0.6665592651560721,True,True,0.007969132026844239,0.0013165825461551337,0.0013165825461551337,False,False,0.8347897184134747,0.8347897184134747,1.0,0.0023400803893394,0.9999999999967493,0.061394939519700445,0.6418650748567062,True
bayesian-phystwin-prob4d-controlled-decisive-trial,target-weak_identifiability-318720858,weak_identifiability,P4_explicit_gauge_persistent_metric_anchor,True,inference-admissible,0.6262528879878335,0.6665592651560721,True,True,0.004254641942214242,0.0013161635066515408,0.0013161635066515408,False,False,0.6906523452437527,0.6906523452437527,1.0,0.0023495436888962954,0.9999999999998863,0.061900443141817266,0.6467517889652108,True
bayesian-phystwin-prob4d-controlled-decisive-trial,target-weak_identifiability-318720859,weak_identifiability,P4_explicit_gauge_persistent_metric_anchor,True,inference-admissible,0.6544471613041727,0.6665592651560721,True,True,0.005314578892357473,0.0011184665378782222,0.0011184665378782222,False,False,0.7895474767555692,0.7895474767555692,1.0,0.002258717720289561,0.999999999999627,0.06120128082264169,0.5308784676391115,True
bayesian-phystwin-prob4d-controlled-decisive-trial,target-weak_identifiability-318720860,weak_identifiability,P4_explicit_gauge_persistent_metric_anchor,True,inference-admissible,0.629808734382878,0.6665592651560721,True,True,0.009798310728306609,0.00036445153503746633,0.00036445153503746633,False,False,0.9628046563185028,0.9628046563185028,1.0,0.002225226188656193,0.9999999999999787,0.06177420911461044,0.6530919311386075,True
bayesian-phystwin-prob4d-controlled-decisive-trial,target-weak_identifiability-318720861,weak_identifiability,P4_explicit_gauge_persistent_metric_anchor,True,inference-admissible,0.6226470562994365,0.6665592651560721,True,True,0.0045584441681390175,0.0013300878810713897,0.0013300878810713897,False,False,0.7082145065265991,0.7082145065265991,1.0,0.002419122251788974,0.9999999999965041,0.06092572415330515,0.7070304206951193,True
bayesian-phystwin-prob4d-controlled-decisive-trial,target-weak_identifiability-318720862,weak_identifiability,P4_explicit_gauge_persistent_metric_anchor,True,inference-admissible,0.618436012625686,0.6665592651560721,True,True,0.004356659778849663,0.0006455280020288972,0.0006455280020288972,False,False,0.8518296046060905,0.8518296046060905,1.0,0.0021703760295174322,0.9999999999999929,0.05907402423079959,0.6905247191599477,True
bayesian-phystwin-prob4d-controlled-decisive-trial,target-weak_identifiability-318720863,weak_identifiability,P4_explicit_gauge_persistent_metric_anchor,True,inference-admissible,0.6190464368906634,0.6665592651560721,True,True,0.004817799018330219,0.00046030682484888457,0.00046030682484888457,False,False,0.9044570304619265,0.9044570304619265,1.0,0.0022643208225526525,0.999999999987871,0.06321523279712134,0.6742140358852339,True
bayesian-phystwin-prob4d-controlled-decisive-trial,target-weak_identifiability-318720864,weak_identifiability,P4_explicit_gauge_persistent_metric_anchor,True,inference-admissible,0.60178308473339,0.6665592651560721,True,True,0.008061278610256703,0.0005137152300877793,0.0005137152300877793,False,False,0.9362737284090197,0.9362737284090197,1.0,0.002184462165322636,0.9999999999999929,0.060885073084366595,0.7373541997785926,True
bayesian-phystwin-prob4d-controlled-decisive-trial,target-weak_identifiability-318720865,weak_identifiability,P4_explicit_gauge_persistent_metric_anchor,True,inference-admissible,0.6654724640136218,0.6665592651560721,True,True,0.007366649051283098,0.0007047662471860989,0.0007047662471860989,False,False,0.9043301449166572,0.9043301449166572,1.0,0.0022735462670761767,0.9999999999989626,0.061254793395499295,0.4962340329818235,True
bayesian-phystwin-prob4d-controlled-decisive-trial,target-weak_identifiability-318720866,weak_identifiability,P4_explicit_gauge_persistent_metric_anchor,True,inference-admissible,0.6111423331015113,0.6665592651560721,True,True,0.009797830312356495,0.0008187150602735118,0.0008187150602735118,False,False,0.9164391468138622,0.9164391468138622,1.0,0.0022823374365193477,0.9999999999998508,0.06179905203500693,0.721285684884431,True
bayesian-phystwin-prob4d-controlled-decisive-trial,target-weak_identifiability-318720867,weak_identifiability,P4_explicit_gauge_persistent_metric_anchor,True,inference-admissible,0.6289692789481428,0.6665592651560721,True,True,0.009562833077892656,0.0009345523343278916,0.0009345523343278916,False,False,0.9022724409476112,0.9022724409476112,1.0,0.002391223356796605,0.9999999999976374,0.06112862331151163,0.6573225459083406,True
bayesian-phystwin-prob4d-controlled-decisive-trial,target-large_gauge_uncertainty-318820804,large_gauge_uncertainty,P4_explicit_gauge_persistent_metric_anchor,True,inference-admissible,0.10401875743497735,0.6665592651560721,True,True,0.003208544168013197,0.00017237562454468057,0.00017237562454468057,False,False,0.9462760630621396,0.9462760630621396,1.0,0.0005854763190612842,0.9999999999999609,0.9642233869975748,0.7276209697239691,True
bayesian-phystwin-prob4d-controlled-decisive-trial,target-large_gauge_uncertainty-318820805,large_gauge_uncertainty,P4_explicit_gauge_persistent_metric_anchor,True,inference-admissible,0.0725747083191934,0.6665592651560721,True,True,0.006916236402730918,0.00017246808650239317,0.00017246808650239317,False,False,0.975063303730582,0.975063303730582,1.0,0.0006008538591207021,0.9999999999999893,0.9535460246756271,0.8919542575170667,True
bayesian-phystwin-prob4d-controlled-decisive-trial,target-large_gauge_uncertainty-318820806,large_gauge_uncertainty,P4_explicit_gauge_persistent_metric_anchor,True,inference-admissible,0.11143135732096962,0.6665592651560721,True,True,0.008860807365412938,0.0005231900585902538,0.0005231900585902538,False,False,0.9409545838190252,0.9409545838190252,1.0,0.0006327706070072694,0.9999999999921911,0.982211852029147,0.6760561480733904,True
bayesian-phystwin-prob4d-controlled-decisive-trial,target-large_gauge_uncertainty-318820807,large_gauge_uncertainty,P4_explicit_gauge_persistent_metric_anchor,True,inference-admissible,0.04482550615291736,0.6665592651560721,True,True,0.008406226507531254,0.00026989037503858483,0.00026989037503858483,False,False,0.9678939920549623,0.9678939920549623,1.0,0.0006791448183411835,0.9999999999963798,0.9801154381356791,0.9337823729633999,True
bayesian-phystwin-prob4d-controlled-decisive-trial,target-large_gauge_uncertainty-318820808,large_gauge_uncertainty,P4_explicit_gauge_persistent_metric_anchor,True,inference-admissible,0.07847220193662031,0.6665592651560721,True,True,0.0039335216063859585,0.0002567036768780145,0.0002567036768780145,False,False,0.9347394770982664,0.9347394770982664,1.0,0.0006408766468857017,0.9999999999999218,0.9535955414079701,0.8665692155481884,True
bayesian-phystwin-prob4d-controlled-decisive-trial,target-large_gauge_uncertainty-318820809,large_gauge_uncertainty,P4_explicit_gauge_persistent_metric_anchor,True,inference-admissible,0.11602924643253631,0.6665592651560721,True,True,0.005187583162636318,0.00031031145337947396,0.00031031145337947396,False,False,0.9401818836149946,0.9401818836149946,1.0,0.0005923000941613045,0.9999999999997904,0.9585319835656343,0.6974034524116156,True
bayesian-phystwin-prob4d-controlled-decisive-trial,target-large_gauge_uncertainty-318820810,large_gauge_uncertainty,P4_explicit_gauge_persistent_metric_anchor,True,inference-admissible,0.07216105348450051,0.6665592651560721,True,True,0.007870355432871672,0.0003132508550850884,0.0003132508550850884,False,False,0.9601986393426717,0.9601986393426717,1.0,0.0006202812553349515,0.9999999999999787,0.9480499869172067,0.889263019188412,True
bayesian-phystwin-prob4d-controlled-decisive-trial,target-large_gauge_uncertainty-318820811,large_gauge_uncertainty,P4_explicit_gauge_persistent_metric_anchor,True,inference-admissible,0.04945837699814726,0.6665592651560721,True,True,0.006064391692487632,0.00037255058131964414,0.00037255058131964414,False,False,0.938567526602685,0.938567526602685,1.0,0.0006300245299124815,0.9999999999994351,0.9729101963390812,0.9261885257011637,True
bayesian-phystwin-prob4d-controlled-decisive-trial,target-large_gauge_uncertainty-318820812,large_gauge_uncertainty,P4_explicit_gauge_persistent_metric_anchor,True,inference-admissible,0.05605133418535482,0.6665592651560721,True,True,0.0022313200595366536,0.00025863407060707367,0.00025863407060707367,False,False,0.8840892101060659,0.8840892101060659,1.0,0.0006076719412880735,0.9999999999999893,0.9533872032991765,0.9496110425440746,True
bayesian-phystwin-prob4d-controlled-decisive-trial,target-large_gauge_uncertainty-318820813,large_gauge_uncertainty,P4_explicit_gauge_persistent_metric_anchor,True,inference-admissible,0.11733104916257023,0.6665592651560721,True,True,0.005579671363717622,0.00031778859470387404,0.00031778859470387404,False,False,0.9430452845717175,0.9430452845717175,1.0,0.0006294163919047029,0.9999999999999183,0.9461800131804753,0.7290673867229966,True
bayesian-phystwin-prob4d-controlled-decisive-trial,target-large_gauge_uncertainty-318820814,large_gauge_uncertainty,P4_explicit_gauge_persistent_metric_anchor,True,inference-admissible,0.05354693812612717,0.6665592651560721,True,True,0.008426253682023236,0.0001707499185602651,0.0001707499185602651,False,False,0.9797359627417168,0.9797359627417168,1.0,0.0006265786233981284,0.999999999999968,0.9576246040023125,0.9411738375587023,True
bayesian-phystwin-prob4d-controlled-decisive-trial,target-large_gauge_uncertainty-318820815,large_gauge_uncertainty,P4_explicit_gauge_persistent_metric_anchor,True,inference-admissible,0.09273821853098616,0.6665592651560721,True,True,0.00703920566495709,0.00010230400866634125,0.00010230400866634125,False,False,0.9854665407525119,0.9854665407525119,1.0,0.0006118305348767796,0.9999999999992966,0.9570203677932378,0.7996160342990292,True
bayesian-phystwin-prob4d-controlled-decisive-trial,target-large_gauge_uncertainty-318820816,large_gauge_uncertainty,P4_explicit_gauge_persistent_metric_anchor,True,inference-admissible,0.03847771880676925,0.6665592651560721,True,True,0.006032023134716629,0.00023809262476850388,0.00023809262476850388,False,False,0.9605285623992076,0.9605285623992076,1.0,0.0005400269373972972,0.9999999999999076,0.9752280281658791,0.9679552735155922,True
bayesian-phystwin-prob4d-controlled-decisive-trial,target-large_gauge_uncertainty-318820817,large_gauge_uncertainty,P4_explicit_gauge_persistent_metric_anchor,True,inference-admissible,0.065605022219418,0.6665592651560721,True,True,0.009518834591408046,0.00030722020369589986,0.00030722020369589986,False,False,0.9677250191979169,0.9677250191979169,1.0,0.0006306697771672143,0.9999999999977831,0.9499683541868458,0.9081869148457867,True
bayesian-phystwin-prob4d-controlled-decisive-trial,target-large_gauge_uncertainty-318820818,large_gauge_uncertainty,P4_explicit_gauge_persistent_metric_anchor,True,inference-admissible,0.055703124235244435,0.6665592651560721,True,True,0.007572083243515794,9.961565431243887e-05,9.961565431243887e-05,False,False,0.986844352985984,0.986844352985984,1.0,0.0006353813467816021,0.9999999999994245,0.9692721041391662,0.9151937305012974,True
bayesian-phystwin-prob4d-controlled-decisive-trial,target-large_gauge_uncertainty-318820819,large_gauge_uncertainty,P4_explicit_gauge_persistent_metric_anchor,True,inference-admissible,0.05074270432429129,0.6665592651560721,True,True,0.009971296972132579,0.00043480534891255653,0.00043480534891255653,False,False,0.9563943035567254,0.9563943035567254,1.0,0.0006023616845603092,0.9999999999999858,0.9673970225406189,0.9332895975463045,True
bayesian-phystwin-prob4d-controlled-decisive-trial,target-large_gauge_uncertainty-318820820,large_gauge_uncertainty,P4_explicit_gauge_persistent_metric_anchor,True,inference-admissible,0.07449801868704056,0.6665592651560721,True,True,0.004300627029193142,0.0002803314146809185,0.0002803314146809185,False,False,0.9348161529056118,0.9348161529056118,1.0,0.0005856023448730787,0.9999999999999503,0.9665428363944275,0.8373855110308774,True
bayesian-phystwin-prob4d-controlled-decisive-trial,target-large_gauge_uncertainty-318820821,large_gauge_uncertainty,P4_explicit_gauge_persistent_metric_anchor,True,inference-admissible,0.08974871771946438,0.6665592651560721,True,True,0.006233141565414859,0.00026274148625306145,0.00026274148625306145,False,False,0.9578476626119153,0.9578476626119153,1.0,0.0007047588394078103,0.9999999999785096,0.964317696913777,0.8018751299039302,True
bayesian-phystwin-prob4d-controlled-decisive-trial,target-large_gauge_uncertainty-318820822,large_gauge_uncertainty,P4_explicit_gauge_persistent_metric_anchor,True,inference-admissible,0.08928812027821498,0.6665592651560721,True,True,0.002110666113158798,0.00019801376183518766,0.00019801376183518766,False,False,0.9061842322664466,0.9061842322664466,1.0,0.0006642719659386625,0.9999999999994316,0.9575279375587843,0.8010427221030217,True
bayesian-phystwin-prob4d-controlled-decisive-trial,target-large_gauge_uncertainty-318820823,large_gauge_uncertainty,P4_explicit_gauge_persistent_metric_anchor,True,inference-admissible,0.07541437152275286,0.6665592651560721,True,True,0.005255020669681619,9.75465565571665e-05,9.75465565571665e-05,False,False,0.981437455209272,0.981437455209272,1.0,0.00064632423567108,0.9999999999999645,0.9475353532812749,0.892111654985461,True
bayesian-phystwin-prob4d-controlled-decisive-trial,target-large_gauge_uncertainty-318820824,large_gauge_uncertainty,P4_explicit_gauge_persistent_metric_anchor,True,inference-admissible,0.10236468771504738,0.6665592651560721,True,True,0.008645058496188364,0.00014359474654468358,0.00014359474654468358,False,False,0.9833899624151768,0.9833899624151768,1.0,0.0006620896461210987,0.9999999999992824,0.953142268920007,0.7773753993670133,True
bayesian-phystwin-prob4d-controlled-decisive-trial,target-large_gauge_uncertainty-318820825,large_gauge_uncertainty,P4_explicit_gauge_persistent_metric_anchor,True,inference-admissible,0.11692364711654055,0.6665592651560721,True,True,0.001581112223102546,8.981284488041739e-05,8.981284488041739e-05,False,False,0.9431964135321264,0.9431964135321264,1.0,0.000564438016038443,0.9999999999997193,0.9806387368204773,0.6515849182204972,True
bayesian-phystwin-prob4d-controlled-decisive-trial,target-large_gauge_uncertainty-318820826,large_gauge_uncertainty,P4_explicit_gauge_persistent_metric_anchor,True,inference-admissible,0.09672858211820426,0.6665592651560721,True,True,0.006236229621879177,0.00024255719900763813,0.00024255719900763813,False,False,0.9611051526780459,0.9611051526780459,1.0,0.0006431456875708444,0.9999999999991864,0.9425006595856508,0.8097007995438338,True
bayesian-phystwin-prob4d-controlled-decisive-trial,target-large_gauge_uncertainty-318820827,large_gauge_uncertainty,P4_explicit_gauge_persistent_metric_anchor,True,inference-admissible,0.0913135717628198,0.6665592651560721,True,True,0.003888762769784036,0.00021491823617947128,0.00021491823617947128,False,False,0.9447335183700581,0.9447335183700581,1.0,0.000629735605927171,0.9999999999998508,0.9454228614683118,0.821071700429525,True
bayesian-phystwin-prob4d-controlled-decisive-trial,target-large_gauge_uncertainty-318820828,large_gauge_uncertainty,P4_explicit_gauge_persistent_metric_anchor,True,inference-admissible,0.08288370769731533,0.6665592651560721,True,True,0.008685361805923742,0.0002354142260569671,0.0002354142260569671,False,False,0.9728952884960526,0.9728952884960526,1.0,0.000601284489546509,0.9999999999999964,0.966847251944431,0.8076396707279191,True
bayesian-phystwin-prob4d-controlled-decisive-trial,target-large_gauge_uncertainty-318820829,large_gauge_uncertainty,P4_explicit_gauge_persistent_metric_anchor,True,inference-admissible,0.0507291308267915,0.6665592651560721,True,True,0.006897989913279833,0.00030691638985720957,0.00030691638985720957,False,False,0.9555064020510755,0.9555064020510755,1.0,0.0005437977726951063,1.0,0.9607023686065471,0.93969485551366,True
bayesian-phystwin-prob4d-controlled-decisive-trial,target-large_gauge_uncertainty-318820830,large_gauge_uncertainty,P4_explicit_gauge_persistent_metric_anchor,True,inference-admissible,0.055264404360192615,0.6665592651560721,True,True,0.005022418521652246,0.000301263320734583,0.000301263320734583,False,False,0.9400162850953577,0.9400162850953577,1.0,0.0006795960672958213,0.9999999999994955,0.9618401896562462,0.9319901667760182,True
bayesian-phystwin-prob4d-controlled-decisive-trial,target-large_gauge_uncertainty-318820831,large_gauge_uncertainty,P4_explicit_gauge_persistent_metric_anchor,True,inference-admissible,0.09060943982612168,0.6665592651560721,True,True,0.006324305137501519,0.0005976481565170547,0.0005976481565170547,False,False,0.9054997911196356,0.9054997911196356,0.041666666666666664,0.0006433251170309779,0.9999999999999396,0.9615534487360514,0.7849925055449894,True
bayesian-phystwin-prob4d-controlled-decisive-trial,target-large_gauge_uncertainty-318820832,large_gauge_uncertainty,P4_explicit_gauge_persistent_metric_anchor,True,inference-admissible,0.05288703284081807,0.6665592651560721,True,True,0.005013513387207691,0.00026192960638893,0.00026192960638893,False,False,0.9477552793501538,0.9477552793501538,1.0,0.0006172839088413625,0.9999999999999822,0.9700390063547337,0.9178392618497424,True
bayesian-phystwin-prob4d-controlled-decisive-trial,target-large_gauge_uncertainty-318820833,large_gauge_uncertainty,P4_explicit_gauge_persistent_metric_anchor,True,inference-admissible,0.06544324201697625,0.6665592651560721,True,True,0.005652409049342764,0.00020861362480059195,0.00020861362480059195,False,False,0.9630929709829036,0.9630929709829036,1.0,0.0006378760303810046,0.9999999999994884,0.9408554801579706,0.9364222634992836,True
bayesian-phystwin-prob4d-controlled-decisive-trial,target-large_gauge_uncertainty-318820834,large_gauge_uncertainty,P4_explicit_gauge_persistent_metric_anchor,True,inference-admissible,0.05507461624089466,0.6665592651560721,True,True,0.00650226565184264,0.00019772594558887632,0.00019772594558887632,False,False,0.9695912230942388,0.9695912230942388,1.0,0.0006453574372173206,0.9999999999985434,0.9531093976440883,0.952409808564641,True
bayesian-phystwin-prob4d-controlled-decisive-trial,target-large_gauge_uncertainty-318820835,large_gauge_uncertainty,P4_explicit_gauge_persistent_metric_anchor,True,inference-admissible,0.09983349476234347,0.6665592651560721,True,True,0.006434855856801756,0.0002492728736201623,0.0002492728736201623,False,False,0.961262088978003,0.961262088978003,1.0,0.0006727684845969379,0.9999999999999396,0.8948587782844377,0.9003956782638945,True
bayesian-phystwin-prob4d-controlled-decisive-trial,target-large_gauge_uncertainty-318820836,large_gauge_uncertainty,P4_explicit_gauge_persistent_metric_anchor,True,inference-admissible,0.09580476966568185,0.6665592651560721,True,True,0.007610867052853091,0.000380012311274055,0.000380012311274055,False,False,0.9500697740960277,0.9500697740960277,1.0,0.0006057842462709797,0.9999999999998153,0.9509040497853839,0.7831553698705594,True
bayesian-phystwin-prob4d-controlled-decisive-trial,target-large_gauge_uncertainty-318820837,large_gauge_uncertainty,P4_explicit_gauge_persistent_metric_anchor,True,inference-admissible,0.0942070381983753,0.6665592651560721,True,True,0.006484737254868813,0.00014739176404615227,0.00014739176404615227,False,False,0.9772709736334362,0.9772709736334362,1.0,0.0006814492715162494,0.9999999999996589,0.943778084916376,0.8148701348064388,True
bayesian-phystwin-prob4d-controlled-decisive-trial,target-large_gauge_uncertainty-318820838,large_gauge_uncertainty,P4_explicit_gauge_persistent_metric_anchor,True,inference-admissible,0.10577440311882014,0.6665592651560721,True,True,0.004805794897438854,0.00012297953640046737,0.00012297953640046737,False,False,0.9744101571072027,0.9744101571072027,1.0,0.0005763208431917248,0.9999999999999112,0.9527052615734107,0.7397214281993801,True
bayesian-phystwin-prob4d-controlled-decisive-trial,target-large_gauge_uncertainty-318820839,large_gauge_uncertainty,P4_explicit_gauge_persistent_metric_anchor,True,inference-admissible,0.07250236090785556,0.6665592651560721,True,True,0.0023631404348923987,0.00018392247614108402,0.00018392247614108402,False,False,0.922170314795761,0.922170314795761,1.0,0.0006071663981522278,1.0,0.9582466622735011,0.8722425841564327,True
bayesian-phystwin-prob4d-controlled-decisive-trial,target-large_gauge_uncertainty-318820840,large_gauge_uncertainty,P4_explicit_gauge_persistent_metric_anchor,True,inference-admissible,0.0981034265708653,0.6665592651560721,True,True,0.003289812336650303,0.00022032105189842037,0.00022032105189842037,False,False,0.9330292948798558,0.9330292948798558,1.0,0.0006865103578107022,0.9999999999857287,0.9608948260799847,0.7772933692646129,True
bayesian-phystwin-prob4d-controlled-decisive-trial,target-large_gauge_uncertainty-318820841,large_gauge_uncertainty,P4_explicit_gauge_persistent_metric_anchor,True,inference-admissible,0.09316557665119415,0.6665592651560721,True,True,0.007063471508786917,0.0003034664569284046,0.0003034664569284046,False,False,0.9570372080426892,0.9570372080426892,1.0,0.0005789504433537164,0.9999999999997691,0.9710620459983419,0.7694727908343748,True
bayesian-phystwin-prob4d-controlled-decisive-trial,target-large_gauge_uncertainty-318820842,large_gauge_uncertainty,P4_explicit_gauge_persistent_metric_anchor,True,inference-admissible,0.051391192361208884,0.6665592651560721,True,True,0.005211124837933684,0.00026384255137331454,0.00026384255137331454,False,False,0.9493693665803766,0.9493693665803766,1.0,0.000639137017296511,0.9999999999992362,0.9694721807936645,0.9288920939817874,True
bayesian-phystwin-prob4d-controlled-decisive-trial,target-large_gauge_uncertainty-318820843,large_gauge_uncertainty,P4_explicit_gauge_persistent_metric_anchor,True,inference-admissible,0.12259046429894009,0.6665592651560721,True,True,0.007316871318338119,0.0001659146856037558,0.0001659146856037558,False,False,0.9773243674262895,0.9773243674262895,1.0,0.0006003183633113656,0.9999999999999183,0.9884161587341174,0.6178329189955436,True
bayesian-phystwin-prob4d-controlled-decisive-trial,target-large_gauge_uncertainty-318820844,large_gauge_uncertainty,P4_explicit_gauge_persistent_metric_anchor,True,inference-admissible,0.06984519928692366,0.6665592651560721,True,True,0.010486765824421004,0.0002621943164174705,0.0002621943164174705,False,False,0.9749975997550278,0.9749975997550278,1.0,0.0006477191911515856,0.9999999999978222,0.9714768097310978,0.8637981731375423,True
bayesian-phystwin-prob4d-controlled-decisive-trial,target-large_gauge_uncertainty-318820845,large_gauge_uncertainty,P4_explicit_gauge_persistent_metric_anchor,True,inference-admissible,0.1043613301834354,0.6665592651560721,True,True,0.0029775568493492516,0.0001381161382485034,0.0001381161382485034,False,False,0.9536142732997058,0.9536142732997058,1.0,0.000695078251337238,0.9999999999994351,0.8850033198987802,0.9025849762958859,True
bayesian-phystwin-prob4d-controlled-decisive-trial,target-large_gauge_uncertainty-318820846,large_gauge_uncertainty,P4_explicit_gauge_persistent_metric_anchor,True,inference-admissible,0.10587366025906923,0.6665592651560721,True,True,0.0025425345516235306,0.00029740227617816063,0.00029740227617816063,False,False,0.8830292095781924,0.8830292095781924,1.0,0.000627671197417935,0.9999999999999929,0.9450849785905981,0.7721303585989038,True
bayesian-phystwin-prob4d-controlled-decisive-trial,target-large_gauge_uncertainty-318820847,large_gauge_uncertainty,P4_explicit_gauge_persistent_metric_anchor,True,inference-admissible,0.0963944948253335,0.6665592651560721,True,True,0.005437260320502768,0.0003321065936599053,0.0003321065936599053,False,False,0.9389202329696077,0.9389202329696077,1.0,0.0006310854431587531,0.999999999999428,0.9747026270591382,0.7450360319027167,True
bayesian-phystwin-prob4d-controlled-decisive-trial,target-large_gauge_uncertainty-318820848,large_gauge_uncertainty,P4_explicit_gauge_persistent_metric_anchor,True,inference-admissible,0.0749953924660838,0.6665592651560721,True,True,0.010211946488097081,0.0003368372307576841,0.0003368372307576841,False,False,0.9670153744782841,0.9670153744782841,1.0,0.0006034241169312121,0.999999999999666,0.940801281945265,0.8884198488169008,True
bayesian-phystwin-prob4d-controlled-decisive-trial,target-large_gauge_uncertainty-318820849,large_gauge_uncertainty,P4_explicit_gauge_persistent_metric_anchor,True,inference-admissible,0.07709599057778034,0.6665592651560721,True,True,0.0024715237386950923,0.00012982181116904853,0.00012982181116904853,False,False,0.9474729661153927,0.9474729661153927,1.0,0.0006752865040640608,0.9999999999911715,0.9515067375536163,0.865963004146616,True
bayesian-phystwin-prob4d-controlled-decisive-trial,target-large_gauge_uncertainty-318820850,large_gauge_uncertainty,P4_explicit_gauge_persistent_metric_anchor,True,inference-admissible,0.12194101089938182,0.6665592651560721,True,True,0.006717968335600244,0.0005319102765603136,0.0005319102765603136,False,False,0.9208227472967409,0.9208227472967409,1.0,0.0006676961062152014,0.9999999999158788,0.9717361716380685,0.6546946634094049,True
bayesian-phystwin-prob4d-controlled-decisive-trial,target-large_gauge_uncertainty-318820851,large_gauge_uncertainty,P4_explicit_gauge_persistent_metric_anchor,True,inference-admissible,0.10517556517751052,0.6665592651560721,True,True,0.0009552741580587617,0.00034588224278300555,0.00034588224278300555,False,False,0.6379235846954322,0.6379235846954322,1.0,0.0006137517953063444,0.9999999999934097,0.9197266642391901,0.826065904746078,True
bayesian-phystwin-prob4d-controlled-decisive-trial,target-large_gauge_uncertainty-318820852,large_gauge_uncertainty,P4_explicit_gauge_persistent_metric_anchor,True,inference-admissible,0.0903886765322287,0.6665592651560721,True,True,0.00709944720288371,8.021318940537639e-05,8.021318940537639e-05,False,False,0.9887014880013764,0.9887014880013764,1.0,0.0006474642958187168,0.9999999999998188,0.9672541653157748,0.7801087250394949,True
bayesian-phystwin-prob4d-controlled-decisive-trial,target-large_gauge_uncertainty-318820853,large_gauge_uncertainty,P4_explicit_gauge_persistent_metric_anchor,True,inference-admissible,0.09208001469363666,0.6665592651560721,True,True,0.008458536144158972,0.00016749321385261097,0.00016749321385261097,False,False,0.9801983214355272,0.9801983214355272,1.0,0.0005887763778763919,0.9999999999993001,0.963061983312497,0.781351416350458,True
bayesian-phystwin-prob4d-controlled-decisive-trial,target-large_gauge_uncertainty-318820854,large_gauge_uncertainty,P4_explicit_gauge_persistent_metric_anchor,True,inference-admissible,0.08605558020347479,0.6665592651560721,True,True,0.00821438844713705,0.0002388130294548828,0.0002388130294548828,False,False,0.9709274730563642,0.9709274730563642,1.0,0.0005606901588343444,0.9999999999999893,0.9362166809132613,0.85369607317353,True
bayesian-phystwin-prob4d-controlled-decisive-trial,target-large_gauge_uncertainty-318820855,large_gauge_uncertainty,P4_explicit_gauge_persistent_metric_anchor,True,inference-admissible,0.10420352058618237,0.6665592651560721,True,True,0.00952465845083217,0.00015771838876218105,0.00015771838876218105,False,False,0.9834410452011115,0.9834410452011115,1.0,0.0006732520251352958,0.9999999999995985,0.9392433342058912,0.7938787907349594,True
bayesian-phystwin-prob4d-controlled-decisive-trial,target-large_gauge_uncertainty-318820856,large_gauge_uncertainty,P4_explicit_gauge_persistent_metric_anchor,True,inference-admissible,0.09056127438388434,0.6665592651560721,True,True,0.0075035069910854135,7.817761131682604e-05,7.817761131682604e-05,False,False,0.9895811903141151,0.9895811903141151,1.0,0.0006266786698670954,0.9999999999999538,0.9376895731404287,0.8344643048102015,True
bayesian-phystwin-prob4d-controlled-decisive-trial,target-large_gauge_uncertainty-318820857,large_gauge_uncertainty,P4_explicit_gauge_persistent_metric_anchor,True,inference-admissible,0.06550203309666552,0.6665592651560721,True,True,0.009330560717990356,0.00032913898627018985,0.00032913898627018985,False,False,0.9647246295031795,0.9647246295031795,1.0,0.0006246130407415807,0.9999999999997691,0.9796962472240688,0.8607288037648696,True
bayesian-phystwin-prob4d-controlled-decisive-trial,target-large_gauge_uncertainty-318820858,large_gauge_uncertainty,P4_explicit_gauge_persistent_metric_anchor,True,inference-admissible,0.08618014931999812,0.6665592651560721,True,True,0.009117919351208736,0.00029458710536591474,0.00029458710536591474,False,False,0.9676914113824815,0.9676914113824815,1.0,0.0006349145336547619,0.9999999999998046,0.9760356507311588,0.7981423268395315,True
bayesian-phystwin-prob4d-controlled-decisive-trial,target-large_gauge_uncertainty-318820859,large_gauge_uncertainty,P4_explicit_gauge_persistent_metric_anchor,True,inference-admissible,0.09664501510031906,0.6665592651560721,True,True,0.008360857045296724,0.00024142625146677822,0.00024142625146677822,False,False,0.9711242220553706,0.9711242220553706,1.0,0.0006080852003291306,0.9999999999997051,0.9021498663030919,0.8978269944154352,True
bayesian-phystwin-prob4d-controlled-decisive-trial,target-large_gauge_uncertainty-318820860,large_gauge_uncertainty,P4_explicit_gauge_persistent_metric_anchor,True,inference-admissible,0.12625275766620447,0.6665592651560721,True,True,0.005971258625941111,0.0002828576037225941,0.0002828576037225941,False,False,0.9526301536339813,0.9526301536339813,1.0,0.0006103677045799304,0.9999999999992717,0.8992186950225646,0.7747934770278349,True
bayesian-phystwin-prob4d-controlled-decisive-trial,target-large_gauge_uncertainty-318820861,large_gauge_uncertainty,P4_explicit_gauge_persistent_metric_anchor,True,inference-admissible,0.059386472278762266,0.6665592651560721,True,True,0.003522802795236866,0.00038374594172952385,0.00038374594172952385,False,False,0.8910680035089158,0.8910680035089158,1.0,0.0005953986638691101,0.9999999999999858,0.9472256627859116,0.9392430486606357,True
bayesian-phystwin-prob4d-controlled-decisive-trial,target-large_gauge_uncertainty-318820862,large_gauge_uncertainty,P4_explicit_gauge_persistent_metric_anchor,True,inference-admissible,0.07440051632082526,0.6665592651560721,True,True,0.005195257763743167,0.00043232000362736364,0.00043232000362736364,False,False,0.9167856488961044,0.9167856488961044,1.0,0.0005998603103571673,0.999999999999897,0.9276442640684852,0.9189521462508484,True
bayesian-phystwin-prob4d-controlled-decisive-trial,target-large_gauge_uncertainty-318820863,large_gauge_uncertainty,P4_explicit_gauge_persistent_metric_anchor,True,inference-admissible,0.08780474689136909,0.6665592651560721,True,True,0.00621319358371174,0.00021308719321185435,0.00021308719321185435,False,False,0.9657040794977844,0.9657040794977844,1.0,0.0006298376554221774,0.9999999999998934,0.937557112656043,0.8475681940877374,True
bayesian-phystwin-prob4d-controlled-decisive-trial,target-large_gauge_uncertainty-318820864,large_gauge_uncertainty,P4_explicit_gauge_persistent_metric_anchor,True,inference-admissible,0.08960832782413122,0.6665592651560721,True,True,0.006772358656203738,0.00021138827825372265,0.00021138827825372265,False,False,0.9687866090700789,0.9687866090700789,1.0,0.0006458899979207011,0.9999999999997122,0.9646911810922667,0.7975162141278135,True
bayesian-phystwin-prob4d-controlled-decisive-trial,target-large_gauge_uncertainty-318820865,large_gauge_uncertainty,P4_explicit_gauge_persistent_metric_anchor,True,inference-admissible,0.10131926869102444,0.6665592651560721,True,True,0.0038006367014175053,0.00019451174063535778,0.00019451174063535778,False,False,0.9488212749819493,0.9488212749819493,1.0,0.0006107980374986597,0.9999999999999893,0.950431061974545,0.7746463737170605,True
bayesian-phystwin-prob4d-controlled-decisive-trial,target-large_gauge_uncertainty-318820866,large_gauge_uncertainty,P4_explicit_gauge_persistent_metric_anchor,True,inference-admissible,0.06219997772664623,0.6665592651560721,True,True,0.008980113215636038,0.00021349155213100962,0.00021349155213100962,False,False,0.9762261847924945,0.9762261847924945,1.0,0.0005984937099695048,0.9999999999999787,0.956019670779141,0.9118191213097281,True
bayesian-phystwin-prob4d-controlled-decisive-trial,target-large_gauge_uncertainty-318820867,large_gauge_uncertainty,P4_explicit_gauge_persistent_metric_anchor,True,inference-admissible,0.10487061584470223,0.6665592651560721,True,True,0.002621174491785892,0.0004075328820730339,0.0004075328820730339,False,False,0.8445227956589153,0.8445227956589153,1.0,0.0006821198878955039,0.9999999999980567,0.9552269429925336,0.7485457547900614,True
bayesian-phystwin-prob4d-controlled-decisive-trial,target-mixed_stress-318920804,mixed_stress,P4_explicit_gauge_persistent_metric_anchor,True,inference-admissible,0.3317353294239168,0.6665592651560721,True,True,0.004257484019844301,0.00012133422942768115,0.00012133422942768115,False,False,0.9715009548216417,0.9715009548216417,1.0,0.0006922719288157717,0.7508699744064766,0.932681591774848,0.8956401584602406,True
bayesian-phystwin-prob4d-controlled-decisive-trial,target-mixed_stress-318920805,mixed_stress,P4_explicit_gauge_persistent_metric_anchor,True,inference-admissible,0.5726277869166245,0.6665592651560721,True,True,0.008249428258314363,0.0004795665034614618,0.0004795665034614618,False,False,0.9418666980977596,0.9418666980977596,1.0,0.0009976524630559808,0.502005588120839,0.9745737289624031,0.8786135675840514,True
bayesian-phystwin-prob4d-controlled-decisive-trial,target-mixed_stress-318920806,mixed_stress,P4_explicit_gauge_persistent_metric_anchor,True,inference-admissible,0.5528299741524232,0.6665592651560721,True,True,0.009047445800643058,0.00023322287423981772,0.00023322287423981772,False,False,0.974222241350897,0.974222241350897,1.0,0.0009079479265504572,0.5019022640608646,0.9847318062501123,0.9306170843893258,True
bayesian-phystwin-prob4d-controlled-decisive-trial,target-mixed_stress-318920807,mixed_stress,P4_explicit_gauge_persistent_metric_anchor,True,inference-admissible,0.5978185207720854,0.6665592651560721,True,True,0.0068395487857424485,0.00014605127270433962,0.00014605127270433962,False,False,0.9786460660959397,0.9786460660959397,1.0,0.0010829101296263152,0.5018165546504536,0.9796905739017016,0.770926500554575,True
bayesian-phystwin-prob4d-controlled-decisive-trial,target-mixed_stress-318920808,mixed_stress,P4_explicit_gauge_persistent_metric_anchor,True,inference-admissible,0.07191247710412944,0.6665592651560721,True,True,0.007504565343587711,0.00026416959456516503,0.00026416959456516503,False,False,0.9647988147920006,0.9647988147920006,1.0,0.0005983388272013837,0.9999999999784315,0.969471825432332,0.8536906719879674,True
bayesian-phystwin-prob4d-controlled-decisive-trial,target-mixed_stress-318920809,mixed_stress,P4_explicit_gauge_persistent_metric_anchor,True,inference-admissible,0.06352373940624417,0.6665592651560721,True,True,0.007853150002300262,0.00013656333112236342,0.00013656333112236342,False,False,0.9826103753166102,0.9826103753166102,1.0,0.0006377895739163586,0.9999999999971507,0.9686434887274133,0.8905832969169118,True
bayesian-phystwin-prob4d-controlled-decisive-trial,target-mixed_stress-318920810,mixed_stress,P4_explicit_gauge_persistent_metric_anchor,True,inference-admissible,0.07426296598507903,0.6665592651560721,True,True,0.0022596819915972756,9.859933026430219e-05,9.859933026430219e-05,False,False,0.9563658379227926,0.9563658379227926,1.0,0.0005753653234676469,0.9999999999998757,0.972671864162938,0.8335577389930472,True
bayesian-phystwin-prob4d-controlled-decisive-trial,target-mixed_stress-318920811,mixed_stress,P4_explicit_gauge_persistent_metric_anchor,True,inference-admissible,0.3184230965103676,0.6665592651560721,True,True,0.0022713007412238093,0.0003706528409015929,0.0003706528409015929,False,False,0.8368103201067597,0.8368103201067597,1.0,0.0008611710155924458,0.750803970018368,0.9672652609160678,0.9027625782090555,True
bayesian-phystwin-prob4d-controlled-decisive-trial,target-mixed_stress-318920812,mixed_stress,P4_explicit_gauge_persistent_metric_anchor,True,inference-admissible,0.7015385803265767,0.6665592651560721,False,True,0.006065894510441812,0.00038760059477815884,0.006065894510441812,False,False,0.936101659184652,0.0,1.0,0.0010026585371167166,0.7511586868200901,0.9475182935118072,0.8182363535689284,False
bayesian-phystwin-prob4d-controlled-decisive-trial,target-mixed_stress-318920813,mixed_stress,P4_explicit_gauge_persistent_metric_anchor,True,inference-admissible,0.08027285507854134,0.6665592651560721,True,True,0.005196554670634641,0.00013557161185589114,0.00013557161185589114,False,False,0.9739112507327217,0.9739112507327217,1.0,0.0006342276580781407,0.9999999999998153,0.9787242874376567,0.8042249278768769,True
bayesian-phystwin-prob4d-controlled-decisive-trial,target-mixed_stress-318920814,mixed_stress,P4_explicit_gauge_persistent_metric_anchor,True,inference-admissible,0.3187814068134526,0.6665592651560721,True,True,0.004000548116104895,0.0003580424749874729,0.0003580424749874729,False,False,0.9105016451255489,0.9105016451255489,1.0,0.000714661018575411,0.7510447699153479,0.9729933650328835,0.8765703335168252,True
bayesian-phystwin-prob4d-controlled-decisive-trial,target-mixed_stress-318920815,mixed_stress,P4_explicit_gauge_persistent_metric_anchor,True,inference-admissible,0.927086040352024,0.6665592651560721,False,True,0.0036569750609246323,0.00017999253301670642,0.0036569750609246323,False,False,0.9507810334995292,0.0,1.0,0.0008118452382413093,0.5019828677794396,0.9764324256813076,0.8344028049896761,False
bayesian-phystwin-prob4d-controlled-decisive-trial,target-mixed_stress-318920816,mixed_stress,P4_explicit_gauge_persistent_metric_anchor,True,inference-admissible,0.06667669414183847,0.6665592651560721,True,True,0.0031286479700473506,0.00034001989100351554,0.00034001989100351554,False,False,0.8913205019360585,0.8913205019360585,1.0,0.0006533994748571986,0.9999999999996518,0.96944956316066,0.8745017492657317,True
bayesian-phystwin-prob4d-controlled-decisive-trial,target-mixed_stress-318920817,mixed_stress,P4_explicit_gauge_persistent_metric_anchor,True,inference-admissible,0.5890975945493988,0.6665592651560721,True,True,0.009844958256679992,0.00016704601447307949,0.00016704601447307949,False,False,0.9830323288207204,0.9830323288207204,1.0,0.001043653997072949,0.5013805379642409,0.9878060856037534,0.8180774099350369,True
bayesian-phystwin-prob4d-controlled-decisive-trial,target-mixed_stress-318920818,mixed_stress,P4_explicit_gauge_persistent_metric_anchor,True,inference-admissible,0.37856967320547086,0.6665592651560721,True,True,0.004738162015447977,0.00023742228405997158,0.00023742228405997158,False,False,0.949891480433574,0.949891480433574,1.0,0.0006607168604640846,0.7509354963239443,0.9162840095099268,0.7329228274024806,True
bayesian-phystwin-prob4d-controlled-decisive-trial,target-mixed_stress-318920819,mixed_stress,P4_explicit_gauge_persistent_metric_anchor,True,inference-admissible,0.33996143543577734,0.6665592651560721,True,True,0.004361678906036321,7.432303969682607e-05,7.432303969682607e-05,False,False,0.9829599928610134,0.9829599928610134,1.0,0.0006431536317557851,0.7502869683416509,0.9690377782843071,0.7759917560430918,True
bayesian-phystwin-prob4d-controlled-decisive-trial,target-mixed_stress-318920820,mixed_stress,P4_explicit_gauge_persistent_metric_anchor,True,inference-admissible,0.30869498953114827,0.6665592651560721,True,True,0.006556581742314347,0.00032371646280771055,0.00032371646280771055,False,False,0.950627251282702,0.950627251282702,1.0,0.0007112801054915107,0.7511382830004706,0.9272818860900749,0.9915473044902444,True
bayesian-phystwin-prob4d-controlled-decisive-trial,target-mixed_stress-318920821,mixed_stress,P4_explicit_gauge_persistent_metric_anchor,True,inference-admissible,0.052170407589063106,0.6665592651560721,True,True,0.0016691815698563152,0.00028962787286335276,0.00028962787286335276,False,False,0.8264851001869831,0.8264851001869831,1.0,0.000579618051156566,0.9999999999962164,0.942728843624157,0.9693409956196185,True
bayesian-phystwin-prob4d-controlled-decisive-trial,target-mixed_stress-318920822,mixed_stress,P4_explicit_gauge_persistent_metric_anchor,True,inference-admissible,0.07278843108901512,0.6665592651560721,True,True,0.003042062866155528,0.00029845705876593647,0.00029845705876593647,False,False,0.9018899109264241,0.9018899109264241,1.0,0.0006637274095546942,0.9999999999988596,0.9425505017189949,0.902563151733951,True
bayesian-phystwin-prob4d-controlled-decisive-trial,target-mixed_stress-318920823,mixed_stress,P4_explicit_gauge_persistent_metric_anchor,True,inference-admissible,0.5538298393237328,0.6665592651560721,True,True,0.006831596039747789,0.00047058449927870407,0.00047058449927870407,False,False,0.9311164628967029,0.9311164628967029,1.0,0.0008158215923625084,0.5019409169655498,0.9597394682195384,0.9595552235131994,True
bayesian-phystwin-prob4d-controlled-decisive-trial,target-mixed_stress-318920824,mixed_stress,P4_explicit_gauge_persistent_metric_anchor,True,inference-admissible,0.3288979165306424,0.6665592651560721,True,True,0.008372421099677377,0.0001804843010657644,0.0001804843010657644,False,False,0.9784429976804775,0.9784429976804775,1.0,0.0006380714637445899,0.7512545981081848,0.9564522255282378,0.853664207806607,True
bayesian-phystwin-prob4d-controlled-decisive-trial,target-mixed_stress-318920825,mixed_stress,P4_explicit_gauge_persistent_metric_anchor,True,inference-admissible,0.06469279575631051,0.6665592651560721,True,True,0.008011887347319231,0.00018562775467553734,0.00018562775467553734,False,False,0.9768309579717632,0.9768309579717632,1.0,0.0006277628714390858,0.9999999998040714,0.9591643864922067,0.903610091578353,True
bayesian-phystwin-prob4d-controlled-decisive-trial,target-mixed_stress-318920826,mixed_stress,P4_explicit_gauge_persistent_metric_anchor,True,inference-admissible,0.06259770740724556,0.6665592651560721,True,True,0.007749819701490868,0.00032810405298524137,0.00032810405298524137,False,False,0.9576630082217109,0.9576630082217109,1.0,0.0005734348237051664,0.9999999999999325,0.9859380050011372,0.8570896481009916,True
bayesian-phystwin-prob4d-controlled-decisive-trial,target-mixed_stress-318920827,mixed_stress,P4_explicit_gauge_persistent_metric_anchor,True,inference-admissible,0.10294018873457086,0.6665592651560721,True,True,0.002346844974378024,0.000286387948171237,0.000286387948171237,False,False,0.877968953510814,0.877968953510814,1.0,0.0006209502542298243,0.9999999999817994,0.9662331067068832,0.7242491432305598,True
bayesian-phystwin-prob4d-controlled-decisive-trial,target-mixed_stress-318920828,mixed_stress,P4_explicit_gauge_persistent_metric_anchor,True,inference-admissible,0.32967895309753836,0.6665592651560721,True,True,0.0020669497441323137,0.0002455867797348958,0.0002455867797348958,False,False,0.881183961810358,0.881183961810358,1.0,0.0006650858771079317,0.7510555342908687,0.9574151820282985,0.8391260766658856,True
bayesian-phystwin-prob4d-controlled-decisive-trial,target-mixed_stress-318920829,mixed_stress,P4_explicit_gauge_persistent_metric_anchor,True,inference-admissible,0.3508110568868399,0.6665592651560721,True,True,0.0060399368315731455,0.0002929153333054016,0.0002929153333054016,False,False,0.9515035766973229,0.9515035766973229,1.0,0.0005904488348143464,0.7508941091790149,0.974560691756754,0.7092695908426355,True
bayesian-phystwin-prob4d-controlled-decisive-trial,target-mixed_stress-318920830,mixed_stress,P4_explicit_gauge_persistent_metric_anchor,True,inference-admissible,0.5940444955873367,0.6665592651560721,True,True,0.00223087529381282,0.0004139696272812788,0.0004139696272812788,False,False,0.8144362311827132,0.8144362311827132,1.0,0.0008793811790202176,0.5019766519827985,0.9775719139206617,0.7975111522405707,True
bayesian-phystwin-prob4d-controlled-decisive-trial,target-mixed_stress-318920831,mixed_stress,P4_explicit_gauge_persistent_metric_anchor,True,inference-admissible,0.36083507531001996,0.6665592651560721,True,True,0.0027991236151480494,0.00032444062782500336,0.00032444062782500336,False,False,0.8840920686499073,0.8840920686499073,1.0,0.0006897334730887541,0.7508213034062989,0.9586120502532358,0.7196138131103782,True
bayesian-phystwin-prob4d-controlled-decisive-trial,target-mixed_stress-318920832,mixed_stress,P4_explicit_gauge_persistent_metric_anchor,True,inference-admissible,0.3684151220346077,0.6665592651560721,True,True,0.0034366604146397507,0.0003596535841301447,0.0003596535841301447,False,False,0.8953479422645122,0.8953479422645122,1.0,0.0006395059227841842,0.7510987240477296,0.9516337667700889,0.7055809107874631,True
bayesian-phystwin-prob4d-controlled-decisive-trial,target-mixed_stress-318920833,mixed_stress,P4_explicit_gauge_persistent_metric_anchor,True,inference-admissible,0.05354164925458224,0.6665592651560721,True,True,0.006649591135228967,0.00028386699418305107,0.00028386699418305107,False,False,0.957310609267516,0.957310609267516,1.0,0.0006065461704279298,0.9999999999999716,0.9411411980149753,0.9793457210219181,True
bayesian-phystwin-prob4d-controlled-decisive-trial,target-mixed_stress-318920834,mixed_stress,P4_explicit_gauge_persistent_metric_anchor,True,inference-admissible,0.08909484423508943,0.6665592651560721,True,True,0.003934798931674845,0.0002638489698944519,0.0002638489698944519,False,False,0.9329447388606094,0.9329447388606094,1.0,0.0006259549702340822,0.9999999999997264,0.9259530025229122,0.8672613087016574,True
bayesian-phystwin-prob4d-controlled-decisive-trial,target-mixed_stress-318920835,mixed_stress,P4_explicit_gauge_persistent_metric_anchor,True,inference-admissible,0.07696698566939283,0.6665592651560721,True,True,0.005526274303523965,0.0002676117888905926,0.0002676117888905926,False,False,0.9515746461010914,0.9515746461010914,1.0,0.0006644251389757721,0.9999999999905107,0.972555309834093,0.8243707382241308,True
bayesian-phystwin-prob4d-controlled-decisive-trial,target-mixed_stress-318920836,mixed_stress,P4_explicit_gauge_persistent_metric_anchor,True,inference-admissible,0.09364056502871813,0.6665592651560721,True,True,0.006196451883297416,8.184390871209667e-05,8.184390871209667e-05,False,False,0.9867918108211721,0.9867918108211721,1.0,0.0006782261493197714,0.9999999999952607,0.9212422622429891,0.879443215254324,True
bayesian-phystwin-prob4d-controlled-decisive-trial,target-mixed_stress-318920837,mixed_stress,P4_explicit_gauge_persistent_metric_anchor,True,inference-admissible,0.32539134021498173,0.6665592651560721,True,True,0.00352754526515169,0.00047133472563065995,0.00047133472563065995,False,False,0.8663844996442897,0.8663844996442897,1.0,0.0006675277994607824,0.75087561471473,0.9731875544531104,0.8299316255337855,True
bayesian-phystwin-prob4d-controlled-decisive-trial,target-mixed_stress-318920838,mixed_stress,P4_explicit_gauge_persistent_metric_anchor,True,inference-admissible,0.11681049879524824,0.6665592651560721,True,True,0.007015176076499218,0.00017804632623203272,0.00017804632623203272,False,False,0.9746198350133383,0.9746198350133383,1.0,0.0007039192684696972,0.9999999998699707,0.9625354873541766,0.6978185547645215,True
bayesian-phystwin-prob4d-controlled-decisive-trial,target-mixed_stress-318920839,mixed_stress,P4_explicit_gauge_persistent_metric_anchor,True,inference-admissible,0.31692333439004094,0.6665592651560721,True,True,0.004379132243090214,0.00028400938909861156,0.00028400938909861156,False,False,0.9351448247431333,0.9351448247431333,1.0,0.000657082812337677,0.7509016800472896,0.9599287202147925,0.8945878753587365,True
bayesian-phystwin-prob4d-controlled-decisive-trial,target-mixed_stress-318920840,mixed_stress,P4_explicit_gauge_persistent_metric_anchor,True,inference-admissible,0.34195209438694596,0.6665592651560721,True,True,0.0026645807706204487,0.00021464839311093525,0.00021464839311093525,False,False,0.9194438406680558,0.9194438406680558,1.0,0.0006560811836355212,0.7510793481864337,0.9529087817729311,0.8150787589648094,True
bayesian-phystwin-prob4d-controlled-decisive-trial,target-mixed_stress-318920841,mixed_stress,P4_explicit_gauge_persistent_metric_anchor,True,inference-admissible,0.1094568237886677,0.6665592651560721,True,True,0.004093070025326843,0.0003363454020578395,0.0003363454020578395,False,False,0.9178256418833242,0.9178256418833242,1.0,0.0006520654556322001,0.9999999999982698,0.8823167176893988,0.8735267471663337,True
bayesian-phystwin-prob4d-controlled-decisive-trial,target-mixed_stress-318920842,mixed_stress,P4_explicit_gauge_persistent_metric_anchor,True,inference-admissible,0.3268722070218495,0.6665592651560721,True,True,0.00634360703649337,7.21103002251732e-05,7.21103002251732e-05,False,False,0.9886326029007884,0.9886326029007884,1.0,0.0009032625970925332,0.7508786239878038,0.9741845873049598,0.8620809708818636,True
bayesian-phystwin-prob4d-controlled-decisive-trial,target-mixed_stress-318920843,mixed_stress,P4_explicit_gauge_persistent_metric_anchor,True,inference-admissible,0.31194804725460246,0.6665592651560721,True,True,0.005201324542105712,0.0006066491556322579,0.0006066491556322579,False,False,0.8833664097055822,0.8833664097055822,1.0,0.0009168060445946514,0.7509126461622493,0.9685755726873302,0.9271764330215775,True
bayesian-phystwin-prob4d-controlled-decisive-trial,target-mixed_stress-318920844,mixed_stress,P4_explicit_gauge_persistent_metric_anchor,True,inference-admissible,0.07814696313229591,0.6665592651560721,True,True,0.006709477650524742,0.00027611728356068105,0.00027611728356068105,False,False,0.9588466795862884,0.9588466795862884,1.0,0.0006339264557301331,0.9999999999992468,0.970747599774632,0.8401615635029641,True
bayesian-phystwin-prob4d-controlled-decisive-trial,target-mixed_stress-318920845,mixed_stress,P4_explicit_gauge_persistent_metric_anchor,True,inference-admissible,0.6833634153227442,0.6665592651560721,False,True,0.0022912518172043873,0.00028160011233637085,0.0022912518172043873,False,False,0.8770977025650729,0.0,1.0,0.0007031499693045812,0.7510109385074373,0.9679913311587353,0.8040300593659352,False
bayesian-phystwin-prob4d-controlled-decisive-trial,target-mixed_stress-318920846,mixed_stress,P4_explicit_gauge_persistent_metric_anchor,True,inference-admissible,0.3538212852847934,0.6665592651560721,True,True,0.002843688801480675,0.000247655360469063,0.000247655360469063,False,False,0.9129105265174896,0.9129105265174896,1.0,0.0007447451261117171,0.7502489858864001,0.9841828728510492,0.7135842991402628,True
bayesian-phystwin-prob4d-controlled-decisive-trial,target-mixed_stress-318920847,mixed_stress,P4_explicit_gauge_persistent_metric_anchor,True,inference-admissible,0.3684752791266541,0.6665592651560721,True,True,0.00570951558554897,0.00016865087167490216,0.00016865087167490216,False,False,0.9704614394780242,0.9704614394780242,1.0,0.0006804667071517011,0.7508420906834787,0.9353459819371709,0.7282323488441683,True
bayesian-phystwin-prob4d-controlled-decisive-trial,target-mixed_stress-318920848,mixed_stress,P4_explicit_gauge_persistent_metric_anchor,True,inference-admissible,0.3563809302553925,0.6665592651560721,True,True,0.0042197131799195705,9.938387495756896e-05,9.938387495756896e-05,False,False,0.9764477179561614,0.9764477179561614,1.0,0.0007997309106949896,0.7545084852184598,0.9611089160079056,0.7379275512489454,True
bayesian-phystwin-prob4d-controlled-decisive-trial,target-mixed_stress-318920849,mixed_stress,P4_explicit_gauge_persistent_metric_anchor,True,inference-admissible,0.07789635596623519,0.6665592651560721,True,True,0.0031150288266262116,0.00035807692023146306,0.00035807692023146306,False,False,0.885048601422002,0.885048601422002,1.0,0.0005890728882242952,0.9999999999661213,0.9656161792014378,0.8382507362488866,True
bayesian-phystwin-prob4d-controlled-decisive-trial,target-mixed_stress-318920850,mixed_stress,P4_explicit_gauge_persistent_metric_anchor,True,inference-admissible,0.06789743052143299,0.6665592651560721,True,True,0.004974919279476662,0.0001759656683393204,0.0001759656683393204,False,False,0.9646294425187475,0.9646294425187475,1.0,0.0006463306947797784,0.9999999999044249,0.9684540778009272,0.8753680602881566,True
bayesian-phystwin-prob4d-controlled-decisive-trial,target-mixed_stress-318920851,mixed_stress,P4_explicit_gauge_persistent_metric_anchor,True,inference-admissible,0.6186697293783938,0.6665592651560721,True,True,0.00045059617520858835,0.00030882681200819707,0.00030882681200819707,False,False,0.31462620190853574,0.31462620190853574,1.0,0.0010061290459379257,0.5022095147207645,0.9854849888953616,0.6844504279537817,True
bayesian-phystwin-prob4d-controlled-decisive-trial,target-mixed_stress-318920852,mixed_stress,P4_explicit_gauge_persistent_metric_anchor,True,inference-admissible,0.3265194235317661,0.6665592651560721,True,True,0.005097926767824955,0.0002705404234405988,0.0002705404234405988,False,False,0.9469312848611151,0.9469312848611151,1.0,0.0007007285522753838,0.7503344243183365,0.9640382305791846,0.8736301885905845,True
bayesian-phystwin-prob4d-controlled-decisive-trial,target-mixed_stress-318920853,mixed_stress,P4_explicit_gauge_persistent_metric_anchor,True,inference-admissible,0.059645805054949076,0.6665592651560721,True,True,0.005679649698083115,0.00020750100609708276,0.00020750100609708276,False,False,0.9634658795652283,0.9634658795652283,1.0,0.0006406854195360298,0.9999999999994778,0.9770505447927524,0.8971787139415748,True
bayesian-phystwin-prob4d-controlled-decisive-trial,target-mixed_stress-318920854,mixed_stress,P4_explicit_gauge_persistent_metric_anchor,True,inference-admissible,0.303316613271644,0.6665592651560721,True,True,0.0070584770070194845,0.00021337284311091876,0.00021337284311091876,False,False,0.9697706965824604,0.9697706965824604,1.0,0.0007207050867758767,0.7510100642043414,0.9504560914162808,0.961235653917879,True
bayesian-phystwin-prob4d-controlled-decisive-trial,target-mixed_stress-318920855,mixed_stress,P4_explicit_gauge_persistent_metric_anchor,True,inference-admissible,0.36090269450271245,0.6665592651560721,True,True,0.008395289054847306,0.00018775798013821656,0.00018775798013821656,False,False,0.9776353167935524,0.9776353167935524,1.0,0.0006488236863839004,0.7507742566640716,0.9585524654820294,0.7078584511266457,True
bayesian-phystwin-prob4d-controlled-decisive-trial,target-mixed_stress-318920856,mixed_stress,P4_explicit_gauge_persistent_metric_anchor,True,inference-admissible,0.09487467111964759,0.6665592651560721,True,True,0.006064975277261084,0.00018996962904022308,0.00018996962904022308,False,False,0.968677592182039,0.968677592182039,1.0,0.0006206008995831781,0.999999999999492,0.9521911757745277,0.8009240067823933,True
bayesian-phystwin-prob4d-controlled-decisive-trial,target-mixed_stress-318920857,mixed_stress,P4_explicit_gauge_persistent_metric_anchor,True,inference-admissible,0.686416612501975,0.6665592651560721,False,True,0.003531143553359264,0.00013366988882922937,0.003531143553359264,False,False,0.9621454390598009,0.0,1.0,0.0009032476166868576,0.7503382163632658,0.9775965417660412,0.8111632458876176,False
bayesian-phystwin-prob4d-controlled-decisive-trial,target-mixed_stress-318920858,mixed_stress,P4_explicit_gauge_persistent_metric_anchor,True,inference-admissible,0.35818759920565,0.6665592651560721,True,True,0.008459358529487008,0.0005675965694976225,0.0005675965694976225,False,False,0.9329031193654771,0.9329031193654771,1.0,0.0007231285129981995,0.7507105422854138,0.9466453103073514,0.7627810733063,True
bayesian-phystwin-prob4d-controlled-decisive-trial,target-mixed_stress-318920859,mixed_stress,P4_explicit_gauge_persistent_metric_anchor,True,inference-admissible,0.5634142529991938,0.6665592651560721,True,True,0.005269284923542608,0.00044751352776253525,0.00044751352776253525,False,False,0.9150712982395216,0.9150712982395216,1.0,0.0008160951224077485,0.5021199622354116,0.954475471298549,0.9518099494850133,True
bayesian-phystwin-prob4d-controlled-decisive-trial,target-mixed_stress-318920860,mixed_stress,P4_explicit_gauge_persistent_metric_anchor,True,inference-admissible,0.3127399347902428,0.6665592651560721,True,True,0.008722250546636598,0.00022734852453847957,0.00022734852453847957,False,False,0.9739346487098851,0.9739346487098851,1.0,0.0008933670877614973,0.7511435839075126,0.9795639048586775,0.9142204949139343,True
bayesian-phystwin-prob4d-controlled-decisive-trial,target-mixed_stress-318920861,mixed_stress,P4_explicit_gauge_persistent_metric_anchor,True,inference-admissible,0.6907791474515814,0.6665592651560721,False,True,0.007755448498105406,0.0005036660337260102,0.007755448498105406,False,False,0.9350564917233282,0.0,1.0,0.0008946722580747261,0.7502675032184384,0.9591518765935536,0.8431887421265438,False
bayesian-phystwin-prob4d-controlled-decisive-trial,target-mixed_stress-318920862,mixed_stress,P4_explicit_gauge_persistent_metric_anchor,True,inference-admissible,0.3074216619455118,0.6665592651560721,True,True,0.006220063163305213,0.0009354395984546691,0.0009354395984546691,False,False,0.8496093087971801,0.8496093087971801,0.0,0.000899078861514707,0.7510165268417557,0.9420768186410305,0.9859355728277103,True
bayesian-phystwin-prob4d-controlled-decisive-trial,target-mixed_stress-318920863,mixed_stress,P4_explicit_gauge_persistent_metric_anchor,True,inference-admissible,0.28874968311245064,0.6665592651560721,True,True,0.006795958514221737,0.0001948725869702995,0.0001948725869702995,False,False,0.9713252241663197,0.9713252241663197,1.0,0.0006605877116296378,0.7511036155475925,0.9867004868353167,0.9398430976204155,True
bayesian-phystwin-prob4d-controlled-decisive-trial,target-mixed_stress-318920864,mixed_stress,P4_explicit_gauge_persistent_metric_anchor,True,inference-admissible,0.05489278814315269,0.6665592651560721,True,True,0.006320217354846661,0.00013500503424887966,0.00013500503424887966,False,False,0.9786391785805671,0.9786391785805671,1.0,0.0006553251161149409,0.9999999999995985,0.9674992705130594,0.9295664039895916,True
bayesian-phystwin-prob4d-controlled-decisive-trial,target-mixed_stress-318920865,mixed_stress,P4_explicit_gauge_persistent_metric_anchor,True,inference-admissible,0.3203872822033226,0.6665592651560721,True,True,0.008174092081910209,0.00010690086430461656,0.00010690086430461656,False,False,0.9869219892272568,0.9869219892272568,1.0,0.000679990083921697,0.7509157093530809,0.965178837509979,0.878209775123749,True
bayesian-phystwin-prob4d-controlled-decisive-trial,target-mixed_stress-318920866,mixed_stress,P4_explicit_gauge_persistent_metric_anchor,True,inference-admissible,0.5517451014894815,0.6665592651560721,True,True,0.005438184295940302,0.00039285407618695046,0.00039285407618695046,False,False,0.9277600657115974,0.9277600657115974,1.0,0.000770779546714763,0.5017937114787245,0.9692950739167632,0.9294802956366119,True
bayesian-phystwin-prob4d-controlled-decisive-trial,target-mixed_stress-318920867,mixed_stress,P4_explicit_gauge_persistent_metric_anchor,True,inference-admissible,0.33556720892010394,0.6665592651560721,True,True,0.009543632283449845,0.0003333400886667951,0.0003333400886667951,False,False,0.96507198949347,0.96507198949347,1.0,0.0005808405682608924,0.7509179437580902,0.9751833420188484,0.7732691931606394,True
