bank,component_id,hypothesis_id,particle_id,hypothesis_index,particle_index,contact,action,evaluation_frame_interval,global_translation_coordinate_rmse_m,global_translation_fde_m,global_translation_track_error_m,oracle_global_bias_x_m,oracle_global_bias_y_m,oracle_global_bias_z_m,oracle_point_bias_capped_fraction,oracle_point_bias_mean_norm_m,oracle_point_bias_p95_norm_m,oracle_point_bias_valid_node_count,point_capped_coordinate_rmse_m,point_capped_fde_m,point_capped_track_error_m,point_uncapped_coordinate_rmse_m,point_uncapped_fde_m,point_uncapped_track_error_m,readout_coordinate_rmse_m,readout_fde_m,readout_track_error_m,state_coordinate_rmse_m,state_fde_m,state_track_error_m,valid_point_frames
current_bank,known_action__shift_+0__gain_1.000__delay_0__slip_0.000__rot_+0.0::grid_4_4,known_action__shift_+0__gain_1.000__delay_0__slip_0.000__rot_+0.0,grid_4_4,0,0,"{""attachment_shifts"":[0],""contact_prior_weight"":0.2707343961460944,""delay_steps"":0,""gain_multiplier"":1.0,""rotation_degrees"":0.0,""slip_fraction"":0.0}","{""future_action_observed"":true,""prior_weight"":1.0,""proposal_id"":""known_action"",""provenance"":""released future controller trajectory""}","[7,27]",0.019770415658315985,0.03923232475452303,0.028805331247899475,0.0002949597080599899,-0.016354182852573177,0.013414817827445288,0.8975162768266216,0.0334679091105498,0.07875585450868644,4147,0.018944422709654962,0.033486639439685204,0.024489674713109352,0.006923734807042591,0.016268156861146816,0.008848524950946509,0.023238700775904536,0.04152625058206736,0.033047068383424236,0.025457054634663974,0.04348475129085457,0.03665313448723405,68867
current_bank,known_action__shift_+0__gain_1.000__delay_0__slip_0.000__rot_+0.0::grid_4_3,known_action__shift_+0__gain_1.000__delay_0__slip_0.000__rot_+0.0,grid_4_3,0,1,"{""attachment_shifts"":[0],""contact_prior_weight"":0.2707343961460944,""delay_steps"":0,""gain_multiplier"":1.0,""rotation_degrees"":0.0,""slip_fraction"":0.0}","{""future_action_observed"":true,""prior_weight"":1.0,""proposal_id"":""known_action"",""provenance"":""released future controller trajectory""}","[7,27]",0.019751324304512836,0.04246368892807203,0.02879089341684718,-0.0006029388137215986,-0.01662377218561081,0.011082986037996472,0.8999276585483482,0.03265853864882343,0.07682530100492592,4147,0.018647434728273637,0.03713671215277893,0.02432451872767999,0.007494500989363098,0.021037475198137763,0.009813365120876352,0.022875681059127104,0.04458439841674994,0.03260426191647952,0.02496679549530686,0.04573339589691229,0.03607312894518311,68867
current_bank,known_action__shift_+0__gain_1.000__delay_0__slip_0.000__rot_+0.0::grid_4_5,known_action__shift_+0__gain_1.000__delay_0__slip_0.000__rot_+0.0,grid_4_5,0,2,"{""attachment_shifts"":[0],""contact_prior_weight"":0.2707343961460944,""delay_steps"":0,""gain_multiplier"":1.0,""rotation_degrees"":0.0,""slip_fraction"":0.0}","{""future_action_observed"":true,""prior_weight"":1.0,""proposal_id"":""known_action"",""provenance"":""released future controller trajectory""}","[7,27]",0.01978892377595923,0.0388338377236391,0.028821056039991903,0.0001643574905940984,-0.016637112748658773,0.013964839141866803,0.9018567639257294,0.03384800436929371,0.07947828327738826,4147,0.01910964272622054,0.03341607868951141,0.024701483232387147,0.00684263683420805,0.01573043531900418,0.008704477972810827,0.023428200805060376,0.041674939955107286,0.03334503698570266,0.025686643780683496,0.04377857785148719,0.03700672274930409,68867
current_bank,known_action__shift_+0__gain_1.000__delay_0__slip_0.000__rot_+0.0::grid_3_4,known_action__shift_+0__gain_1.000__delay_0__slip_0.000__rot_+0.0,grid_3_4,0,3,"{""attachment_shifts"":[0],""contact_prior_weight"":0.2707343961460944,""delay_steps"":0,""gain_multiplier"":1.0,""rotation_degrees"":0.0,""slip_fraction"":0.0}","{""future_action_observed"":true,""prior_weight"":1.0,""proposal_id"":""known_action"",""provenance"":""released future controller trajectory""}","[7,27]",0.01791461493299029,0.0363961476564483,0.026227844737709678,9.473932163608657e-06,-0.015954754940426537,0.009842712604003477,0.8931757897275139,0.030579392461210976,0.0663229519379233,4147,0.01663081893360361,0.030915142281201808,0.02168437820270835,0.006733306488543607,0.016476783518750048,0.008825491340970952,0.0209303095291766,0.03877503936991388,0.030153140723154632,0.023029408329280653,0.04046616148780762,0.03365326817978396,68867
current_bank,known_action__shift_-1__gain_1.000__delay_0__slip_0.000__rot_+0.0::grid_4_4,known_action__shift_-1__gain_1.000__delay_0__slip_0.000__rot_+0.0,grid_4_4,1,0,"{""attachment_shifts"":[-1],""contact_prior_weight"":0.05801451345987737,""delay_steps"":0,""gain_multiplier"":1.0,""rotation_degrees"":0.0,""slip_fraction"":0.0}","{""future_action_observed"":true,""prior_weight"":1.0,""proposal_id"":""known_action"",""provenance"":""released future controller trajectory""}","[7,27]",0.020143232345053892,0.04325299713807313,0.0295928535107899,0.0007604665778871408,-0.01736734046591382,0.008951680162202444,0.9274174101760309,0.03314136216503901,0.07675439014738134,4147,0.01882517981805585,0.0385258964669962,0.02460796530963763,0.007732851577676097,0.021845753948044663,0.010189809843002717,0.023091014341238846,0.04628135302026642,0.03305251497957549,0.025054510445689612,0.046814701051428195,0.036248946044042954,68867
current_bank,known_action__shift_-1__gain_1.000__delay_0__slip_0.000__rot_+0.0::grid_4_3,known_action__shift_-1__gain_1.000__delay_0__slip_0.000__rot_+0.0,grid_4_3,1,1,"{""attachment_shifts"":[-1],""contact_prior_weight"":0.05801451345987737,""delay_steps"":0,""gain_multiplier"":1.0,""rotation_degrees"":0.0,""slip_fraction"":0.0}","{""future_action_observed"":true,""prior_weight"":1.0,""proposal_id"":""known_action"",""provenance"":""released future controller trajectory""}","[7,27]",0.02003732276602536,0.04302231749802951,0.029330538137675215,-0.00020791757733546235,-0.016748139539956443,0.006540900870772615,0.930793344586448,0.032162623158741285,0.0733892963046468,4147,0.018350337430815263,0.03806906730690144,0.02391447031323907,0.008135400424851337,0.02270750439580261,0.01071624693355154,0.02256700912733543,0.045526528152343274,0.03232812619400637,0.02442734771434074,0.04601505690645189,0.035434201582984326,68867
current_bank,known_action__shift_-1__gain_1.000__delay_0__slip_0.000__rot_+0.0::grid_4_5,known_action__shift_-1__gain_1.000__delay_0__slip_0.000__rot_+0.0,grid_4_5,1,2,"{""attachment_shifts"":[-1],""contact_prior_weight"":0.05801451345987737,""delay_steps"":0,""gain_multiplier"":1.0,""rotation_degrees"":0.0,""slip_fraction"":0.0}","{""future_action_observed"":true,""prior_weight"":1.0,""proposal_id"":""known_action"",""provenance"":""released future controller trajectory""}","[7,27]",0.020004155620725023,0.041877664319267226,0.029299315810126476,0.0010421699050796077,-0.017364301163698824,0.010747651825818404,0.9020979020979021,0.03343401619652323,0.07792556956671322,4147,0.01894334896622755,0.03680180911212758,0.024466754532556548,0.007264712886617218,0.01871591064739331,0.009362789342423615,0.02322797034524157,0.045101153436138075,0.03303622023402606,0.025307303308708298,0.04632694538723827,0.036408891453138456,68867
current_bank,known_action__shift_-1__gain_1.000__delay_0__slip_0.000__rot_+0.0::grid_3_4,known_action__shift_-1__gain_1.000__delay_0__slip_0.000__rot_+0.0,grid_3_4,1,3,"{""attachment_shifts"":[-1],""contact_prior_weight"":0.05801451345987737,""delay_steps"":0,""gain_multiplier"":1.0,""rotation_degrees"":0.0,""slip_fraction"":0.0}","{""future_action_observed"":true,""prior_weight"":1.0,""proposal_id"":""known_action"",""provenance"":""released future controller trajectory""}","[7,27]",0.018368734250549825,0.04043537614286569,0.027149759824090805,0.0011725913228955072,-0.016446753504783678,0.005723912518672937,0.9180130214612974,0.030427064069572355,0.06471682222392755,4147,0.016693278802035888,0.035562682604883405,0.0218864556451035,0.007399841358576436,0.02107017914493613,0.00988115558831607,0.020951253261487973,0.043326321353114386,0.030250743659809263,0.022814992876713125,0.043794624853206905,0.03340768554028412,68867
current_bank,known_action__shift_+1__gain_1.000__delay_0__slip_0.000__rot_+0.0::grid_4_4,known_action__shift_+1__gain_1.000__delay_0__slip_0.000__rot_+0.0,grid_4_4,2,0,"{""attachment_shifts"":[1],""contact_prior_weight"":0.05801451345987737,""delay_steps"":0,""gain_multiplier"":1.0,""rotation_degrees"":0.0,""slip_fraction"":0.0}","{""future_action_observed"":true,""prior_weight"":1.0,""proposal_id"":""known_action"",""provenance"":""released future controller trajectory""}","[7,27]",0.01983335212532598,0.04096707499435429,0.02749317599171944,-0.009231309444916052,-0.023811992287986247,0.003138527859652325,0.9406800096455269,0.03531955204358665,0.08314284259175932,4147,0.020449551024592862,0.040505160796940054,0.026362370969940357,0.008051731868300065,0.017846018334687738,0.010117304786935977,0.024780126294393322,0.04920442255301522,0.035212868393507395,0.026164465048917278,0.0496311481563448,0.03754161577957504,68867
current_bank,known_action__shift_+1__gain_1.000__delay_0__slip_0.000__rot_+0.0::grid_4_3,known_action__shift_+1__gain_1.000__delay_0__slip_0.000__rot_+0.0,grid_4_3,2,1,"{""attachment_shifts"":[1],""contact_prior_weight"":0.05801451345987737,""delay_steps"":0,""gain_multiplier"":1.0,""rotation_degrees"":0.0,""slip_fraction"":0.0}","{""future_action_observed"":true,""prior_weight"":1.0,""proposal_id"":""known_action"",""provenance"":""released future controller trajectory""}","[7,27]",0.01960475438140598,0.040773340261844156,0.027149805576379367,-0.009953813608322943,-0.02324690213419291,0.0031274389660092346,0.939233180612491,0.03496138866150244,0.0821181054505975,4147,0.0201826470477679,0.040130301039550724,0.02599693082561388,0.008009505435474127,0.017748737340603164,0.010050343126449843,0.02451065701375535,0.048894497438258896,0.034838856190777284,0.025931487017170726,0.04942419622798453,0.03726699532383543,68867
current_bank,known_action__shift_+1__gain_1.000__delay_0__slip_0.000__rot_+0.0::grid_4_5,known_action__shift_+1__gain_1.000__delay_0__slip_0.000__rot_+0.0,grid_4_5,2,2,"{""attachment_shifts"":[1],""contact_prior_weight"":0.05801451345987737,""delay_steps"":0,""gain_multiplier"":1.0,""rotation_degrees"":0.0,""slip_fraction"":0.0}","{""future_action_observed"":true,""prior_weight"":1.0,""proposal_id"":""known_action"",""provenance"":""released future controller trajectory""}","[7,27]",0.01986879277275589,0.04097507039348531,0.027552786230027423,-0.009230245375781194,-0.023839362513546326,0.003166729192799889,0.9411622859898722,0.035380978511610955,0.08315616975394059,4147,0.02048553246917163,0.04046903434461591,0.026422219360184424,0.008027463980658603,0.017796799133266015,0.010087887402389159,0.024818323790230086,0.049154518697716656,0.03527777495924756,0.02622703205908196,0.04961631212113628,0.03764307822401116,68867
current_bank,known_action__shift_+1__gain_1.000__delay_0__slip_0.000__rot_+0.0::grid_3_4,known_action__shift_+1__gain_1.000__delay_0__slip_0.000__rot_+0.0,grid_3_4,2,3,"{""attachment_shifts"":[1],""contact_prior_weight"":0.05801451345987737,""delay_steps"":0,""gain_multiplier"":1.0,""rotation_degrees"":0.0,""slip_fraction"":0.0}","{""future_action_observed"":true,""prior_weight"":1.0,""proposal_id"":""known_action"",""provenance"":""released future controller trajectory""}","[7,27]",0.01809872077650045,0.03841168386446005,0.025161869060401975,-0.008859418338745905,-0.023790217541058166,0.0002666103869857707,0.9423679768507355,0.03379708579013579,0.07349191987505439,4147,0.018898573384706265,0.038965250933838506,0.02475528506795848,0.007716121039943713,0.017783714144103395,0.009877568124321634,0.023289667997400402,0.04778788318913331,0.03360396593254894,0.024401796159054783,0.04777639482867604,0.03539232206918214,68867
current_bank,known_action__shift_+0__gain_0.850__delay_0__slip_0.000__rot_+0.0::grid_4_4,known_action__shift_+0__gain_0.850__delay_0__slip_0.000__rot_+0.0,grid_4_4,3,0,"{""attachment_shifts"":[0],""contact_prior_weight"":0.12395123873477432,""delay_steps"":0,""gain_multiplier"":0.85,""rotation_degrees"":0.0,""slip_fraction"":0.0}","{""future_action_observed"":true,""prior_weight"":1.0,""proposal_id"":""known_action"",""provenance"":""released future controller trajectory""}","[7,27]",0.019764298253920287,0.039887894817843696,0.02884080074475554,0.00025623319381443355,-0.016209997522583897,0.012450856579754085,0.8917289606944779,0.03304295796385437,0.07770542022918916,4147,0.01875268736447053,0.033973080952273436,0.024251211701662372,0.0070368485228595595,0.017162503463689912,0.009065264982571025,0.02301981726767282,0.04185505802608642,0.0327094554593886,0.02520103898229825,0.043570358910262515,0.036284017527466635,68867
current_bank,known_action__shift_+0__gain_0.850__delay_0__slip_0.000__rot_+0.0::grid_4_3,known_action__shift_+0__gain_0.850__delay_0__slip_0.000__rot_+0.0,grid_4_3,3,1,"{""attachment_shifts"":[0],""contact_prior_weight"":0.12395123873477432,""delay_steps"":0,""gain_multiplier"":0.85,""rotation_degrees"":0.0,""slip_fraction"":0.0}","{""future_action_observed"":true,""prior_weight"":1.0,""proposal_id"":""known_action"",""provenance"":""released future controller trajectory""}","[7,27]",0.0198374553271573,0.042314566096754554,0.028900418226980213,-0.0009490891075243033,-0.016253983402970726,0.009533181392673904,0.9240414757656137,0.03207407468916588,0.07497189077906191,4147,0.01845280092085065,0.03707649207698126,0.024117562103422564,0.007892966706890056,0.021762544450855726,0.010406003685716241,0.02263145447995316,0.04435459316482865,0.032262329862050694,0.024651021802422988,0.04513795864802477,0.03565886250974662,68867
current_bank,known_action__shift_+0__gain_0.850__delay_0__slip_0.000__rot_+0.0::grid_4_5,known_action__shift_+0__gain_0.850__delay_0__slip_0.000__rot_+0.0,grid_4_5,3,2,"{""attachment_shifts"":[0],""contact_prior_weight"":0.12395123873477432,""delay_steps"":0,""gain_multiplier"":0.85,""rotation_degrees"":0.0,""slip_fraction"":0.0}","{""future_action_observed"":true,""prior_weight"":1.0,""proposal_id"":""known_action"",""provenance"":""released future controller trajectory""}","[7,27]",0.019795324881685967,0.03900310122456632,0.028842982518840203,0.00021945200552570403,-0.01653518389257412,0.013721854925893241,0.8996865203761756,0.03370821090040343,0.07921416080198009,4147,0.019052744546450166,0.03342335253672278,0.024626319015913552,0.006867447031747669,0.01589582300410311,0.008752146820333463,0.023361752429029003,0.04160575794733945,0.03323218130367487,0.025611527170277364,0.04365853256587461,0.03688485359716415,68867
current_bank,known_action__shift_+0__gain_0.850__delay_0__slip_0.000__rot_+0.0::grid_3_4,known_action__shift_+0__gain_0.850__delay_0__slip_0.000__rot_+0.0,grid_3_4,3,3,"{""attachment_shifts"":[0],""contact_prior_weight"":0.12395123873477432,""delay_steps"":0,""gain_multiplier"":0.85,""rotation_degrees"":0.0,""slip_fraction"":0.0}","{""future_action_observed"":true,""prior_weight"":1.0,""proposal_id"":""known_action"",""provenance"":""released future controller trajectory""}","[7,27]",0.017897568625667288,0.03689103138866596,0.026266493832606135,-5.219335826626795e-05,-0.0159768724861063,0.009048630024179615,0.8897998553170967,0.030313010080516144,0.06612541929580437,4147,0.016524004609392212,0.031602361510949584,0.021552172433812213,0.006817343104674706,0.017201922727499073,0.008968680399490881,0.02080152055363457,0.0394237520807821,0.029951646497917272,0.022860219583225233,0.04086014093291745,0.0334125665959736,68867
current_bank,known_action__shift_+0__gain_1.150__delay_0__slip_0.000__rot_+0.0::grid_4_4,known_action__shift_+0__gain_1.150__delay_0__slip_0.000__rot_+0.0,grid_4_4,4,0,"{""attachment_shifts"":[0],""contact_prior_weight"":0.12395123873477447,""delay_steps"":0,""gain_multiplier"":1.15,""rotation_degrees"":0.0,""slip_fraction"":0.0}","{""future_action_observed"":true,""prior_weight"":1.0,""proposal_id"":""known_action"",""provenance"":""released future controller trajectory""}","[7,27]",0.019765993574141164,0.039029003493197024,0.028782480057183875,0.00025034554901990367,-0.0164744186182318,0.01369140481627515,0.9004099348926935,0.03362681659384276,0.07905276386945141,4147,0.019011957413296005,0.03343373331842118,0.024572010456886843,0.00689340217399988,0.01602181323077183,0.008788221246731162,0.023316712271564267,0.04156187309880415,0.03317206907766036,0.025543931637097686,0.04357891995848888,0.0367824995990153,68867
current_bank,known_action__shift_+0__gain_1.150__delay_0__slip_0.000__rot_+0.0::grid_4_3,known_action__shift_+0__gain_1.150__delay_0__slip_0.000__rot_+0.0,grid_4_3,4,1,"{""attachment_shifts"":[0],""contact_prior_weight"":0.12395123873477447,""delay_steps"":0,""gain_multiplier"":1.15,""rotation_degrees"":0.0,""slip_fraction"":0.0}","{""future_action_observed"":true,""prior_weight"":1.0,""proposal_id"":""known_action"",""provenance"":""released future controller trajectory""}","[7,27]",0.01966850975649033,0.04029532549955448,0.028604501778031186,-0.00012123181121179693,-0.016485946101209112,0.012272748149236928,0.8946226187605498,0.03291305279775086,0.07779431792257684,4147,0.0187152871059158,0.034497523662704054,0.024235398957081423,0.007157702570781488,0.017874502065000342,0.009269365849526786,0.022970795163004133,0.04218622780395013,0.03265813738971435,0.02511487830135113,0.04390491513104121,0.03617508222710329,68867
current_bank,known_action__shift_+0__gain_1.150__delay_0__slip_0.000__rot_+0.0::grid_4_5,known_action__shift_+0__gain_1.150__delay_0__slip_0.000__rot_+0.0,grid_4_5,4,2,"{""attachment_shifts"":[0],""contact_prior_weight"":0.12395123873477447,""delay_steps"":0,""gain_multiplier"":1.15,""rotation_degrees"":0.0,""slip_fraction"":0.0}","{""future_action_observed"":true,""prior_weight"":1.0,""proposal_id"":""known_action"",""provenance"":""released future controller trajectory""}","[7,27]",0.01978349887556347,0.038748376920856885,0.02880645093056111,9.858897156266354e-05,-0.016779403267269465,0.014117628852111146,0.9023390402700747,0.033972378995096794,0.0796330667015507,4147,0.01916099841800362,0.03347324073338948,0.024778448869969515,0.006828687403722592,0.015636800215491894,0.008676905668113076,0.0234877700195598,0.041790730208944055,0.03345028899179769,0.025749661267262088,0.04392009847395817,0.03711192007910886,68867
current_bank,known_action__shift_+0__gain_1.150__delay_0__slip_0.000__rot_+0.0::grid_3_4,known_action__shift_+0__gain_1.150__delay_0__slip_0.000__rot_+0.0,grid_3_4,4,3,"{""attachment_shifts"":[0],""contact_prior_weight"":0.12395123873477447,""delay_steps"":0,""gain_multiplier"":1.15,""rotation_degrees"":0.0,""slip_fraction"":0.0}","{""future_action_observed"":true,""prior_weight"":1.0,""proposal_id"":""known_action"",""provenance"":""released future controller trajectory""}","[7,27]",0.017902030981141653,0.03618753900977623,0.026191953474888313,-6.096802580942375e-05,-0.016096062132184664,0.010092416853380299,0.8967928623101037,0.030717615890118354,0.06646587280388393,4147,0.01668431581521229,0.030826049068801552,0.021753026130494475,0.006706673375508898,0.016255375301561563,0.008775342414415035,0.02099517365931975,0.0387636280813481,0.030260105437786265,0.023101175621773506,0.040503009292658154,0.0337578502805872,68867
current_bank,known_action__shift_+0__gain_1.000__delay_2__slip_0.000__rot_+0.0::grid_4_4,known_action__shift_+0__gain_1.000__delay_2__slip_0.000__rot_+0.0,grid_4_4,5,0,"{""attachment_shifts"":[0],""contact_prior_weight"":0.07136481201359993,""delay_steps"":2,""gain_multiplier"":1.0,""rotation_degrees"":0.0,""slip_fraction"":0.0}","{""future_action_observed"":true,""prior_weight"":1.0,""proposal_id"":""known_action"",""provenance"":""released future controller trajectory""}","[7,27]",0.019788065122179094,0.039624993274525414,0.02939737385109757,0.002510542517380238,-0.017231842979947946,0.009374922393563362,0.9264528574873403,0.03361659546898018,0.07340936329664624,4147,0.018443930250458228,0.03415633066269011,0.024301351345742923,0.007040833026929906,0.016724311806504,0.009183602829132461,0.022846086243536273,0.04271481148531553,0.033116961177429835,0.024900578089339747,0.044197453138071524,0.036375301760725946,68867
current_bank,known_action__shift_+0__gain_1.000__delay_2__slip_0.000__rot_+0.0::grid_4_3,known_action__shift_+0__gain_1.000__delay_2__slip_0.000__rot_+0.0,grid_4_3,5,1,"{""attachment_shifts"":[0],""contact_prior_weight"":0.07136481201359993,""delay_steps"":2,""gain_multiplier"":1.0,""rotation_degrees"":0.0,""slip_fraction"":0.0}","{""future_action_observed"":true,""prior_weight"":1.0,""proposal_id"":""known_action"",""provenance"":""released future controller trajectory""}","[7,27]",0.019682671522260168,0.040815199151483406,0.029249207969551803,0.0019150884960717595,-0.017291099661885787,0.0075014331203914816,0.9368217988907644,0.03303879281608511,0.07087980937271224,4147,0.01814027167092773,0.03561833561232797,0.023924529181250712,0.007323035700033658,0.01864010129118713,0.00966724180743492,0.02251772535200012,0.044016822856124425,0.03267628376822547,0.02450218552868856,0.04520306671785197,0.035915912657344944,68867
current_bank,known_action__shift_+0__gain_1.000__delay_2__slip_0.000__rot_+0.0::grid_4_5,known_action__shift_+0__gain_1.000__delay_2__slip_0.000__rot_+0.0,grid_4_5,5,2,"{""attachment_shifts"":[0],""contact_prior_weight"":0.07136481201359993,""delay_steps"":2,""gain_multiplier"":1.0,""rotation_degrees"":0.0,""slip_fraction"":0.0}","{""future_action_observed"":true,""prior_weight"":1.0,""proposal_id"":""known_action"",""provenance"":""released future controller trajectory""}","[7,27]",0.01980253363725494,0.03932030107875584,0.029408447522249134,0.0023968034804601524,-0.017481351228536675,0.009822794772253153,0.9262117193151675,0.03384306325893529,0.07408424129724836,4147,0.018568695720815254,0.03410966606711854,0.02445986643500904,0.006987368777136666,0.016341623007956038,0.00909733075864021,0.022980068321635145,0.042758824889865286,0.033300785157727886,0.025060925374026814,0.04432398510176923,0.0365685580695423,68867
current_bank,known_action__shift_+0__gain_1.000__delay_2__slip_0.000__rot_+0.0::grid_3_4,known_action__shift_+0__gain_1.000__delay_2__slip_0.000__rot_+0.0,grid_3_4,5,3,"{""attachment_shifts"":[0],""contact_prior_weight"":0.07136481201359993,""delay_steps"":2,""gain_multiplier"":1.0,""rotation_degrees"":0.0,""slip_fraction"":0.0}","{""future_action_observed"":true,""prior_weight"":1.0,""proposal_id"":""known_action"",""provenance"":""released future controller trajectory""}","[7,27]",0.018072316041501443,0.036709865215478296,0.026952133607776523,0.0023911987443398907,-0.016700017068315896,0.005903466878098109,0.9228357849047504,0.0308949865485428,0.06393788849947872,4147,0.016428977654734327,0.031450946968484855,0.02166221812164604,0.006788745534892151,0.016590783780937805,0.009028056055253178,0.020810935779132296,0.03992445247881073,0.03035618860438427,0.022758322476452902,0.04125211987463908,0.03358148796136813,68867
current_bank,known_action__shift_+0__gain_1.000__delay_0__slip_0.200__rot_+0.0::grid_4_4,known_action__shift_+0__gain_1.000__delay_0__slip_0.200__rot_+0.0,grid_4_4,6,0,"{""attachment_shifts"":[0],""contact_prior_weight"":0.07136481201359991,""delay_steps"":0,""gain_multiplier"":1.0,""rotation_degrees"":0.0,""slip_fraction"":0.2}","{""future_action_observed"":true,""prior_weight"":1.0,""proposal_id"":""known_action"",""provenance"":""released future controller trajectory""}","[7,27]",0.020194158146653974,0.04194673557639625,0.030349701532915278,0.002685032691184637,-0.017846656920598628,0.00716611652027588,0.9462261876054979,0.03434049954042567,0.07206708685660464,4147,0.018627275069270022,0.03694014566369012,0.02521000961678389,0.007091486641346925,0.018068032553836304,0.00968228661270169,0.023097459164250562,0.045628678442721365,0.03402635387557416,0.02503102656080028,0.04652020382627396,0.03704399478327695,68867
current_bank,known_action__shift_+0__gain_1.000__delay_0__slip_0.200__rot_+0.0::grid_4_3,known_action__shift_+0__gain_1.000__delay_0__slip_0.200__rot_+0.0,grid_4_3,6,1,"{""attachment_shifts"":[0],""contact_prior_weight"":0.07136481201359991,""delay_steps"":0,""gain_multiplier"":1.0,""rotation_degrees"":0.0,""slip_fraction"":0.2}","{""future_action_observed"":true,""prior_weight"":1.0,""proposal_id"":""known_action"",""provenance"":""released future controller trajectory""}","[7,27]",0.02007554438782895,0.04257479508967544,0.030106282532534244,0.0025848698197734063,-0.017610888029485267,0.005493226794449825,0.9450204967446347,0.03377825624097149,0.07000534351912875,4147,0.018326509461916288,0.03754963905674833,0.024718466273629322,0.007267105039255022,0.01894491550557174,0.009918412568100757,0.022774861266980095,0.04620890450534122,0.03350190708760974,0.024670519547062095,0.04708282217692919,0.03655305017896381,68867
current_bank,known_action__shift_+0__gain_1.000__delay_0__slip_0.200__rot_+0.0::grid_4_5,known_action__shift_+0__gain_1.000__delay_0__slip_0.200__rot_+0.0,grid_4_5,6,2,"{""attachment_shifts"":[0],""contact_prior_weight"":0.07136481201359991,""delay_steps"":0,""gain_multiplier"":1.0,""rotation_degrees"":0.0,""slip_fraction"":0.2}","{""future_action_observed"":true,""prior_weight"":1.0,""proposal_id"":""known_action"",""provenance"":""released future controller trajectory""}","[7,27]",0.020215467506031586,0.041844445815698184,0.030381915109444154,0.002469974918353781,-0.018186102938044357,0.00760775086029364,0.9488787074993972,0.034577664696053084,0.07284813945184626,4147,0.018765696547852415,0.03703360419220817,0.025409682762694,0.007070103545783529,0.017931328291018615,0.009643631880278749,0.023242980078473908,0.045763619131977205,0.03424589121491992,0.025197254778765017,0.046673594198098904,0.03726173530511098,68867
current_bank,known_action__shift_+0__gain_1.000__delay_0__slip_0.200__rot_+0.0::grid_3_4,known_action__shift_+0__gain_1.000__delay_0__slip_0.200__rot_+0.0,grid_3_4,6,3,"{""attachment_shifts"":[0],""contact_prior_weight"":0.07136481201359991,""delay_steps"":0,""gain_multiplier"":1.0,""rotation_degrees"":0.0,""slip_fraction"":0.2}","{""future_action_observed"":true,""prior_weight"":1.0,""proposal_id"":""known_action"",""provenance"":""released future controller trajectory""}","[7,27]",0.018493684971983854,0.03906679697216995,0.0279078320557963,0.002738698324838224,-0.017077648022220285,0.0037774458552034336,0.9365806607185918,0.03160603968618003,0.06226401611234752,4147,0.016691126098773344,0.034101702240089016,0.022475102397576385,0.006843309592302554,0.01756738285640228,0.009398718646057128,0.021130268804121215,0.04274018786974414,0.031196862479801586,0.022957957834049265,0.04365835574850841,0.03419426696379516,68867
current_bank,known_action__shift_+0__gain_1.000__delay_0__slip_0.000__rot_-8.0::grid_4_4,known_action__shift_+0__gain_1.000__delay_0__slip_0.000__rot_-8.0,grid_4_4,7,0,"{""attachment_shifts"":[0],""contact_prior_weight"":0.11130223771870112,""delay_steps"":0,""gain_multiplier"":1.0,""rotation_degrees"":-8.0,""slip_fraction"":0.0}","{""future_action_observed"":true,""prior_weight"":1.0,""proposal_id"":""known_action"",""provenance"":""released future controller trajectory""}","[7,27]",0.019526160784203914,0.03847762706796364,0.02824124668551985,-0.0011753613766145481,-0.01489146054090819,0.014238573081594975,0.9030624547865927,0.03278259831996784,0.07867142085407353,4147,0.01861691706452281,0.032123551754769046,0.02370875329552798,0.006788063258143352,0.015523298886905425,0.00854578279894678,0.022874198708870908,0.04011789033559438,0.03231878558572674,0.02515657746333602,0.04247435790626419,0.03615339377812549,68867
current_bank,known_action__shift_+0__gain_1.000__delay_0__slip_0.000__rot_-8.0::grid_4_3,known_action__shift_+0__gain_1.000__delay_0__slip_0.000__rot_-8.0,grid_4_3,7,1,"{""attachment_shifts"":[0],""contact_prior_weight"":0.11130223771870112,""delay_steps"":0,""gain_multiplier"":1.0,""rotation_degrees"":-8.0,""slip_fraction"":0.0}","{""future_action_observed"":true,""prior_weight"":1.0,""proposal_id"":""known_action"",""provenance"":""released future controller trajectory""}","[7,27]",0.019413024307387197,0.04075227256961303,0.028092679069003673,-0.0018727500996468369,-0.015133194622592343,0.012046122821464807,0.9001687967205209,0.03185903572095754,0.07676521800759567,4147,0.018231114324471512,0.034624550085609586,0.02333357646198832,0.007186145008902328,0.018725792774556854,0.009256071994535143,0.022421911795744345,0.042178021546587466,0.031696264859403585,0.024580687944080158,0.043853501289177074,0.03537159211624276,68867
current_bank,known_action__shift_+0__gain_1.000__delay_0__slip_0.000__rot_-8.0::grid_4_5,known_action__shift_+0__gain_1.000__delay_0__slip_0.000__rot_-8.0,grid_4_5,7,2,"{""attachment_shifts"":[0],""contact_prior_weight"":0.11130223771870112,""delay_steps"":0,""gain_multiplier"":1.0,""rotation_degrees"":-8.0,""slip_fraction"":0.0}","{""future_action_observed"":true,""prior_weight"":1.0,""proposal_id"":""known_action"",""provenance"":""released future controller trajectory""}","[7,27]",0.0195037049147628,0.03804909656028133,0.02823270780010408,-0.0015413909391467568,-0.015507031518356265,0.01479230153881724,0.9102965999517724,0.03327722175638054,0.07945526578037233,4147,0.01882382980848476,0.03245039565017985,0.024017599546563045,0.006710600058191708,0.015106823133513062,0.008421429376648614,0.02311449482871663,0.04071557882074728,0.03272747828961435,0.025431174137397077,0.043189064992623635,0.03660888827175604,68867
current_bank,known_action__shift_+0__gain_1.000__delay_0__slip_0.000__rot_-8.0::grid_3_4,known_action__shift_+0__gain_1.000__delay_0__slip_0.000__rot_-8.0,grid_3_4,7,3,"{""attachment_shifts"":[0],""contact_prior_weight"":0.11130223771870112,""delay_steps"":0,""gain_multiplier"":1.0,""rotation_degrees"":-8.0,""slip_fraction"":0.0}","{""future_action_observed"":true,""prior_weight"":1.0,""proposal_id"":""known_action"",""provenance"":""released future controller trajectory""}","[7,27]",0.0176646028858431,0.0357336840048693,0.025675448721061794,-0.001398440592063964,-0.014484150018188107,0.010579099593898775,0.9011333494092115,0.029809817931700518,0.06616806920057651,4147,0.01623369840438534,0.02967416735745182,0.020887505432741812,0.00662232613402587,0.015916775863452,0.008580614275586353,0.020492097431287614,0.03740769967783749,0.029377685654004084,0.022651596850173775,0.0394311339145779,0.033079151598914794,68867
current_bank,known_action__shift_+0__gain_1.000__delay_0__slip_0.000__rot_+8.0::grid_4_4,known_action__shift_+0__gain_1.000__delay_0__slip_0.000__rot_+8.0,grid_4_4,8,0,"{""attachment_shifts"":[0],""contact_prior_weight"":0.11130223771870112,""delay_steps"":0,""gain_multiplier"":1.0,""rotation_degrees"":8.0,""slip_fraction"":0.0}","{""future_action_observed"":true,""prior_weight"":1.0,""proposal_id"":""known_action"",""provenance"":""released future controller trajectory""}","[7,27]",0.02006271445890098,0.04015349227698299,0.029463602238753238,0.0018880901696674028,-0.017468924753120403,0.012608352852621517,0.8977574149987944,0.03430269404984398,0.07881228983084437,4147,0.01928688593574053,0.03512837791789097,0.025347314549306638,0.007084914999801668,0.017158541597048813,0.009234142617710273,0.023630744892712458,0.0432817887888783,0.033929803595717754,0.025785933435219333,0.044884419726022785,0.03732076217558347,68867
current_bank,known_action__shift_+0__gain_1.000__delay_0__slip_0.000__rot_+8.0::grid_4_3,known_action__shift_+0__gain_1.000__delay_0__slip_0.000__rot_+8.0,grid_4_3,8,1,"{""attachment_shifts"":[0],""contact_prior_weight"":0.11130223771870112,""delay_steps"":0,""gain_multiplier"":1.0,""rotation_degrees"":8.0,""slip_fraction"":0.0}","{""future_action_observed"":true,""prior_weight"":1.0,""proposal_id"":""known_action"",""provenance"":""released future controller trajectory""}","[7,27]",0.020027868899074826,0.04261021261565323,0.029409026499308696,0.0009398418771907393,-0.0176962365320447,0.010293925837230546,0.9064383891970099,0.033466673016550486,0.07703677718569682,4147,0.018982866606332992,0.03787415799481283,0.02511294444904145,0.007644044753668101,0.021194496067556887,0.010170468551748569,0.02326192595358475,0.04548701398234612,0.03343674029941969,0.02529729466799194,0.04646553813786467,0.03672698840961666,68867
current_bank,known_action__shift_+0__gain_1.000__delay_0__slip_0.000__rot_+8.0::grid_4_5,known_action__shift_+0__gain_1.000__delay_0__slip_0.000__rot_+8.0,grid_4_5,8,2,"{""attachment_shifts"":[0],""contact_prior_weight"":0.11130223771870112,""delay_steps"":0,""gain_multiplier"":1.0,""rotation_degrees"":8.0,""slip_fraction"":0.0}","{""future_action_observed"":true,""prior_weight"":1.0,""proposal_id"":""known_action"",""provenance"":""released future controller trajectory""}","[7,27]",0.020073342651915675,0.03964658833220239,0.029461855862464855,0.001787232241699223,-0.017742301843969726,0.013194786957739053,0.9016156257535568,0.03466847134661286,0.07929766598347159,4147,0.01944396492767381,0.034950823810086545,0.025536839607419804,0.0069880856885732754,0.016446541441786592,0.00905941820435993,0.0238110837799828,0.04334054690712017,0.034207256947462995,0.026005714182449742,0.04509060765352577,0.03764279942871779,68867
current_bank,known_action__shift_+0__gain_1.000__delay_0__slip_0.000__rot_+8.0::grid_3_4,known_action__shift_+0__gain_1.000__delay_0__slip_0.000__rot_+8.0,grid_3_4,8,3,"{""attachment_shifts"":[0],""contact_prior_weight"":0.11130223771870112,""delay_steps"":0,""gain_multiplier"":1.0,""rotation_degrees"":8.0,""slip_fraction"":0.0}","{""future_action_observed"":true,""prior_weight"":1.0,""proposal_id"":""known_action"",""provenance"":""released future controller trajectory""}","[7,27]",0.01821633409942283,0.03721638557716774,0.026864743498192695,0.0015529641063226605,-0.017090724585700323,0.009119662512960845,0.8934169278996865,0.03145265206138493,0.06683184182034194,4147,0.017048599358276063,0.03231931447705255,0.022524663194423596,0.006879041490823053,0.017025377860813994,0.0091482346245787,0.021394526502476266,0.04039708281304368,0.031037316806204095,0.023436912664413983,0.04181210381834787,0.03435272983130386,68867
expanded_bank,known_action__shift_+0__gain_1.000__delay_0__slip_0.000__rot_+0.0::grid_4_4,known_action__shift_+0__gain_1.000__delay_0__slip_0.000__rot_+0.0,grid_4_4,0,0,"{""attachment_shifts"":[0],""contact_prior_weight"":0.12559111516356694,""delay_steps"":0,""gain_multiplier"":1.0,""rotation_degrees"":0.0,""slip_fraction"":0.0}","{""future_action_observed"":true,""prior_weight"":1.0,""proposal_id"":""known_action"",""provenance"":""released future controller trajectory""}","[7,27]",0.019770415658315985,0.03923232475452303,0.028805331247899475,0.0002949597080599899,-0.016354182852573177,0.013414817827445288,0.8975162768266216,0.0334679091105498,0.07875585450868644,4147,0.018944422709654962,0.033486639439685204,0.024489674713109352,0.006923734807042591,0.016268156861146816,0.008848524950946509,0.023238700775904536,0.04152625058206736,0.033047068383424236,0.025457054634663974,0.04348475129085457,0.03665313448723405,68867
expanded_bank,known_action__shift_+0__gain_1.000__delay_0__slip_0.000__rot_+0.0::grid_4_3,known_action__shift_+0__gain_1.000__delay_0__slip_0.000__rot_+0.0,grid_4_3,0,1,"{""attachment_shifts"":[0],""contact_prior_weight"":0.12559111516356694,""delay_steps"":0,""gain_multiplier"":1.0,""rotation_degrees"":0.0,""slip_fraction"":0.0}","{""future_action_observed"":true,""prior_weight"":1.0,""proposal_id"":""known_action"",""provenance"":""released future controller trajectory""}","[7,27]",0.019751324304512836,0.04246368892807203,0.02879089341684718,-0.0006029388137215986,-0.01662377218561081,0.011082986037996472,0.8999276585483482,0.03265853864882343,0.07682530100492592,4147,0.018647434728273637,0.03713671215277893,0.02432451872767999,0.007494500989363098,0.021037475198137763,0.009813365120876352,0.022875681059127104,0.04458439841674994,0.03260426191647952,0.02496679549530686,0.04573339589691229,0.03607312894518311,68867
expanded_bank,known_action__shift_+0__gain_1.000__delay_0__slip_0.000__rot_+0.0::grid_4_5,known_action__shift_+0__gain_1.000__delay_0__slip_0.000__rot_+0.0,grid_4_5,0,2,"{""attachment_shifts"":[0],""contact_prior_weight"":0.12559111516356694,""delay_steps"":0,""gain_multiplier"":1.0,""rotation_degrees"":0.0,""slip_fraction"":0.0}","{""future_action_observed"":true,""prior_weight"":1.0,""proposal_id"":""known_action"",""provenance"":""released future controller trajectory""}","[7,27]",0.01978892377595923,0.0388338377236391,0.028821056039991903,0.0001643574905940984,-0.016637112748658773,0.013964839141866803,0.9018567639257294,0.03384800436929371,0.07947828327738826,4147,0.01910964272622054,0.03341607868951141,0.024701483232387147,0.00684263683420805,0.01573043531900418,0.008704477972810827,0.023428200805060376,0.041674939955107286,0.03334503698570266,0.025686643780683496,0.04377857785148719,0.03700672274930409,68867
expanded_bank,known_action__shift_+0__gain_1.000__delay_0__slip_0.000__rot_+0.0::grid_3_4,known_action__shift_+0__gain_1.000__delay_0__slip_0.000__rot_+0.0,grid_3_4,0,3,"{""attachment_shifts"":[0],""contact_prior_weight"":0.12559111516356694,""delay_steps"":0,""gain_multiplier"":1.0,""rotation_degrees"":0.0,""slip_fraction"":0.0}","{""future_action_observed"":true,""prior_weight"":1.0,""proposal_id"":""known_action"",""provenance"":""released future controller trajectory""}","[7,27]",0.01791461493299029,0.0363961476564483,0.026227844737709678,9.473932163608657e-06,-0.015954754940426537,0.009842712604003477,0.8931757897275139,0.030579392461210976,0.0663229519379233,4147,0.01663081893360361,0.030915142281201808,0.02168437820270835,0.006733306488543607,0.016476783518750048,0.008825491340970952,0.0209303095291766,0.03877503936991388,0.030153140723154632,0.023029408329280653,0.04046616148780762,0.03365326817978396,68867
expanded_bank,known_action__shift_-1__gain_1.000__delay_0__slip_0.000__rot_+0.0::grid_4_4,known_action__shift_-1__gain_1.000__delay_0__slip_0.000__rot_+0.0,grid_4_4,1,0,"{""attachment_shifts"":[-1],""contact_prior_weight"":0.026912381820764344,""delay_steps"":0,""gain_multiplier"":1.0,""rotation_degrees"":0.0,""slip_fraction"":0.0}","{""future_action_observed"":true,""prior_weight"":1.0,""proposal_id"":""known_action"",""provenance"":""released future controller trajectory""}","[7,27]",0.020143232345053892,0.04325299713807313,0.0295928535107899,0.0007604665778871408,-0.01736734046591382,0.008951680162202444,0.9274174101760309,0.03314136216503901,0.07675439014738134,4147,0.01882517981805585,0.0385258964669962,0.02460796530963763,0.007732851577676097,0.021845753948044663,0.010189809843002717,0.023091014341238846,0.04628135302026642,0.03305251497957549,0.025054510445689612,0.046814701051428195,0.036248946044042954,68867
expanded_bank,known_action__shift_-1__gain_1.000__delay_0__slip_0.000__rot_+0.0::grid_4_3,known_action__shift_-1__gain_1.000__delay_0__slip_0.000__rot_+0.0,grid_4_3,1,1,"{""attachment_shifts"":[-1],""contact_prior_weight"":0.026912381820764344,""delay_steps"":0,""gain_multiplier"":1.0,""rotation_degrees"":0.0,""slip_fraction"":0.0}","{""future_action_observed"":true,""prior_weight"":1.0,""proposal_id"":""known_action"",""provenance"":""released future controller trajectory""}","[7,27]",0.02003732276602536,0.04302231749802951,0.029330538137675215,-0.00020791757733546235,-0.016748139539956443,0.006540900870772615,0.930793344586448,0.032162623158741285,0.0733892963046468,4147,0.018350337430815263,0.03806906730690144,0.02391447031323907,0.008135400424851337,0.02270750439580261,0.01071624693355154,0.02256700912733543,0.045526528152343274,0.03232812619400637,0.02442734771434074,0.04601505690645189,0.035434201582984326,68867
expanded_bank,known_action__shift_-1__gain_1.000__delay_0__slip_0.000__rot_+0.0::grid_4_5,known_action__shift_-1__gain_1.000__delay_0__slip_0.000__rot_+0.0,grid_4_5,1,2,"{""attachment_shifts"":[-1],""contact_prior_weight"":0.026912381820764344,""delay_steps"":0,""gain_multiplier"":1.0,""rotation_degrees"":0.0,""slip_fraction"":0.0}","{""future_action_observed"":true,""prior_weight"":1.0,""proposal_id"":""known_action"",""provenance"":""released future controller trajectory""}","[7,27]",0.020004155620725023,0.041877664319267226,0.029299315810126476,0.0010421699050796077,-0.017364301163698824,0.010747651825818404,0.9020979020979021,0.03343401619652323,0.07792556956671322,4147,0.01894334896622755,0.03680180911212758,0.024466754532556548,0.007264712886617218,0.01871591064739331,0.009362789342423615,0.02322797034524157,0.045101153436138075,0.03303622023402606,0.025307303308708298,0.04632694538723827,0.036408891453138456,68867
expanded_bank,known_action__shift_-1__gain_1.000__delay_0__slip_0.000__rot_+0.0::grid_3_4,known_action__shift_-1__gain_1.000__delay_0__slip_0.000__rot_+0.0,grid_3_4,1,3,"{""attachment_shifts"":[-1],""contact_prior_weight"":0.026912381820764344,""delay_steps"":0,""gain_multiplier"":1.0,""rotation_degrees"":0.0,""slip_fraction"":0.0}","{""future_action_observed"":true,""prior_weight"":1.0,""proposal_id"":""known_action"",""provenance"":""released future controller trajectory""}","[7,27]",0.018368734250549825,0.04043537614286569,0.027149759824090805,0.0011725913228955072,-0.016446753504783678,0.005723912518672937,0.9180130214612974,0.030427064069572355,0.06471682222392755,4147,0.016693278802035888,0.035562682604883405,0.0218864556451035,0.007399841358576436,0.02107017914493613,0.00988115558831607,0.020951253261487973,0.043326321353114386,0.030250743659809263,0.022814992876713125,0.043794624853206905,0.03340768554028412,68867
expanded_bank,known_action__shift_+1__gain_1.000__delay_0__slip_0.000__rot_+0.0::grid_4_4,known_action__shift_+1__gain_1.000__delay_0__slip_0.000__rot_+0.0,grid_4_4,2,0,"{""attachment_shifts"":[1],""contact_prior_weight"":0.026912381820764344,""delay_steps"":0,""gain_multiplier"":1.0,""rotation_degrees"":0.0,""slip_fraction"":0.0}","{""future_action_observed"":true,""prior_weight"":1.0,""proposal_id"":""known_action"",""provenance"":""released future controller trajectory""}","[7,27]",0.01983335212532598,0.04096707499435429,0.02749317599171944,-0.009231309444916052,-0.023811992287986247,0.003138527859652325,0.9406800096455269,0.03531955204358665,0.08314284259175932,4147,0.020449551024592862,0.040505160796940054,0.026362370969940357,0.008051731868300065,0.017846018334687738,0.010117304786935977,0.024780126294393322,0.04920442255301522,0.035212868393507395,0.026164465048917278,0.0496311481563448,0.03754161577957504,68867
expanded_bank,known_action__shift_+1__gain_1.000__delay_0__slip_0.000__rot_+0.0::grid_4_3,known_action__shift_+1__gain_1.000__delay_0__slip_0.000__rot_+0.0,grid_4_3,2,1,"{""attachment_shifts"":[1],""contact_prior_weight"":0.026912381820764344,""delay_steps"":0,""gain_multiplier"":1.0,""rotation_degrees"":0.0,""slip_fraction"":0.0}","{""future_action_observed"":true,""prior_weight"":1.0,""proposal_id"":""known_action"",""provenance"":""released future controller trajectory""}","[7,27]",0.01960475438140598,0.040773340261844156,0.027149805576379367,-0.009953813608322943,-0.02324690213419291,0.0031274389660092346,0.939233180612491,0.03496138866150244,0.0821181054505975,4147,0.0201826470477679,0.040130301039550724,0.02599693082561388,0.008009505435474127,0.017748737340603164,0.010050343126449843,0.02451065701375535,0.048894497438258896,0.034838856190777284,0.025931487017170726,0.04942419622798453,0.03726699532383543,68867
expanded_bank,known_action__shift_+1__gain_1.000__delay_0__slip_0.000__rot_+0.0::grid_4_5,known_action__shift_+1__gain_1.000__delay_0__slip_0.000__rot_+0.0,grid_4_5,2,2,"{""attachment_shifts"":[1],""contact_prior_weight"":0.026912381820764344,""delay_steps"":0,""gain_multiplier"":1.0,""rotation_degrees"":0.0,""slip_fraction"":0.0}","{""future_action_observed"":true,""prior_weight"":1.0,""proposal_id"":""known_action"",""provenance"":""released future controller trajectory""}","[7,27]",0.01986879277275589,0.04097507039348531,0.027552786230027423,-0.009230245375781194,-0.023839362513546326,0.003166729192799889,0.9411622859898722,0.035380978511610955,0.08315616975394059,4147,0.02048553246917163,0.04046903434461591,0.026422219360184424,0.008027463980658603,0.017796799133266015,0.010087887402389159,0.024818323790230086,0.049154518697716656,0.03527777495924756,0.02622703205908196,0.04961631212113628,0.03764307822401116,68867
expanded_bank,known_action__shift_+1__gain_1.000__delay_0__slip_0.000__rot_+0.0::grid_3_4,known_action__shift_+1__gain_1.000__delay_0__slip_0.000__rot_+0.0,grid_3_4,2,3,"{""attachment_shifts"":[1],""contact_prior_weight"":0.026912381820764344,""delay_steps"":0,""gain_multiplier"":1.0,""rotation_degrees"":0.0,""slip_fraction"":0.0}","{""future_action_observed"":true,""prior_weight"":1.0,""proposal_id"":""known_action"",""provenance"":""released future controller trajectory""}","[7,27]",0.01809872077650045,0.03841168386446005,0.025161869060401975,-0.008859418338745905,-0.023790217541058166,0.0002666103869857707,0.9423679768507355,0.03379708579013579,0.07349191987505439,4147,0.018898573384706265,0.038965250933838506,0.02475528506795848,0.007716121039943713,0.017783714144103395,0.009877568124321634,0.023289667997400402,0.04778788318913331,0.03360396593254894,0.024401796159054783,0.04777639482867604,0.03539232206918214,68867
expanded_bank,known_action__shift_+0__gain_0.850__delay_0__slip_0.000__rot_+0.0::grid_4_4,known_action__shift_+0__gain_0.850__delay_0__slip_0.000__rot_+0.0,grid_4_4,3,0,"{""attachment_shifts"":[0],""contact_prior_weight"":0.05749980246398179,""delay_steps"":0,""gain_multiplier"":0.85,""rotation_degrees"":0.0,""slip_fraction"":0.0}","{""future_action_observed"":true,""prior_weight"":1.0,""proposal_id"":""known_action"",""provenance"":""released future controller trajectory""}","[7,27]",0.019764298253920287,0.039887894817843696,0.02884080074475554,0.00025623319381443355,-0.016209997522583897,0.012450856579754085,0.8917289606944779,0.03304295796385437,0.07770542022918916,4147,0.01875268736447053,0.033973080952273436,0.024251211701662372,0.0070368485228595595,0.017162503463689912,0.009065264982571025,0.02301981726767282,0.04185505802608642,0.0327094554593886,0.02520103898229825,0.043570358910262515,0.036284017527466635,68867
expanded_bank,known_action__shift_+0__gain_0.850__delay_0__slip_0.000__rot_+0.0::grid_4_3,known_action__shift_+0__gain_0.850__delay_0__slip_0.000__rot_+0.0,grid_4_3,3,1,"{""attachment_shifts"":[0],""contact_prior_weight"":0.05749980246398179,""delay_steps"":0,""gain_multiplier"":0.85,""rotation_degrees"":0.0,""slip_fraction"":0.0}","{""future_action_observed"":true,""prior_weight"":1.0,""proposal_id"":""known_action"",""provenance"":""released future controller trajectory""}","[7,27]",0.0198374553271573,0.042314566096754554,0.028900418226980213,-0.0009490891075243033,-0.016253983402970726,0.009533181392673904,0.9240414757656137,0.03207407468916588,0.07497189077906191,4147,0.01845280092085065,0.03707649207698126,0.024117562103422564,0.007892966706890056,0.021762544450855726,0.010406003685716241,0.02263145447995316,0.04435459316482865,0.032262329862050694,0.024651021802422988,0.04513795864802477,0.03565886250974662,68867
expanded_bank,known_action__shift_+0__gain_0.850__delay_0__slip_0.000__rot_+0.0::grid_4_5,known_action__shift_+0__gain_0.850__delay_0__slip_0.000__rot_+0.0,grid_4_5,3,2,"{""attachment_shifts"":[0],""contact_prior_weight"":0.05749980246398179,""delay_steps"":0,""gain_multiplier"":0.85,""rotation_degrees"":0.0,""slip_fraction"":0.0}","{""future_action_observed"":true,""prior_weight"":1.0,""proposal_id"":""known_action"",""provenance"":""released future controller trajectory""}","[7,27]",0.019795324881685967,0.03900310122456632,0.028842982518840203,0.00021945200552570403,-0.01653518389257412,0.013721854925893241,0.8996865203761756,0.03370821090040343,0.07921416080198009,4147,0.019052744546450166,0.03342335253672278,0.024626319015913552,0.006867447031747669,0.01589582300410311,0.008752146820333463,0.023361752429029003,0.04160575794733945,0.03323218130367487,0.025611527170277364,0.04365853256587461,0.03688485359716415,68867
expanded_bank,known_action__shift_+0__gain_0.850__delay_0__slip_0.000__rot_+0.0::grid_3_4,known_action__shift_+0__gain_0.850__delay_0__slip_0.000__rot_+0.0,grid_3_4,3,3,"{""attachment_shifts"":[0],""contact_prior_weight"":0.05749980246398179,""delay_steps"":0,""gain_multiplier"":0.85,""rotation_degrees"":0.0,""slip_fraction"":0.0}","{""future_action_observed"":true,""prior_weight"":1.0,""proposal_id"":""known_action"",""provenance"":""released future controller trajectory""}","[7,27]",0.017897568625667288,0.03689103138866596,0.026266493832606135,-5.219335826626795e-05,-0.0159768724861063,0.009048630024179615,0.8897998553170967,0.030313010080516144,0.06612541929580437,4147,0.016524004609392212,0.031602361510949584,0.021552172433812213,0.006817343104674706,0.017201922727499073,0.008968680399490881,0.02080152055363457,0.0394237520807821,0.029951646497917272,0.022860219583225233,0.04086014093291745,0.0334125665959736,68867
expanded_bank,known_action__shift_+0__gain_1.150__delay_0__slip_0.000__rot_+0.0::grid_4_4,known_action__shift_+0__gain_1.150__delay_0__slip_0.000__rot_+0.0,grid_4_4,4,0,"{""attachment_shifts"":[0],""contact_prior_weight"":0.05749980246398186,""delay_steps"":0,""gain_multiplier"":1.15,""rotation_degrees"":0.0,""slip_fraction"":0.0}","{""future_action_observed"":true,""prior_weight"":1.0,""proposal_id"":""known_action"",""provenance"":""released future controller trajectory""}","[7,27]",0.019765993574141164,0.039029003493197024,0.028782480057183875,0.00025034554901990367,-0.0164744186182318,0.01369140481627515,0.9004099348926935,0.03362681659384276,0.07905276386945141,4147,0.019011957413296005,0.03343373331842118,0.024572010456886843,0.00689340217399988,0.01602181323077183,0.008788221246731162,0.023316712271564267,0.04156187309880415,0.03317206907766036,0.025543931637097686,0.04357891995848888,0.0367824995990153,68867
expanded_bank,known_action__shift_+0__gain_1.150__delay_0__slip_0.000__rot_+0.0::grid_4_3,known_action__shift_+0__gain_1.150__delay_0__slip_0.000__rot_+0.0,grid_4_3,4,1,"{""attachment_shifts"":[0],""contact_prior_weight"":0.05749980246398186,""delay_steps"":0,""gain_multiplier"":1.15,""rotation_degrees"":0.0,""slip_fraction"":0.0}","{""future_action_observed"":true,""prior_weight"":1.0,""proposal_id"":""known_action"",""provenance"":""released future controller trajectory""}","[7,27]",0.01966850975649033,0.04029532549955448,0.028604501778031186,-0.00012123181121179693,-0.016485946101209112,0.012272748149236928,0.8946226187605498,0.03291305279775086,0.07779431792257684,4147,0.0187152871059158,0.034497523662704054,0.024235398957081423,0.007157702570781488,0.017874502065000342,0.009269365849526786,0.022970795163004133,0.04218622780395013,0.03265813738971435,0.02511487830135113,0.04390491513104121,0.03617508222710329,68867
expanded_bank,known_action__shift_+0__gain_1.150__delay_0__slip_0.000__rot_+0.0::grid_4_5,known_action__shift_+0__gain_1.150__delay_0__slip_0.000__rot_+0.0,grid_4_5,4,2,"{""attachment_shifts"":[0],""contact_prior_weight"":0.05749980246398186,""delay_steps"":0,""gain_multiplier"":1.15,""rotation_degrees"":0.0,""slip_fraction"":0.0}","{""future_action_observed"":true,""prior_weight"":1.0,""proposal_id"":""known_action"",""provenance"":""released future controller trajectory""}","[7,27]",0.01978349887556347,0.038748376920856885,0.02880645093056111,9.858897156266354e-05,-0.016779403267269465,0.014117628852111146,0.9023390402700747,0.033972378995096794,0.0796330667015507,4147,0.01916099841800362,0.03347324073338948,0.024778448869969515,0.006828687403722592,0.015636800215491894,0.008676905668113076,0.0234877700195598,0.041790730208944055,0.03345028899179769,0.025749661267262088,0.04392009847395817,0.03711192007910886,68867
expanded_bank,known_action__shift_+0__gain_1.150__delay_0__slip_0.000__rot_+0.0::grid_3_4,known_action__shift_+0__gain_1.150__delay_0__slip_0.000__rot_+0.0,grid_3_4,4,3,"{""attachment_shifts"":[0],""contact_prior_weight"":0.05749980246398186,""delay_steps"":0,""gain_multiplier"":1.15,""rotation_degrees"":0.0,""slip_fraction"":0.0}","{""future_action_observed"":true,""prior_weight"":1.0,""proposal_id"":""known_action"",""provenance"":""released future controller trajectory""}","[7,27]",0.017902030981141653,0.03618753900977623,0.026191953474888313,-6.096802580942375e-05,-0.016096062132184664,0.010092416853380299,0.8967928623101037,0.030717615890118354,0.06646587280388393,4147,0.01668431581521229,0.030826049068801552,0.021753026130494475,0.006706673375508898,0.016255375301561563,0.008775342414415035,0.02099517365931975,0.0387636280813481,0.030260105437786265,0.023101175621773506,0.040503009292658154,0.0337578502805872,68867
expanded_bank,known_action__shift_+0__gain_1.000__delay_2__slip_0.000__rot_+0.0::grid_4_4,known_action__shift_+0__gain_1.000__delay_2__slip_0.000__rot_+0.0,grid_4_4,5,0,"{""attachment_shifts"":[0],""contact_prior_weight"":0.0331054585298789,""delay_steps"":2,""gain_multiplier"":1.0,""rotation_degrees"":0.0,""slip_fraction"":0.0}","{""future_action_observed"":true,""prior_weight"":1.0,""proposal_id"":""known_action"",""provenance"":""released future controller trajectory""}","[7,27]",0.019788065122179094,0.039624993274525414,0.02939737385109757,0.002510542517380238,-0.017231842979947946,0.009374922393563362,0.9264528574873403,0.03361659546898018,0.07340936329664624,4147,0.018443930250458228,0.03415633066269011,0.024301351345742923,0.007040833026929906,0.016724311806504,0.009183602829132461,0.022846086243536273,0.04271481148531553,0.033116961177429835,0.024900578089339747,0.044197453138071524,0.036375301760725946,68867
expanded_bank,known_action__shift_+0__gain_1.000__delay_2__slip_0.000__rot_+0.0::grid_4_3,known_action__shift_+0__gain_1.000__delay_2__slip_0.000__rot_+0.0,grid_4_3,5,1,"{""attachment_shifts"":[0],""contact_prior_weight"":0.0331054585298789,""delay_steps"":2,""gain_multiplier"":1.0,""rotation_degrees"":0.0,""slip_fraction"":0.0}","{""future_action_observed"":true,""prior_weight"":1.0,""proposal_id"":""known_action"",""provenance"":""released future controller trajectory""}","[7,27]",0.019682671522260168,0.040815199151483406,0.029249207969551803,0.0019150884960717595,-0.017291099661885787,0.0075014331203914816,0.9368217988907644,0.03303879281608511,0.07087980937271224,4147,0.01814027167092773,0.03561833561232797,0.023924529181250712,0.007323035700033658,0.01864010129118713,0.00966724180743492,0.02251772535200012,0.044016822856124425,0.03267628376822547,0.02450218552868856,0.04520306671785197,0.035915912657344944,68867
expanded_bank,known_action__shift_+0__gain_1.000__delay_2__slip_0.000__rot_+0.0::grid_4_5,known_action__shift_+0__gain_1.000__delay_2__slip_0.000__rot_+0.0,grid_4_5,5,2,"{""attachment_shifts"":[0],""contact_prior_weight"":0.0331054585298789,""delay_steps"":2,""gain_multiplier"":1.0,""rotation_degrees"":0.0,""slip_fraction"":0.0}","{""future_action_observed"":true,""prior_weight"":1.0,""proposal_id"":""known_action"",""provenance"":""released future controller trajectory""}","[7,27]",0.01980253363725494,0.03932030107875584,0.029408447522249134,0.0023968034804601524,-0.017481351228536675,0.009822794772253153,0.9262117193151675,0.03384306325893529,0.07408424129724836,4147,0.018568695720815254,0.03410966606711854,0.02445986643500904,0.006987368777136666,0.016341623007956038,0.00909733075864021,0.022980068321635145,0.042758824889865286,0.033300785157727886,0.025060925374026814,0.04432398510176923,0.0365685580695423,68867
expanded_bank,known_action__shift_+0__gain_1.000__delay_2__slip_0.000__rot_+0.0::grid_3_4,known_action__shift_+0__gain_1.000__delay_2__slip_0.000__rot_+0.0,grid_3_4,5,3,"{""attachment_shifts"":[0],""contact_prior_weight"":0.0331054585298789,""delay_steps"":2,""gain_multiplier"":1.0,""rotation_degrees"":0.0,""slip_fraction"":0.0}","{""future_action_observed"":true,""prior_weight"":1.0,""proposal_id"":""known_action"",""provenance"":""released future controller trajectory""}","[7,27]",0.018072316041501443,0.036709865215478296,0.026952133607776523,0.0023911987443398907,-0.016700017068315896,0.005903466878098109,0.9228357849047504,0.0308949865485428,0.06393788849947872,4147,0.016428977654734327,0.031450946968484855,0.02166221812164604,0.006788745534892151,0.016590783780937805,0.009028056055253178,0.020810935779132296,0.03992445247881073,0.03035618860438427,0.022758322476452902,0.04125211987463908,0.03358148796136813,68867
expanded_bank,known_action__shift_+0__gain_1.000__delay_0__slip_0.200__rot_+0.0::grid_4_4,known_action__shift_+0__gain_1.000__delay_0__slip_0.200__rot_+0.0,grid_4_4,6,0,"{""attachment_shifts"":[0],""contact_prior_weight"":0.033105458529878895,""delay_steps"":0,""gain_multiplier"":1.0,""rotation_degrees"":0.0,""slip_fraction"":0.2}","{""future_action_observed"":true,""prior_weight"":1.0,""proposal_id"":""known_action"",""provenance"":""released future controller trajectory""}","[7,27]",0.020194158146653974,0.04194673557639625,0.030349701532915278,0.002685032691184637,-0.017846656920598628,0.00716611652027588,0.9462261876054979,0.03434049954042567,0.07206708685660464,4147,0.018627275069270022,0.03694014566369012,0.02521000961678389,0.007091486641346925,0.018068032553836304,0.00968228661270169,0.023097459164250562,0.045628678442721365,0.03402635387557416,0.02503102656080028,0.04652020382627396,0.03704399478327695,68867
expanded_bank,known_action__shift_+0__gain_1.000__delay_0__slip_0.200__rot_+0.0::grid_4_3,known_action__shift_+0__gain_1.000__delay_0__slip_0.200__rot_+0.0,grid_4_3,6,1,"{""attachment_shifts"":[0],""contact_prior_weight"":0.033105458529878895,""delay_steps"":0,""gain_multiplier"":1.0,""rotation_degrees"":0.0,""slip_fraction"":0.2}","{""future_action_observed"":true,""prior_weight"":1.0,""proposal_id"":""known_action"",""provenance"":""released future controller trajectory""}","[7,27]",0.02007554438782895,0.04257479508967544,0.030106282532534244,0.0025848698197734063,-0.017610888029485267,0.005493226794449825,0.9450204967446347,0.03377825624097149,0.07000534351912875,4147,0.018326509461916288,0.03754963905674833,0.024718466273629322,0.007267105039255022,0.01894491550557174,0.009918412568100757,0.022774861266980095,0.04620890450534122,0.03350190708760974,0.024670519547062095,0.04708282217692919,0.03655305017896381,68867
expanded_bank,known_action__shift_+0__gain_1.000__delay_0__slip_0.200__rot_+0.0::grid_4_5,known_action__shift_+0__gain_1.000__delay_0__slip_0.200__rot_+0.0,grid_4_5,6,2,"{""attachment_shifts"":[0],""contact_prior_weight"":0.033105458529878895,""delay_steps"":0,""gain_multiplier"":1.0,""rotation_degrees"":0.0,""slip_fraction"":0.2}","{""future_action_observed"":true,""prior_weight"":1.0,""proposal_id"":""known_action"",""provenance"":""released future controller trajectory""}","[7,27]",0.020215467506031586,0.041844445815698184,0.030381915109444154,0.002469974918353781,-0.018186102938044357,0.00760775086029364,0.9488787074993972,0.034577664696053084,0.07284813945184626,4147,0.018765696547852415,0.03703360419220817,0.025409682762694,0.007070103545783529,0.017931328291018615,0.009643631880278749,0.023242980078473908,0.045763619131977205,0.03424589121491992,0.025197254778765017,0.046673594198098904,0.03726173530511098,68867
expanded_bank,known_action__shift_+0__gain_1.000__delay_0__slip_0.200__rot_+0.0::grid_3_4,known_action__shift_+0__gain_1.000__delay_0__slip_0.200__rot_+0.0,grid_3_4,6,3,"{""attachment_shifts"":[0],""contact_prior_weight"":0.033105458529878895,""delay_steps"":0,""gain_multiplier"":1.0,""rotation_degrees"":0.0,""slip_fraction"":0.2}","{""future_action_observed"":true,""prior_weight"":1.0,""proposal_id"":""known_action"",""provenance"":""released future controller trajectory""}","[7,27]",0.018493684971983854,0.03906679697216995,0.0279078320557963,0.002738698324838224,-0.017077648022220285,0.0037774458552034336,0.9365806607185918,0.03160603968618003,0.06226401611234752,4147,0.016691126098773344,0.034101702240089016,0.022475102397576385,0.006843309592302554,0.01756738285640228,0.009398718646057128,0.021130268804121215,0.04274018786974414,0.031196862479801586,0.022957957834049265,0.04365835574850841,0.03419426696379516,68867
expanded_bank,known_action__shift_+0__gain_1.000__delay_0__slip_0.000__rot_-8.0::grid_4_4,known_action__shift_+0__gain_1.000__delay_0__slip_0.000__rot_-8.0,grid_4_4,7,0,"{""attachment_shifts"":[0],""contact_prior_weight"":0.05163205102224597,""delay_steps"":0,""gain_multiplier"":1.0,""rotation_degrees"":-8.0,""slip_fraction"":0.0}","{""future_action_observed"":true,""prior_weight"":1.0,""proposal_id"":""known_action"",""provenance"":""released future controller trajectory""}","[7,27]",0.019526160784203914,0.03847762706796364,0.02824124668551985,-0.0011753613766145481,-0.01489146054090819,0.014238573081594975,0.9030624547865927,0.03278259831996784,0.07867142085407353,4147,0.01861691706452281,0.032123551754769046,0.02370875329552798,0.006788063258143352,0.015523298886905425,0.00854578279894678,0.022874198708870908,0.04011789033559438,0.03231878558572674,0.02515657746333602,0.04247435790626419,0.03615339377812549,68867
expanded_bank,known_action__shift_+0__gain_1.000__delay_0__slip_0.000__rot_-8.0::grid_4_3,known_action__shift_+0__gain_1.000__delay_0__slip_0.000__rot_-8.0,grid_4_3,7,1,"{""attachment_shifts"":[0],""contact_prior_weight"":0.05163205102224597,""delay_steps"":0,""gain_multiplier"":1.0,""rotation_degrees"":-8.0,""slip_fraction"":0.0}","{""future_action_observed"":true,""prior_weight"":1.0,""proposal_id"":""known_action"",""provenance"":""released future controller trajectory""}","[7,27]",0.019413024307387197,0.04075227256961303,0.028092679069003673,-0.0018727500996468369,-0.015133194622592343,0.012046122821464807,0.9001687967205209,0.03185903572095754,0.07676521800759567,4147,0.018231114324471512,0.034624550085609586,0.02333357646198832,0.007186145008902328,0.018725792774556854,0.009256071994535143,0.022421911795744345,0.042178021546587466,0.031696264859403585,0.024580687944080158,0.043853501289177074,0.03537159211624276,68867
expanded_bank,known_action__shift_+0__gain_1.000__delay_0__slip_0.000__rot_-8.0::grid_4_5,known_action__shift_+0__gain_1.000__delay_0__slip_0.000__rot_-8.0,grid_4_5,7,2,"{""attachment_shifts"":[0],""contact_prior_weight"":0.05163205102224597,""delay_steps"":0,""gain_multiplier"":1.0,""rotation_degrees"":-8.0,""slip_fraction"":0.0}","{""future_action_observed"":true,""prior_weight"":1.0,""proposal_id"":""known_action"",""provenance"":""released future controller trajectory""}","[7,27]",0.0195037049147628,0.03804909656028133,0.02823270780010408,-0.0015413909391467568,-0.015507031518356265,0.01479230153881724,0.9102965999517724,0.03327722175638054,0.07945526578037233,4147,0.01882382980848476,0.03245039565017985,0.024017599546563045,0.006710600058191708,0.015106823133513062,0.008421429376648614,0.02311449482871663,0.04071557882074728,0.03272747828961435,0.025431174137397077,0.043189064992623635,0.03660888827175604,68867
expanded_bank,known_action__shift_+0__gain_1.000__delay_0__slip_0.000__rot_-8.0::grid_3_4,known_action__shift_+0__gain_1.000__delay_0__slip_0.000__rot_-8.0,grid_3_4,7,3,"{""attachment_shifts"":[0],""contact_prior_weight"":0.05163205102224597,""delay_steps"":0,""gain_multiplier"":1.0,""rotation_degrees"":-8.0,""slip_fraction"":0.0}","{""future_action_observed"":true,""prior_weight"":1.0,""proposal_id"":""known_action"",""provenance"":""released future controller trajectory""}","[7,27]",0.0176646028858431,0.0357336840048693,0.025675448721061794,-0.001398440592063964,-0.014484150018188107,0.010579099593898775,0.9011333494092115,0.029809817931700518,0.06616806920057651,4147,0.01623369840438534,0.02967416735745182,0.020887505432741812,0.00662232613402587,0.015916775863452,0.008580614275586353,0.020492097431287614,0.03740769967783749,0.029377685654004084,0.022651596850173775,0.0394311339145779,0.033079151598914794,68867
expanded_bank,known_action__shift_+0__gain_1.000__delay_0__slip_0.000__rot_+8.0::grid_4_4,known_action__shift_+0__gain_1.000__delay_0__slip_0.000__rot_+8.0,grid_4_4,8,0,"{""attachment_shifts"":[0],""contact_prior_weight"":0.05163205102224597,""delay_steps"":0,""gain_multiplier"":1.0,""rotation_degrees"":8.0,""slip_fraction"":0.0}","{""future_action_observed"":true,""prior_weight"":1.0,""proposal_id"":""known_action"",""provenance"":""released future controller trajectory""}","[7,27]",0.02006271445890098,0.04015349227698299,0.029463602238753238,0.0018880901696674028,-0.017468924753120403,0.012608352852621517,0.8977574149987944,0.03430269404984398,0.07881228983084437,4147,0.01928688593574053,0.03512837791789097,0.025347314549306638,0.007084914999801668,0.017158541597048813,0.009234142617710273,0.023630744892712458,0.0432817887888783,0.033929803595717754,0.025785933435219333,0.044884419726022785,0.03732076217558347,68867
expanded_bank,known_action__shift_+0__gain_1.000__delay_0__slip_0.000__rot_+8.0::grid_4_3,known_action__shift_+0__gain_1.000__delay_0__slip_0.000__rot_+8.0,grid_4_3,8,1,"{""attachment_shifts"":[0],""contact_prior_weight"":0.05163205102224597,""delay_steps"":0,""gain_multiplier"":1.0,""rotation_degrees"":8.0,""slip_fraction"":0.0}","{""future_action_observed"":true,""prior_weight"":1.0,""proposal_id"":""known_action"",""provenance"":""released future controller trajectory""}","[7,27]",0.020027868899074826,0.04261021261565323,0.029409026499308696,0.0009398418771907393,-0.0176962365320447,0.010293925837230546,0.9064383891970099,0.033466673016550486,0.07703677718569682,4147,0.018982866606332992,0.03787415799481283,0.02511294444904145,0.007644044753668101,0.021194496067556887,0.010170468551748569,0.02326192595358475,0.04548701398234612,0.03343674029941969,0.02529729466799194,0.04646553813786467,0.03672698840961666,68867
expanded_bank,known_action__shift_+0__gain_1.000__delay_0__slip_0.000__rot_+8.0::grid_4_5,known_action__shift_+0__gain_1.000__delay_0__slip_0.000__rot_+8.0,grid_4_5,8,2,"{""attachment_shifts"":[0],""contact_prior_weight"":0.05163205102224597,""delay_steps"":0,""gain_multiplier"":1.0,""rotation_degrees"":8.0,""slip_fraction"":0.0}","{""future_action_observed"":true,""prior_weight"":1.0,""proposal_id"":""known_action"",""provenance"":""released future controller trajectory""}","[7,27]",0.020073342651915675,0.03964658833220239,0.029461855862464855,0.001787232241699223,-0.017742301843969726,0.013194786957739053,0.9016156257535568,0.03466847134661286,0.07929766598347159,4147,0.01944396492767381,0.034950823810086545,0.025536839607419804,0.0069880856885732754,0.016446541441786592,0.00905941820435993,0.0238110837799828,0.04334054690712017,0.034207256947462995,0.026005714182449742,0.04509060765352577,0.03764279942871779,68867
expanded_bank,known_action__shift_+0__gain_1.000__delay_0__slip_0.000__rot_+8.0::grid_3_4,known_action__shift_+0__gain_1.000__delay_0__slip_0.000__rot_+8.0,grid_3_4,8,3,"{""attachment_shifts"":[0],""contact_prior_weight"":0.05163205102224597,""delay_steps"":0,""gain_multiplier"":1.0,""rotation_degrees"":8.0,""slip_fraction"":0.0}","{""future_action_observed"":true,""prior_weight"":1.0,""proposal_id"":""known_action"",""provenance"":""released future controller trajectory""}","[7,27]",0.01821633409942283,0.03721638557716774,0.026864743498192695,0.0015529641063226605,-0.017090724585700323,0.009119662512960845,0.8934169278996865,0.03145265206138493,0.06683184182034194,4147,0.017048599358276063,0.03231931447705255,0.022524663194423596,0.006879041490823053,0.017025377860813994,0.0091482346245787,0.021394526502476266,0.04039708281304368,0.031037316806204095,0.023436912664413983,0.04181210381834787,0.03435272983130386,68867
expanded_bank,known_action__shift_+0__gain_1.150__delay_0__slip_0.000__rot_-8.0::grid_4_4,known_action__shift_+0__gain_1.150__delay_0__slip_0.000__rot_-8.0,grid_4_4,9,0,"{""attachment_shifts"":[0],""contact_prior_weight"":0.0236388754946784,""delay_steps"":0,""gain_multiplier"":1.15,""rotation_degrees"":-8.0,""slip_fraction"":0.0}","{""future_action_observed"":true,""prior_weight"":1.0,""proposal_id"":""known_action"",""provenance"":""released future controller trajectory""}","[7,27]",0.01952778908492626,0.038337595630893055,0.02823205198550878,-0.001253083683666224,-0.015015095390838723,0.014494049188313702,0.9064383891970099,0.03295296523161804,0.07900765523261127,4147,0.01868839209454717,0.032151775697023266,0.02380568274809624,0.0067659468590768905,0.015386341530278841,0.008501282831113373,0.022957238581208704,0.040223704632458106,0.032459547772622506,0.025247440815540603,0.04262479451728359,0.03629806735384923,68867
expanded_bank,known_action__shift_+0__gain_1.150__delay_0__slip_0.000__rot_-8.0::grid_4_3,known_action__shift_+0__gain_1.150__delay_0__slip_0.000__rot_-8.0,grid_4_3,9,1,"{""attachment_shifts"":[0],""contact_prior_weight"":0.0236388754946784,""delay_steps"":0,""gain_multiplier"":1.15,""rotation_degrees"":-8.0,""slip_fraction"":0.0}","{""future_action_observed"":true,""prior_weight"":1.0,""proposal_id"":""known_action"",""provenance"":""released future controller trajectory""}","[7,27]",0.01940792099838871,0.039062015554734014,0.02800140154657573,-0.0014029937046880349,-0.0148559130242973,0.013156645561095996,0.9001687967205209,0.03213336189701736,0.07734395598364008,4147,0.01833905852051961,0.032518379544579146,0.023341482500466817,0.0069811912576774405,0.016499950569552925,0.008890017090401181,0.022551910916670165,0.04021026620192202,0.03182244424765003,0.024757001163397175,0.04233065768645852,0.03553971535622631,68867
expanded_bank,known_action__shift_+0__gain_1.150__delay_0__slip_0.000__rot_-8.0::grid_4_5,known_action__shift_+0__gain_1.150__delay_0__slip_0.000__rot_-8.0,grid_4_5,9,2,"{""attachment_shifts"":[0],""contact_prior_weight"":0.0236388754946784,""delay_steps"":0,""gain_multiplier"":1.15,""rotation_degrees"":-8.0,""slip_fraction"":0.0}","{""future_action_observed"":true,""prior_weight"":1.0,""proposal_id"":""known_action"",""provenance"":""released future controller trajectory""}","[7,27]",0.01950371719678833,0.03806432203169294,0.02822910336083299,-0.0016412808272027828,-0.01563915540064197,0.014925633671052988,0.9129491198456716,0.03340288248652032,0.07959538414989627,4147,0.018875934593653748,0.03251797153239548,0.024098010536859196,0.006700334861383158,0.015029863473756785,0.008399087739699987,0.023174961189169493,0.04082675202778942,0.03283606626469372,0.02549584199512865,0.043350416369308066,0.036719297580213,68867
expanded_bank,known_action__shift_+0__gain_1.150__delay_0__slip_0.000__rot_-8.0::grid_3_4,known_action__shift_+0__gain_1.150__delay_0__slip_0.000__rot_-8.0,grid_3_4,9,3,"{""attachment_shifts"":[0],""contact_prior_weight"":0.0236388754946784,""delay_steps"":0,""gain_multiplier"":1.15,""rotation_degrees"":-8.0,""slip_fraction"":0.0}","{""future_action_observed"":true,""prior_weight"":1.0,""proposal_id"":""known_action"",""provenance"":""released future controller trajectory""}","[7,27]",0.017657257220524098,0.035578918279894366,0.025650617314616358,-0.001470868498457139,-0.014609530023626053,0.010803818800782412,0.904991560163974,0.029948802476094338,0.06637419343973654,4147,0.016285779173820045,0.029639583036821206,0.020958180494547302,0.006602027733031274,0.015777177579740065,0.008541973000636817,0.020556106310829554,0.037437856869322605,0.029489132987529764,0.02272107724851694,0.03949732441316118,0.033187180343714436,68867
expanded_bank,known_action__shift_+0__gain_1.150__delay_0__slip_0.000__rot_+8.0::grid_4_4,known_action__shift_+0__gain_1.150__delay_0__slip_0.000__rot_+8.0,grid_4_4,10,0,"{""attachment_shifts"":[0],""contact_prior_weight"":0.0236388754946784,""delay_steps"":0,""gain_multiplier"":1.15,""rotation_degrees"":8.0,""slip_fraction"":0.0}","{""future_action_observed"":true,""prior_weight"":1.0,""proposal_id"":""known_action"",""provenance"":""released future controller trajectory""}","[7,27]",0.020053223024506794,0.03988712907547548,0.029431789092439667,0.0018588279173824705,-0.01758820686896717,0.01290277079290816,0.8987219676874849,0.03445332894940203,0.07894833600874647,4147,0.019350483260539206,0.035024236938688884,0.02542091062997981,0.007046159687222252,0.01683453264574314,0.009159183632601693,0.02370426837258201,0.04327103795104944,0.034043001244763144,0.025869440071650405,0.04493808527147442,0.03744047549111054,68867
expanded_bank,known_action__shift_+0__gain_1.150__delay_0__slip_0.000__rot_+8.0::grid_4_3,known_action__shift_+0__gain_1.150__delay_0__slip_0.000__rot_+8.0,grid_4_3,10,1,"{""attachment_shifts"":[0],""contact_prior_weight"":0.0236388754946784,""delay_steps"":0,""gain_multiplier"":1.15,""rotation_degrees"":8.0,""slip_fraction"":0.0}","{""future_action_observed"":true,""prior_weight"":1.0,""proposal_id"":""known_action"",""provenance"":""released future controller trajectory""}","[7,27]",0.01998245089130367,0.04151561293108065,0.02927703048737727,0.0014897971355117396,-0.01754063218909437,0.011418155868323556,0.8924523752109959,0.03371306252578278,0.07764116916200148,4147,0.01906846999800922,0.036393038684264106,0.025089034802174878,0.007359300864022983,0.019167345770460215,0.009703496990926175,0.02336780254539344,0.044155808943124916,0.03351723167295864,0.0254562436209521,0.04554195912878102,0.0368523707802549,68867
expanded_bank,known_action__shift_+0__gain_1.150__delay_0__slip_0.000__rot_+8.0::grid_4_5,known_action__shift_+0__gain_1.150__delay_0__slip_0.000__rot_+8.0,grid_4_5,10,2,"{""attachment_shifts"":[0],""contact_prior_weight"":0.0236388754946784,""delay_steps"":0,""gain_multiplier"":1.15,""rotation_degrees"":8.0,""slip_fraction"":0.0}","{""future_action_observed"":true,""prior_weight"":1.0,""proposal_id"":""known_action"",""provenance"":""released future controller trajectory""}","[7,27]",0.020068092407864807,0.039536337590788034,0.02944442781703726,0.0017475605376296732,-0.01785884266480992,0.013358989583446366,0.9020979020979021,0.03477791890054422,0.07951291572342982,4147,0.01949133123565762,0.034970267791065775,0.02560183018980221,0.006971342914737489,0.016320636582421274,0.00902507793403023,0.02386517567867146,0.04341583814908685,0.03429673011491427,0.026064618829865698,0.04519887788930801,0.03773505460998827,68867
expanded_bank,known_action__shift_+0__gain_1.150__delay_0__slip_0.000__rot_+8.0::grid_3_4,known_action__shift_+0__gain_1.150__delay_0__slip_0.000__rot_+8.0,grid_3_4,10,3,"{""attachment_shifts"":[0],""contact_prior_weight"":0.0236388754946784,""delay_steps"":0,""gain_multiplier"":1.15,""rotation_degrees"":8.0,""slip_fraction"":0.0}","{""future_action_observed"":true,""prior_weight"":1.0,""proposal_id"":""known_action"",""provenance"":""released future controller trajectory""}","[7,27]",0.018204813417974357,0.036976252865441823,0.026829535425073197,0.0014902068677990817,-0.017211175581795093,0.009377750385706447,0.8963105859657584,0.03157864010252651,0.06698396651830713,4147,0.017096071325729722,0.0322105149418802,0.022584107568683776,0.006846889519669519,0.01676961514491101,0.009089552691772211,0.02145253037493566,0.04036122602853114,0.031132570337743214,0.02350353043760605,0.041828298477762864,0.03444953815116232,68867
expanded_bank,known_action__shift_+0__gain_0.850__delay_0__slip_0.000__rot_-8.0::grid_4_4,known_action__shift_+0__gain_0.850__delay_0__slip_0.000__rot_-8.0,grid_4_4,11,0,"{""attachment_shifts"":[0],""contact_prior_weight"":0.023638875494678375,""delay_steps"":0,""gain_multiplier"":0.85,""rotation_degrees"":-8.0,""slip_fraction"":0.0}","{""future_action_observed"":true,""prior_weight"":1.0,""proposal_id"":""known_action"",""provenance"":""released future controller trajectory""}","[7,27]",0.019501359955451335,0.03889223214419412,0.028237759773503734,-0.0011626477609299952,-0.014723479426801073,0.013303885037665792,0.8955871714492404,0.03228917932312503,0.07787640072691825,4147,0.01840339197313308,0.03228524469793907,0.02341110343861052,0.0068768032208659175,0.01606769024530604,0.00871408378045303,0.022627675338539918,0.04013737155210775,0.031909916869760524,0.024877319652720453,0.042293511853961255,0.03571668222960007,68867
expanded_bank,known_action__shift_+0__gain_0.850__delay_0__slip_0.000__rot_-8.0::grid_4_3,known_action__shift_+0__gain_0.850__delay_0__slip_0.000__rot_-8.0,grid_4_3,11,1,"{""attachment_shifts"":[0],""contact_prior_weight"":0.023638875494678375,""delay_steps"":0,""gain_multiplier"":0.85,""rotation_degrees"":-8.0,""slip_fraction"":0.0}","{""future_action_observed"":true,""prior_weight"":1.0,""proposal_id"":""known_action"",""provenance"":""released future controller trajectory""}","[7,27]",0.019597204602058948,0.04217591263490242,0.028346807811692982,-0.0021997917617199944,-0.014743903514543516,0.010256225698278831,0.924523752109959,0.03126298573028496,0.07514358811018955,4147,0.01807647489171487,0.036503140352673664,0.023292164521030546,0.007727799217495696,0.02170834530514684,0.010039568011388545,0.022207830637412693,0.043612067377651026,0.03144454834914856,0.02428612465787847,0.04444030868976836,0.0350224638025282,68867
expanded_bank,known_action__shift_+0__gain_0.850__delay_0__slip_0.000__rot_-8.0::grid_4_5,known_action__shift_+0__gain_0.850__delay_0__slip_0.000__rot_-8.0,grid_4_5,11,2,"{""attachment_shifts"":[0],""contact_prior_weight"":0.023638875494678375,""delay_steps"":0,""gain_multiplier"":0.85,""rotation_degrees"":-8.0,""slip_fraction"":0.0}","{""future_action_observed"":true,""prior_weight"":1.0,""proposal_id"":""known_action"",""provenance"":""released future controller trajectory""}","[7,27]",0.019558889488760094,0.038333474747583224,0.02829714192864349,-0.001280117052934868,-0.015060301788289869,0.014517274828247906,0.9059561128526645,0.03302191127207409,0.07920179614498875,4147,0.018726834645034253,0.03216322400356578,0.02385946105232826,0.006742100752175726,0.015308930090843696,0.00847030514782257,0.02299893571568805,0.040270345089076384,0.03251072939505639,0.02531475641791333,0.04271972111466752,0.03640476657177756,68867
expanded_bank,known_action__shift_+0__gain_0.850__delay_0__slip_0.000__rot_-8.0::grid_3_4,known_action__shift_+0__gain_0.850__delay_0__slip_0.000__rot_-8.0,grid_3_4,11,3,"{""attachment_shifts"":[0],""contact_prior_weight"":0.023638875494678375,""delay_steps"":0,""gain_multiplier"":0.85,""rotation_degrees"":-8.0,""slip_fraction"":0.0}","{""future_action_observed"":true,""prior_weight"":1.0,""proposal_id"":""known_action"",""provenance"":""released future controller trajectory""}","[7,27]",0.01765168455390482,0.036111606507155676,0.025692202264408208,-0.0013484564411095589,-0.014329368149035146,0.009785933939735345,0.8951048951048951,0.029441088173635922,0.06556591444005566,4147,0.016082514826394955,0.02988945343314004,0.020670255244133146,0.006682044650811315,0.0163691559184391,0.00868711285966026,0.020311405106234505,0.037521417986020815,0.02907081435460931,0.02244201736348094,0.039377563643073335,0.03275675547216861,68867
expanded_bank,known_action__shift_+0__gain_0.850__delay_0__slip_0.000__rot_+8.0::grid_4_4,known_action__shift_+0__gain_0.850__delay_0__slip_0.000__rot_+8.0,grid_4_4,12,0,"{""attachment_shifts"":[0],""contact_prior_weight"":0.023638875494678375,""delay_steps"":0,""gain_multiplier"":0.85,""rotation_degrees"":8.0,""slip_fraction"":0.0}","{""future_action_observed"":true,""prior_weight"":1.0,""proposal_id"":""known_action"",""provenance"":""released future controller trajectory""}","[7,27]",0.02007035395421285,0.04096198222900596,0.02951419040735926,0.0018612607050616371,-0.0173177209887045,0.011641227418313313,0.8946226187605498,0.03391436487198304,0.07804873587957971,4147,0.019113848433323293,0.03572420555351569,0.025130837959130254,0.007218255751002326,0.01823866597926342,0.009473338666942771,0.0234331904998151,0.04371091685302561,0.03362977062908155,0.025548698181471277,0.045073761709565376,0.03698395614761998,68867
expanded_bank,known_action__shift_+0__gain_0.850__delay_0__slip_0.000__rot_+8.0::grid_4_3,known_action__shift_+0__gain_0.850__delay_0__slip_0.000__rot_+8.0,grid_4_3,12,1,"{""attachment_shifts"":[0],""contact_prior_weight"":0.023638875494678375,""delay_steps"":0,""gain_multiplier"":0.85,""rotation_degrees"":8.0,""slip_fraction"":0.0}","{""future_action_observed"":true,""prior_weight"":1.0,""proposal_id"":""known_action"",""provenance"":""released future controller trajectory""}","[7,27]",0.020049774784226985,0.04242330551316352,0.029437204092820475,0.000427566814198671,-0.017471409952018103,0.008870492930269099,0.9233180612490958,0.03294837410296002,0.07562401813297,4147,0.01877950270772889,0.03761443150849206,0.02482071412208797,0.007934874239000906,0.021506165881373735,0.010609506289225175,0.023022445791102096,0.04517809934869026,0.033076723381943424,0.02499357734851238,0.04597210137222884,0.03631273319171108,68867
expanded_bank,known_action__shift_+0__gain_0.850__delay_0__slip_0.000__rot_+8.0::grid_4_5,known_action__shift_+0__gain_0.850__delay_0__slip_0.000__rot_+8.0,grid_4_5,12,2,"{""attachment_shifts"":[0],""contact_prior_weight"":0.023638875494678375,""delay_steps"":0,""gain_multiplier"":0.85,""rotation_degrees"":8.0,""slip_fraction"":0.0}","{""future_action_observed"":true,""prior_weight"":1.0,""proposal_id"":""known_action"",""provenance"":""released future controller trajectory""}","[7,27]",0.020079168399604858,0.039840743530818595,0.029485023415691543,0.001831241163832109,-0.017659967532228506,0.012941151172931716,0.8992042440318302,0.03454194886868769,0.07908514285846181,4147,0.019391602840072523,0.03499901657449006,0.025470045200852946,0.0070176409254910895,0.01667771251136249,0.00911535229467622,0.023750230188212408,0.043313527994384274,0.034108251306048935,0.025934763043957598,0.045003460421083157,0.03753162034772573,68867
expanded_bank,known_action__shift_+0__gain_0.850__delay_0__slip_0.000__rot_+8.0::grid_3_4,known_action__shift_+0__gain_0.850__delay_0__slip_0.000__rot_+8.0,grid_3_4,12,3,"{""attachment_shifts"":[0],""contact_prior_weight"":0.023638875494678375,""delay_steps"":0,""gain_multiplier"":0.85,""rotation_degrees"":8.0,""slip_fraction"":0.0}","{""future_action_observed"":true,""prior_weight"":1.0,""proposal_id"":""known_action"",""provenance"":""released future controller trajectory""}","[7,27]",0.018224793800181625,0.03786150050285597,0.026937003235942652,0.0015020860144132537,-0.01702308529439914,0.008267998369321234,0.8938992042440318,0.031183121603420336,0.06594325583141789,4147,0.016943080788270514,0.03290036223445933,0.022391117150207872,0.006983135827656721,0.017804174827598784,0.009333856937071967,0.0212668037055219,0.040893801230687817,0.030835756246324002,0.02326866769929663,0.04210753080865658,0.03411830632306371,68867
expanded_bank,known_action__shift_+0__gain_1.150__delay_2__slip_0.000__rot_+0.0::grid_4_4,known_action__shift_+0__gain_1.150__delay_2__slip_0.000__rot_+0.0,grid_4_4,13,0,"{""attachment_shifts"":[0],""contact_prior_weight"":0.015156783371725232,""delay_steps"":2,""gain_multiplier"":1.15,""rotation_degrees"":0.0,""slip_fraction"":0.0}","{""future_action_observed"":true,""prior_weight"":1.0,""proposal_id"":""known_action"",""provenance"":""released future controller trajectory""}","[7,27]",0.01977907353666494,0.03946596528503128,0.029370694132434656,0.0024709654249574294,-0.017339128421524182,0.009603157046649973,0.9254883047986496,0.033692047424203134,0.07355534910836307,4147,0.018491643103930942,0.03411459605596102,0.024358447299886215,0.007024841375559353,0.01656641857744899,0.009151926059309947,0.022895464759921793,0.04270302119387194,0.033174381474286155,0.024958158899462363,0.044227713677175706,0.036442628744307246,68867
expanded_bank,known_action__shift_+0__gain_1.150__delay_2__slip_0.000__rot_+0.0::grid_4_3,known_action__shift_+0__gain_1.150__delay_2__slip_0.000__rot_+0.0,grid_4_3,13,1,"{""attachment_shifts"":[0],""contact_prior_weight"":0.015156783371725232,""delay_steps"":2,""gain_multiplier"":1.15,""rotation_degrees"":0.0,""slip_fraction"":0.0}","{""future_action_observed"":true,""prior_weight"":1.0,""proposal_id"":""known_action"",""provenance"":""released future controller trajectory""}","[7,27]",0.019649242538306223,0.03998943451699815,0.02915957011214289,0.0020547806228464953,-0.017487505040975335,0.008464331121263689,0.9293465155534121,0.033266049592993875,0.07191041973067774,4147,0.01827281280456607,0.034882286771184046,0.024075751120656966,0.0071970111366164114,0.017628241113801946,0.00946009269360174,0.022656552063984356,0.04337455749177992,0.032827723637386466,0.024677850035470596,0.04477486848330575,0.036114320285713666,68867
expanded_bank,known_action__shift_+0__gain_1.150__delay_2__slip_0.000__rot_+0.0::grid_4_5,known_action__shift_+0__gain_1.150__delay_2__slip_0.000__rot_+0.0,grid_4_5,13,2,"{""attachment_shifts"":[0],""contact_prior_weight"":0.015156783371725232,""delay_steps"":2,""gain_multiplier"":1.15,""rotation_degrees"":0.0,""slip_fraction"":0.0}","{""future_action_observed"":true,""prior_weight"":1.0,""proposal_id"":""known_action"",""provenance"":""released future controller trajectory""}","[7,27]",0.019796034750750764,0.03923122953954642,0.02939262709484212,0.002343312556204488,-0.017597156670569863,0.00995268769683963,0.9262117193151675,0.03390953934553099,0.0743047619442236,4147,0.01860714618644258,0.03413078695913655,0.024511936555150618,0.00697874369459036,0.016266662764648932,0.009081149549739738,0.023020686382572465,0.04280232234673878,0.03335527416281272,0.025105751517998123,0.044389483864620764,0.036626990979902005,68867
expanded_bank,known_action__shift_+0__gain_1.150__delay_2__slip_0.000__rot_+0.0::grid_3_4,known_action__shift_+0__gain_1.150__delay_2__slip_0.000__rot_+0.0,grid_3_4,13,3,"{""attachment_shifts"":[0],""contact_prior_weight"":0.015156783371725232,""delay_steps"":2,""gain_multiplier"":1.15,""rotation_degrees"":0.0,""slip_fraction"":0.0}","{""future_action_observed"":true,""prior_weight"":1.0,""proposal_id"":""known_action"",""provenance"":""released future controller trajectory""}","[7,27]",0.01805887543937838,0.03655033887550369,0.026919019289989413,0.0023413947079014385,-0.016803070152716506,0.00610468868365897,0.9206655413551965,0.030951282426092956,0.06408913748015488,4147,0.01645998083583621,0.031380675981638635,0.021700629263379113,0.006774321824982588,0.016444721899086787,0.009002272204228326,0.020844355479478893,0.03988069836805075,0.030397064044420472,0.02279877656138768,0.041243339881022696,0.03362854974194059,68867
expanded_bank,known_action__shift_+0__gain_1.150__delay_0__slip_0.200__rot_+0.0::grid_4_4,known_action__shift_+0__gain_1.150__delay_0__slip_0.200__rot_+0.0,grid_4_4,14,0,"{""attachment_shifts"":[0],""contact_prior_weight"":0.01515678337172523,""delay_steps"":0,""gain_multiplier"":1.15,""rotation_degrees"":0.0,""slip_fraction"":0.2}","{""future_action_observed"":true,""prior_weight"":1.0,""proposal_id"":""known_action"",""provenance"":""released future controller trajectory""}","[7,27]",0.020193333769359847,0.041929621549444816,0.03034216573694091,0.002562086707255511,-0.018005656679491545,0.007409879116351925,0.9479141548107065,0.034425019800126126,0.07229952810971281,4147,0.018688743504383085,0.03704376399211648,0.025292390001856072,0.007101337427873462,0.018083426721188414,0.009689817430515134,0.02315877411433567,0.04574552666254965,0.03410742427036726,0.025100867846371826,0.046656995420524,0.03713695315606693,68867
expanded_bank,known_action__shift_+0__gain_1.150__delay_0__slip_0.200__rot_+0.0::grid_4_3,known_action__shift_+0__gain_1.150__delay_0__slip_0.200__rot_+0.0,grid_4_3,14,1,"{""attachment_shifts"":[0],""contact_prior_weight"":0.01515678337172523,""delay_steps"":0,""gain_multiplier"":1.15,""rotation_degrees"":0.0,""slip_fraction"":0.2}","{""future_action_observed"":true,""prior_weight"":1.0,""proposal_id"":""known_action"",""provenance"":""released future controller trajectory""}","[7,27]",0.020067763316507864,0.042231791948194805,0.030077871952119785,0.0025098259354688875,-0.017799854096619994,0.0063525126607287055,0.9467084639498433,0.033946572251649564,0.0709910515407233,4147,0.01843913804762355,0.0371766599463863,0.02488338460069476,0.007210146955034999,0.01856183626773158,0.009834428852344949,0.022888380041512786,0.04583895986910172,0.03365287476431335,0.02482475392220205,0.04682868159490707,0.03675673642668688,68867
expanded_bank,known_action__shift_+0__gain_1.150__delay_0__slip_0.200__rot_+0.0::grid_4_5,known_action__shift_+0__gain_1.150__delay_0__slip_0.200__rot_+0.0,grid_4_5,14,2,"{""attachment_shifts"":[0],""contact_prior_weight"":0.01515678337172523,""delay_steps"":0,""gain_multiplier"":1.15,""rotation_degrees"":0.0,""slip_fraction"":0.2}","{""future_action_observed"":true,""prior_weight"":1.0,""proposal_id"":""known_action"",""provenance"":""released future controller trajectory""}","[7,27]",0.02020599500955331,0.04178097270398904,0.030363240340370898,0.002422615154233835,-0.018271908673507715,0.007721816650996777,0.9498432601880877,0.034614498147000045,0.07301601242397539,4147,0.018790585029448293,0.03702878989790651,0.025439707470945965,0.007063483663054728,0.017891169727355914,0.009631465453950765,0.023268038637642176,0.04576737209764828,0.03427570518523805,0.02522778318756242,0.046691888608843726,0.03729779283845529,68867
expanded_bank,known_action__shift_+0__gain_1.150__delay_0__slip_0.200__rot_+0.0::grid_3_4,known_action__shift_+0__gain_1.150__delay_0__slip_0.200__rot_+0.0,grid_3_4,14,3,"{""attachment_shifts"":[0],""contact_prior_weight"":0.01515678337172523,""delay_steps"":0,""gain_multiplier"":1.15,""rotation_degrees"":0.0,""slip_fraction"":0.2}","{""future_action_observed"":true,""prior_weight"":1.0,""proposal_id"":""known_action"",""provenance"":""released future controller trajectory""}","[7,27]",0.01848012970063445,0.03897890651469831,0.027881473437879504,0.002674375229978132,-0.017180892194588078,0.003962654328669857,0.9365806607185918,0.03164910055061349,0.06238800268683325,4147,0.016714202795253052,0.034049601349500344,0.022509686336456364,0.006831934391562284,0.017503118089597727,0.009379483273693371,0.02115485405336971,0.04269270853088528,0.0312329069677941,0.022991280026455486,0.04363152888741299,0.034238075705856935,68867
expanded_bank,known_action__shift_+0__gain_0.850__delay_2__slip_0.000__rot_+0.0::grid_4_4,known_action__shift_+0__gain_0.850__delay_2__slip_0.000__rot_+0.0,grid_4_4,15,0,"{""attachment_shifts"":[0],""contact_prior_weight"":0.015156783371725215,""delay_steps"":2,""gain_multiplier"":0.85,""rotation_degrees"":0.0,""slip_fraction"":0.0}","{""future_action_observed"":true,""prior_weight"":1.0,""proposal_id"":""known_action"",""provenance"":""released future controller trajectory""}","[7,27]",0.019778496444401775,0.04002104045295739,0.029418526784349863,0.002589035319132077,-0.017052810287662912,0.008529432674328924,0.9312756209307933,0.033365089484104805,0.07264254069449375,4147,0.01828879421434646,0.03444713697774133,0.0240976156414177,0.007108298663351867,0.017227647141435355,0.00930947124577321,0.022684939417598072,0.04294787093909807,0.032912872583907564,0.02469996049636228,0.0442727893658207,0.03611595666121904,68867
expanded_bank,known_action__shift_+0__gain_0.850__delay_2__slip_0.000__rot_+0.0::grid_4_3,known_action__shift_+0__gain_0.850__delay_2__slip_0.000__rot_+0.0,grid_4_3,15,1,"{""attachment_shifts"":[0],""contact_prior_weight"":0.015156783371725215,""delay_steps"":2,""gain_multiplier"":0.85,""rotation_degrees"":0.0,""slip_fraction"":0.0}","{""future_action_observed"":true,""prior_weight"":1.0,""proposal_id"":""known_action"",""provenance"":""released future controller trajectory""}","[7,27]",0.0197819161152079,0.04250479997238713,0.029406869806389683,0.001791933941730569,-0.017014743842722176,0.006038718576012105,0.9373040752351097,0.03276730806649321,0.0697266130518732,4147,0.01802147665292104,0.03748338435301498,0.023833422774900925,0.007591632431825061,0.020993702553882162,0.010053476966988184,0.022384155652995657,0.045618596421341244,0.0325452365677222,0.024304591262773675,0.04637366451169467,0.03568424065012947,68867
expanded_bank,known_action__shift_+0__gain_0.850__delay_2__slip_0.000__rot_+0.0::grid_4_5,known_action__shift_+0__gain_0.850__delay_2__slip_0.000__rot_+0.0,grid_4_5,15,2,"{""attachment_shifts"":[0],""contact_prior_weight"":0.015156783371725215,""delay_steps"":2,""gain_multiplier"":0.85,""rotation_degrees"":0.0,""slip_fraction"":0.0}","{""future_action_observed"":true,""prior_weight"":1.0,""proposal_id"":""known_action"",""provenance"":""released future controller trajectory""}","[7,27]",0.019812888403980197,0.039461022784882914,0.029435408590669256,0.0024581028394294728,-0.017373570164206268,0.009610700161969932,0.9286231010368942,0.033769863773417695,0.0737662833176305,4147,0.018524626051716685,0.03412551644457798,0.024404603170758304,0.007004437836872036,0.01647031314702314,0.009128374065418263,0.02293396613576192,0.04274664670352244,0.03324456013243864,0.025006468199702467,0.0442725879382682,0.03650054632724049,68867
expanded_bank,known_action__shift_+0__gain_0.850__delay_2__slip_0.000__rot_+0.0::grid_3_4,known_action__shift_+0__gain_0.850__delay_2__slip_0.000__rot_+0.0,grid_3_4,15,3,"{""attachment_shifts"":[0],""contact_prior_weight"":0.015156783371725215,""delay_steps"":2,""gain_multiplier"":0.85,""rotation_degrees"":0.0,""slip_fraction"":0.0}","{""future_action_observed"":true,""prior_weight"":1.0,""proposal_id"":""known_action"",""provenance"":""released future controller trajectory""}","[7,27]",0.018074753571941507,0.03696564510939975,0.027001328061066164,0.0024333126957873288,-0.01661667761248295,0.005195007268113259,0.9283819628647215,0.030763848265476342,0.06350438541447685,4147,0.016351707895846904,0.031720888816148936,0.02156329497968048,0.006836483615121988,0.016867857643684446,0.009108335097684106,0.020729312869522534,0.0401955734172897,0.030257665040426335,0.02263871170084346,0.0414155020483962,0.03343316534685494,68867
expanded_bank,known_action__shift_+0__gain_0.850__delay_0__slip_0.200__rot_+0.0::grid_4_4,known_action__shift_+0__gain_0.850__delay_0__slip_0.200__rot_+0.0,grid_4_4,16,0,"{""attachment_shifts"":[0],""contact_prior_weight"":0.015156783371725213,""delay_steps"":0,""gain_multiplier"":0.85,""rotation_degrees"":0.0,""slip_fraction"":0.2}","{""future_action_observed"":true,""prior_weight"":1.0,""proposal_id"":""known_action"",""provenance"":""released future controller trajectory""}","[7,27]",0.02020143043038016,0.04217346685108917,0.030379050204271608,0.0027727917066977786,-0.017581139788254756,0.00637713961450662,0.9428502531950808,0.034140323563480734,0.07126508991272695,4147,0.01849323139749594,0.036916522714462253,0.025023705762269657,0.007120755612796317,0.018155779098598217,0.00972673834404682,0.02296189694592809,0.04555723768982419,0.033843037890937795,0.024860513175421796,0.04640988863371581,0.036816861432053184,68867
expanded_bank,known_action__shift_+0__gain_0.850__delay_0__slip_0.200__rot_+0.0::grid_4_3,known_action__shift_+0__gain_0.850__delay_0__slip_0.200__rot_+0.0,grid_4_3,16,1,"{""attachment_shifts"":[0],""contact_prior_weight"":0.015156783371725213,""delay_steps"":0,""gain_multiplier"":0.85,""rotation_degrees"":0.0,""slip_fraction"":0.2}","{""future_action_observed"":true,""prior_weight"":1.0,""proposal_id"":""known_action"",""provenance"":""released future controller trajectory""}","[7,27]",0.020109510924237767,0.043287799732513316,0.03017824310575426,0.002458552347779827,-0.01738879405594384,0.0041967412999730155,0.9406800096455269,0.03357537984739422,0.06889499945162135,4147,0.01820560853601163,0.038350634771308977,0.024547634091982833,0.007368705091788121,0.019701329142665976,0.010073276769391518,0.022651008548125837,0.04701633148976542,0.03332967521292486,0.024484750869078042,0.0477120437678162,0.03629698125983578,68867
expanded_bank,known_action__shift_+0__gain_0.850__delay_0__slip_0.200__rot_+0.0::grid_4_5,known_action__shift_+0__gain_0.850__delay_0__slip_0.200__rot_+0.0,grid_4_5,16,2,"{""attachment_shifts"":[0],""contact_prior_weight"":0.015156783371725213,""delay_steps"":0,""gain_multiplier"":0.85,""rotation_degrees"":0.0,""slip_fraction"":0.2}","{""future_action_observed"":true,""prior_weight"":1.0,""proposal_id"":""known_action"",""provenance"":""released future controller trajectory""}","[7,27]",0.02022543448862207,0.041884671087063584,0.03040466643110738,0.0025722210749320133,-0.01805349224107355,0.007400130133138037,0.9481552929828791,0.034518488262380374,0.07254224813390037,4147,0.018720481163077514,0.03697705089360896,0.02535316832393468,0.007067196429707428,0.017934954670362453,0.009646122936243397,0.023198501604664325,0.0456959845898561,0.034191625672071756,0.02514411235815714,0.04658559197823308,0.037195214700805834,68867
expanded_bank,known_action__shift_+0__gain_0.850__delay_0__slip_0.200__rot_+0.0::grid_3_4,known_action__shift_+0__gain_0.850__delay_0__slip_0.200__rot_+0.0,grid_3_4,16,3,"{""attachment_shifts"":[0],""contact_prior_weight"":0.015156783371725213,""delay_steps"":0,""gain_multiplier"":0.85,""rotation_degrees"":0.0,""slip_fraction"":0.2}","{""future_action_observed"":true,""prior_weight"":1.0,""proposal_id"":""known_action"",""provenance"":""released future controller trajectory""}","[7,27]",0.01851214021978049,0.03926020466872525,0.02796105235534193,0.002768577461533163,-0.01690774897745325,0.0030821631760775585,0.9351338316855559,0.03149499560364185,0.062064663088887896,4147,0.01662715158463604,0.0344218413801565,0.022367779147625146,0.00687116087100063,0.017794642484896393,0.009445283115590088,0.021064462435102172,0.0431200044055555,0.031096296128118258,0.022853445074548787,0.043908574458925514,0.034049383091089465,68867
expanded_bank,known_action__shift_+0__gain_1.000__delay_2__slip_0.000__rot_-8.0::grid_4_4,known_action__shift_+0__gain_1.000__delay_2__slip_0.000__rot_-8.0,grid_4_4,17,0,"{""attachment_shifts"":[0],""contact_prior_weight"":0.013610060884509221,""delay_steps"":2,""gain_multiplier"":1.0,""rotation_degrees"":-8.0,""slip_fraction"":0.0}","{""future_action_observed"":true,""prior_weight"":1.0,""proposal_id"":""known_action"",""provenance"":""released future controller trajectory""}","[7,27]",0.01950494394235274,0.03870350705398509,0.02879681416941719,0.001154282072357023,-0.016105052001259994,0.01000978883390248,0.9100554617795997,0.03270305520965228,0.07350812242292394,4147,0.018026109644389745,0.03247043974934122,0.023451093751298214,0.006914142386281692,0.01607824438627816,0.00887880779686333,0.022377290975064735,0.040887031583708766,0.032195158673065945,0.024494542948796712,0.04269682592224533,0.03564733309299472,68867
expanded_bank,known_action__shift_+0__gain_1.000__delay_2__slip_0.000__rot_-8.0::grid_4_3,known_action__shift_+0__gain_1.000__delay_2__slip_0.000__rot_-8.0,grid_4_3,17,1,"{""attachment_shifts"":[0],""contact_prior_weight"":0.013610060884509221,""delay_steps"":2,""gain_multiplier"":1.0,""rotation_degrees"":-8.0,""slip_fraction"":0.0}","{""future_action_observed"":true,""prior_weight"":1.0,""proposal_id"":""known_action"",""provenance"":""released future controller trajectory""}","[7,27]",0.019367724273813246,0.03953908352108632,0.028596739992697438,0.0007204713349430241,-0.016115757212589156,0.008192328392579506,0.9305522064142754,0.03206531154661075,0.07097456434387102,4147,0.017681789839666357,0.033554240491262655,0.023001502081548834,0.007156819739662377,0.017495093252556628,0.009301608959579278,0.02200512958843021,0.04186588314862954,0.0316893035302989,0.02404832249018784,0.04335325653686177,0.035109395474767206,68867
expanded_bank,known_action__shift_+0__gain_1.000__delay_2__slip_0.000__rot_-8.0::grid_4_5,known_action__shift_+0__gain_1.000__delay_2__slip_0.000__rot_-8.0,grid_4_5,17,2,"{""attachment_shifts"":[0],""contact_prior_weight"":0.013610060884509221,""delay_steps"":2,""gain_multiplier"":1.0,""rotation_degrees"":-8.0,""slip_fraction"":0.0}","{""future_action_observed"":true,""prior_weight"":1.0,""proposal_id"":""known_action"",""provenance"":""released future controller trajectory""}","[7,27]",0.019524910199541536,0.03846866141193732,0.028820149081954214,0.000999829169208188,-0.016350640062338963,0.010433338126932484,0.9102965999517724,0.03293705009448865,0.07415367030900377,4147,0.018154103571262264,0.03249794501626531,0.023616991654126607,0.006863788632600214,0.015806430475061292,0.008798313086178056,0.022515653726442236,0.040993906117809245,0.032388135369487425,0.024661022625046512,0.042883484235471996,0.035855261390480085,68867
expanded_bank,known_action__shift_+0__gain_1.000__delay_2__slip_0.000__rot_-8.0::grid_3_4,known_action__shift_+0__gain_1.000__delay_2__slip_0.000__rot_-8.0,grid_3_4,17,3,"{""attachment_shifts"":[0],""contact_prior_weight"":0.013610060884509221,""delay_steps"":2,""gain_multiplier"":1.0,""rotation_degrees"":-8.0,""slip_fraction"":0.0}","{""future_action_observed"":true,""prior_weight"":1.0,""proposal_id"":""known_action"",""provenance"":""released future controller trajectory""}","[7,27]",0.01777697073494049,0.03593498777676673,0.026348192839717153,0.0011371712512157136,-0.015538571406311501,0.006488083272463666,0.911261152640463,0.029924240387532063,0.06299900873998415,4147,0.01594219944508211,0.02989996462520406,0.020786931343702714,0.006670580285465182,0.016179351557017486,0.008757006695090726,0.020272293488789492,0.03817547185816504,0.029400296235753465,0.022279056798477224,0.03977547454616585,0.032800277012662186,68867
expanded_bank,known_action__shift_+0__gain_1.000__delay_2__slip_0.000__rot_+8.0::grid_4_4,known_action__shift_+0__gain_1.000__delay_2__slip_0.000__rot_+8.0,grid_4_4,18,0,"{""attachment_shifts"":[0],""contact_prior_weight"":0.013610060884509221,""delay_steps"":2,""gain_multiplier"":1.0,""rotation_degrees"":8.0,""slip_fraction"":0.0}","{""future_action_observed"":true,""prior_weight"":1.0,""proposal_id"":""known_action"",""provenance"":""released future controller trajectory""}","[7,27]",0.02010765753695108,0.04062650893541607,0.030065684759800048,0.003956296586841968,-0.018061318144001717,0.008716085979264845,0.939956595129009,0.0345483128863672,0.07334636765242518,4147,0.018859437492757935,0.03601966393700116,0.025201423303983537,0.007189968032944838,0.017493672617318594,0.009555487899909515,0.023315140470302104,0.044661063430795796,0.03407374966077507,0.02530732332015613,0.04587731447060416,0.03716309045665644,68867
expanded_bank,known_action__shift_+0__gain_1.000__delay_2__slip_0.000__rot_+8.0::grid_4_3,known_action__shift_+0__gain_1.000__delay_2__slip_0.000__rot_+8.0,grid_4_3,18,1,"{""attachment_shifts"":[0],""contact_prior_weight"":0.013610060884509221,""delay_steps"":2,""gain_multiplier"":1.0,""rotation_degrees"":8.0,""slip_fraction"":0.0}","{""future_action_observed"":true,""prior_weight"":1.0,""proposal_id"":""known_action"",""provenance"":""released future controller trajectory""}","[7,27]",0.020011146259201935,0.041873886488112196,0.02991675942025741,0.00322958804637178,-0.0182116377356239,0.006802527894173655,0.9421268386785628,0.03399332166327437,0.07084434245107057,4147,0.018590866380095612,0.037463906886018056,0.024843641593508506,0.007494021140248584,0.01952024380506468,0.010049637283986832,0.023019602498272264,0.04593356221352678,0.03364599496573286,0.024946451136542074,0.04690782080000236,0.03672359686724796,68867
expanded_bank,known_action__shift_+0__gain_1.000__delay_2__slip_0.000__rot_+8.0::grid_4_5,known_action__shift_+0__gain_1.000__delay_2__slip_0.000__rot_+8.0,grid_4_5,18,2,"{""attachment_shifts"":[0],""contact_prior_weight"":0.013610060884509221,""delay_steps"":2,""gain_multiplier"":1.0,""rotation_degrees"":8.0,""slip_fraction"":0.0}","{""future_action_observed"":true,""prior_weight"":1.0,""proposal_id"":""known_action"",""provenance"":""released future controller trajectory""}","[7,27]",0.020116803689923246,0.040271193275835525,0.030066478282373705,0.0038629425231388164,-0.018299949299854543,0.009186245012612441,0.9404388714733543,0.03476112528933932,0.07387676393201383,4147,0.01897566541534559,0.03591469854970636,0.025345841825090056,0.007129970878124462,0.017023384455253657,0.009456053387522626,0.023439673908730092,0.04465697505106062,0.03424219341070064,0.02545778313364631,0.04595641794780004,0.03733827032434801,68867
expanded_bank,known_action__shift_+0__gain_1.000__delay_2__slip_0.000__rot_+8.0::grid_3_4,known_action__shift_+0__gain_1.000__delay_2__slip_0.000__rot_+8.0,grid_3_4,18,3,"{""attachment_shifts"":[0],""contact_prior_weight"":0.013610060884509221,""delay_steps"":2,""gain_multiplier"":1.0,""rotation_degrees"":8.0,""slip_fraction"":0.0}","{""future_action_observed"":true,""prior_weight"":1.0,""proposal_id"":""known_action"",""provenance"":""released future controller trajectory""}","[7,27]",0.018410529493881268,0.037654320529692045,0.027617777860071167,0.0037493884758646352,-0.017554965364430436,0.005293044671420557,0.9341692789968652,0.031854241853920814,0.06470169125983846,4147,0.01691676105406171,0.03319591306702244,0.02256525810960475,0.006946749074746148,0.017153919064742812,0.00937859389286134,0.02134708281021217,0.041810774149778594,0.031318049442238316,0.023238712882969012,0.04291380226899145,0.03439815501257754,68867
expanded_bank,known_action__shift_+0__gain_1.000__delay_0__slip_0.200__rot_-8.0::grid_4_4,known_action__shift_+0__gain_1.000__delay_0__slip_0.200__rot_-8.0,grid_4_4,19,0,"{""attachment_shifts"":[0],""contact_prior_weight"":0.01361006088450922,""delay_steps"":0,""gain_multiplier"":1.0,""rotation_degrees"":-8.0,""slip_fraction"":0.2}","{""future_action_observed"":true,""prior_weight"":1.0,""proposal_id"":""known_action"",""provenance"":""released future controller trajectory""}","[7,27]",0.01991611702987271,0.041165915796041064,0.02975992084353358,0.0014649694362367722,-0.016721211842120207,0.007724194379705218,0.9462261876054979,0.03338575523007476,0.07249191247203515,4147,0.01817198559876346,0.03539828540299987,0.02433062411495703,0.006946509926934223,0.017509126496521647,0.009396931949255298,0.02259323934555347,0.04397857139778117,0.033096150065477725,0.02458495008191032,0.04504261737786458,0.03627322721637853,68867
expanded_bank,known_action__shift_+0__gain_1.000__delay_0__slip_0.200__rot_-8.0::grid_4_3,known_action__shift_+0__gain_1.000__delay_0__slip_0.200__rot_-8.0,grid_4_3,19,1,"{""attachment_shifts"":[0],""contact_prior_weight"":0.01361006088450922,""delay_steps"":0,""gain_multiplier"":1.0,""rotation_degrees"":-8.0,""slip_fraction"":0.2}","{""future_action_observed"":true,""prior_weight"":1.0,""proposal_id"":""known_action"",""provenance"":""released future controller trajectory""}","[7,27]",0.019781245480994657,0.041678793197338596,0.029499968014236686,0.0014097795854963293,-0.016424235996325122,0.006045818783797578,0.9428502531950808,0.03277727194249079,0.07013786824215555,4147,0.017827328302475583,0.035862232298886694,0.02379703018265324,0.007089167568698544,0.018270388292973606,0.009599580497285872,0.02222752010194641,0.044403418977089514,0.032528128689505935,0.024179945313317113,0.04542997448459143,0.03573234808332726,68867
expanded_bank,known_action__shift_+0__gain_1.000__delay_0__slip_0.200__rot_-8.0::grid_4_5,known_action__shift_+0__gain_1.000__delay_0__slip_0.200__rot_-8.0,grid_4_5,19,2,"{""attachment_shifts"":[0],""contact_prior_weight"":0.01361006088450922,""delay_steps"":0,""gain_multiplier"":1.0,""rotation_degrees"":-8.0,""slip_fraction"":0.2}","{""future_action_observed"":true,""prior_weight"":1.0,""proposal_id"":""known_action"",""provenance"":""released future controller trajectory""}","[7,27]",0.019925722429691324,0.04098190948545673,0.029770924560342596,0.0013042218565256771,-0.01702170539370033,0.008105153022754875,0.946949602122016,0.033591361195752886,0.07333070897472928,4147,0.018289215401280125,0.035347805058811084,0.02449307424083845,0.006906541858749317,0.017304916319002685,0.009333711600339446,0.022717366321227735,0.04396143041262973,0.033278533279846326,0.024731085691739867,0.04504927405584085,0.03645343554243208,68867
expanded_bank,known_action__shift_+0__gain_1.000__delay_0__slip_0.200__rot_-8.0::grid_3_4,known_action__shift_+0__gain_1.000__delay_0__slip_0.200__rot_-8.0,grid_3_4,19,3,"{""attachment_shifts"":[0],""contact_prior_weight"":0.01361006088450922,""delay_steps"":0,""gain_multiplier"":1.0,""rotation_degrees"":-8.0,""slip_fraction"":0.2}","{""future_action_observed"":true,""prior_weight"":1.0,""proposal_id"":""known_action"",""provenance"":""released future controller trajectory""}","[7,27]",0.01818947071297683,0.038202832627042556,0.027292630511207568,0.0016270473671543481,-0.01588434935642393,0.004272237567169157,0.9346515553412105,0.030592865731222448,0.06180668449098197,4147,0.016146787148686784,0.032384901441069765,0.02154804532636855,0.006677786108706545,0.017040637852546815,0.00909943126344527,0.02054087296016528,0.04087003874711717,0.030213741467177518,0.022428011074493714,0.04195490119553032,0.03336522513980144,68867
expanded_bank,known_action__shift_+0__gain_1.000__delay_0__slip_0.200__rot_+8.0::grid_4_4,known_action__shift_+0__gain_1.000__delay_0__slip_0.200__rot_+8.0,grid_4_4,20,0,"{""attachment_shifts"":[0],""contact_prior_weight"":0.01361006088450922,""delay_steps"":0,""gain_multiplier"":1.0,""rotation_degrees"":8.0,""slip_fraction"":0.2}","{""future_action_observed"":true,""prior_weight"":1.0,""proposal_id"":""known_action"",""provenance"":""released future controller trajectory""}","[7,27]",0.020505830210613064,0.04274615589844881,0.030980448036285725,0.0040308830000126495,-0.01869781089989634,0.006588843637020866,0.9438148058837714,0.035274485082231424,0.07196767305992437,4147,0.019085154342304782,0.03830084091336754,0.02608872289874538,0.007257122349562376,0.01844603019003175,0.010002568269182973,0.02359898464313428,0.047051365477536015,0.03494177325042389,0.02547636353738357,0.047851452796134133,0.03782143905691051,68867
expanded_bank,known_action__shift_+0__gain_1.000__delay_0__slip_0.200__rot_+8.0::grid_4_3,known_action__shift_+0__gain_1.000__delay_0__slip_0.200__rot_+8.0,grid_4_3,20,1,"{""attachment_shifts"":[0],""contact_prior_weight"":0.01361006088450922,""delay_steps"":0,""gain_multiplier"":1.0,""rotation_degrees"":8.0,""slip_fraction"":0.2}","{""future_action_observed"":true,""prior_weight"":1.0,""proposal_id"":""known_action"",""provenance"":""released future controller trajectory""}","[7,27]",0.02039828698304526,0.04353625955907083,0.030759777159902205,0.0037044195035747366,-0.0186379574125825,0.004888060304339468,0.9430913913672534,0.034783602601175474,0.07034631352574545,4147,0.01883977239618232,0.03932513509250334,0.025666351611242873,0.007463401473075584,0.01962113550602451,0.010274044173802585,0.023332807013863418,0.048088962211429734,0.03448802307020063,0.025171745284610095,0.048849404679973805,0.037401913399063215,68867
expanded_bank,known_action__shift_+0__gain_1.000__delay_0__slip_0.200__rot_+8.0::grid_4_5,known_action__shift_+0__gain_1.000__delay_0__slip_0.200__rot_+8.0,grid_4_5,20,2,"{""attachment_shifts"":[0],""contact_prior_weight"":0.01361006088450922,""delay_steps"":0,""gain_multiplier"":1.0,""rotation_degrees"":8.0,""slip_fraction"":0.2}","{""future_action_observed"":true,""prior_weight"":1.0,""proposal_id"":""known_action"",""provenance"":""released future controller trajectory""}","[7,27]",0.02052204561748153,0.04266243046570744,0.031005178418686177,0.003908407321942193,-0.01896894351910936,0.007040100528336498,0.946949602122016,0.03548656831061758,0.07251999307723021,4147,0.019200038495002316,0.038356609430117636,0.0262537503122983,0.007212457807710322,0.018252573430996583,0.009929733137923148,0.02372145688648741,0.047139619960127534,0.035129348848189135,0.02562019875399919,0.047966749364635256,0.03800620382854741,68867
expanded_bank,known_action__shift_+0__gain_1.000__delay_0__slip_0.200__rot_+8.0::grid_3_4,known_action__shift_+0__gain_1.000__delay_0__slip_0.200__rot_+8.0,grid_3_4,20,3,"{""attachment_shifts"":[0],""contact_prior_weight"":0.01361006088450922,""delay_steps"":0,""gain_multiplier"":1.0,""rotation_degrees"":8.0,""slip_fraction"":0.2}","{""future_action_observed"":true,""prior_weight"":1.0,""proposal_id"":""known_action"",""provenance"":""released future controller trajectory""}","[7,27]",0.01883580653330004,0.039873012607903296,0.028577484630595066,0.003872109776880423,-0.018040339761977286,0.003255051349281421,0.9397154569568362,0.0326143832870042,0.06328297113047635,4147,0.01723956085712592,0.035849783763260236,0.023418231505990917,0.007028788560887888,0.01809588347769407,0.009727717286785051,0.0217209981002867,0.04466366900688629,0.03218888724785997,0.023492167872060432,0.04540878143871024,0.035055520532810906,68867
expanded_bank,known_action__shift_-1__gain_1.150__delay_0__slip_0.000__rot_+0.0::grid_4_4,known_action__shift_-1__gain_1.150__delay_0__slip_0.000__rot_+0.0,grid_4_4,21,0,"{""attachment_shifts"":[-1],""contact_prior_weight"":0.012321386242281827,""delay_steps"":0,""gain_multiplier"":1.15,""rotation_degrees"":0.0,""slip_fraction"":0.0}","{""future_action_observed"":true,""prior_weight"":1.0,""proposal_id"":""known_action"",""provenance"":""released future controller trajectory""}","[7,27]",0.020088281960109547,0.043207866641855164,0.02944994741178197,0.0011068539798286914,-0.017190171891757138,0.009551102102895425,0.9156016397395708,0.033130019346779414,0.07740039023781235,4147,0.018820962033537232,0.03803384107925169,0.024447736852110068,0.0075359448177377344,0.020971915275759225,0.009846981724543824,0.023083673184795497,0.045961641542889696,0.03291524070572323,0.025092657338665534,0.04669426356888021,0.03619143250326978,68867
expanded_bank,known_action__shift_-1__gain_1.150__delay_0__slip_0.000__rot_+0.0::grid_4_3,known_action__shift_-1__gain_1.150__delay_0__slip_0.000__rot_+0.0,grid_4_3,21,1,"{""attachment_shifts"":[-1],""contact_prior_weight"":0.012321386242281827,""delay_steps"":0,""gain_multiplier"":1.15,""rotation_degrees"":0.0,""slip_fraction"":0.0}","{""future_action_observed"":true,""prior_weight"":1.0,""proposal_id"":""known_action"",""provenance"":""released future controller trajectory""}","[7,27]",0.020041652817828298,0.04274286757489156,0.029357999786193714,9.038306619233283e-05,-0.017164017972433554,0.007582440474045475,0.9312756209307933,0.03254112515255304,0.0746839145261321,4147,0.018549790286202027,0.03791882522014911,0.02423895053042748,0.008011026962353562,0.022265271138948925,0.010577996811369006,0.022782366197055485,0.045419300266176334,0.03262100135348155,0.02469186990141327,0.04593871916067829,0.03580107381121139,68867
expanded_bank,known_action__shift_-1__gain_1.150__delay_0__slip_0.000__rot_+0.0::grid_4_5,known_action__shift_-1__gain_1.150__delay_0__slip_0.000__rot_+0.0,grid_4_5,21,2,"{""attachment_shifts"":[-1],""contact_prior_weight"":0.012321386242281827,""delay_steps"":0,""gain_multiplier"":1.15,""rotation_degrees"":0.0,""slip_fraction"":0.0}","{""future_action_observed"":true,""prior_weight"":1.0,""proposal_id"":""known_action"",""provenance"":""released future controller trajectory""}","[7,27]",0.01995100553774605,0.04055102471822339,0.02918296494509929,0.0009597961547139214,-0.017452038767136725,0.011333697045175431,0.8951048951048951,0.033539741842119115,0.07842929794959111,4147,0.01900635895692616,0.035641139358661825,0.02447721501639316,0.007177163208820027,0.01725079101045923,0.009178237484309808,0.02329574653881114,0.04410997100899513,0.03307503371229376,0.02540027198955905,0.04554303656236116,0.03649137042363528,68867
expanded_bank,known_action__shift_-1__gain_1.150__delay_0__slip_0.000__rot_+0.0::grid_3_4,known_action__shift_-1__gain_1.150__delay_0__slip_0.000__rot_+0.0,grid_3_4,21,3,"{""attachment_shifts"":[-1],""contact_prior_weight"":0.012321386242281827,""delay_steps"":0,""gain_multiplier"":1.15,""rotation_degrees"":0.0,""slip_fraction"":0.0}","{""future_action_observed"":true,""prior_weight"":1.0,""proposal_id"":""known_action"",""provenance"":""released future controller trajectory""}","[7,27]",0.01829455484826553,0.04005167197337624,0.027000697838247566,0.0012355076635602537,-0.016584195980626004,0.006442907143149589,0.911984567156981,0.030529075545229413,0.06542840400699582,4147,0.016727658194300606,0.03528069086068163,0.021859525200472057,0.007265139500976207,0.02050738187906842,0.009650051124023373,0.020993215564830806,0.0431716183903608,0.03025092682083195,0.02289513773388031,0.04376254432977513,0.03347064719224234,68867
expanded_bank,known_action__shift_+1__gain_1.150__delay_0__slip_0.000__rot_+0.0::grid_4_4,known_action__shift_+1__gain_1.150__delay_0__slip_0.000__rot_+0.0,grid_4_4,22,0,"{""attachment_shifts"":[1],""contact_prior_weight"":0.012321386242281827,""delay_steps"":0,""gain_multiplier"":1.15,""rotation_degrees"":0.0,""slip_fraction"":0.0}","{""future_action_observed"":true,""prior_weight"":1.0,""proposal_id"":""known_action"",""provenance"":""released future controller trajectory""}","[7,27]",0.01982964915994644,0.04094365719439417,0.02748606506139186,-0.009243860028423414,-0.023851629223567705,0.0032016315590709023,0.9409211478176995,0.03533843855115702,0.0831465666109872,4147,0.020463532585800404,0.040484788705156684,0.02638073525327651,0.008044786790769714,0.017825291744516462,0.010107451544879867,0.024794116015050636,0.04917696599934583,0.035232562367354975,0.02618103473995299,0.04960906819872974,0.03756625942375858,68867
expanded_bank,known_action__shift_+1__gain_1.150__delay_0__slip_0.000__rot_+0.0::grid_4_3,known_action__shift_+1__gain_1.150__delay_0__slip_0.000__rot_+0.0,grid_4_3,22,1,"{""attachment_shifts"":[1],""contact_prior_weight"":0.012321386242281827,""delay_steps"":0,""gain_multiplier"":1.15,""rotation_degrees"":0.0,""slip_fraction"":0.0}","{""future_action_observed"":true,""prior_weight"":1.0,""proposal_id"":""known_action"",""provenance"":""released future controller trajectory""}","[7,27]",0.01960410510724342,0.04073297041574325,0.027145348729789076,-0.009971763095882914,-0.023316893027774677,0.0033332473871759702,0.9387509042681457,0.03499195867490453,0.08214780793882795,4147,0.020218114007005773,0.0400976660609038,0.026025639650823686,0.00799836830748753,0.017704417170994958,0.010035385550475728,0.02454374943524834,0.04884659099555692,0.03486930550381606,0.025972431145121377,0.04939022229649055,0.03731703358610029,68867
expanded_bank,known_action__shift_+1__gain_1.150__delay_0__slip_0.000__rot_+0.0::grid_4_5,known_action__shift_+1__gain_1.150__delay_0__slip_0.000__rot_+0.0,grid_4_5,22,2,"{""attachment_shifts"":[1],""contact_prior_weight"":0.012321386242281827,""delay_steps"":0,""gain_multiplier"":1.15,""rotation_degrees"":0.0,""slip_fraction"":0.0}","{""future_action_observed"":true,""prior_weight"":1.0,""proposal_id"":""known_action"",""provenance"":""released future controller trajectory""}","[7,27]",0.019867347065489555,0.04096356625584301,0.027550289980222565,-0.009241999362808307,-0.023876263219319505,0.003210430350263837,0.9411622859898722,0.03540259314984929,0.08320237769569604,4147,0.020499023158972042,0.04046271589139296,0.026443089497176372,0.008022582314327979,0.01778824685139266,0.010081607342179728,0.024832316302459148,0.04914203879876215,0.035300444288088,0.026243291970312443,0.049608097471052,0.037669714669283504,68867
expanded_bank,known_action__shift_+1__gain_1.150__delay_0__slip_0.000__rot_+0.0::grid_3_4,known_action__shift_+1__gain_1.150__delay_0__slip_0.000__rot_+0.0,grid_3_4,22,3,"{""attachment_shifts"":[1],""contact_prior_weight"":0.012321386242281827,""delay_steps"":0,""gain_multiplier"":1.15,""rotation_degrees"":0.0,""slip_fraction"":0.0}","{""future_action_observed"":true,""prior_weight"":1.0,""proposal_id"":""known_action"",""provenance"":""released future controller trajectory""}","[7,27]",0.018095043703932775,0.03839388515843678,0.025154492631565797,-0.0088795726787251,-0.023813720507091483,0.0003255622804642338,0.9433325295394261,0.03380709040212462,0.07353861336626989,4147,0.018906677564214904,0.038943936566805164,0.02476481733867681,0.007711416913624142,0.01776614259174979,0.009870033272305777,0.023297624385952582,0.047759641752928565,0.03361466305740298,0.024412272085292893,0.04775381857191119,0.03540783786805767,68867
expanded_bank,known_action__shift_-1__gain_0.850__delay_0__slip_0.000__rot_+0.0::grid_4_4,known_action__shift_-1__gain_0.850__delay_0__slip_0.000__rot_+0.0,grid_4_4,23,0,"{""attachment_shifts"":[-1],""contact_prior_weight"":0.012321386242281813,""delay_steps"":0,""gain_multiplier"":0.85,""rotation_degrees"":0.0,""slip_fraction"":0.0}","{""future_action_observed"":true,""prior_weight"":1.0,""proposal_id"":""known_action"",""provenance"":""released future controller trajectory""}","[7,27]",0.02018459782133568,0.043159389722720036,0.02966312502238629,0.00045670657366821745,-0.017170456222872672,0.007828186404027538,0.9327224499638292,0.03284732695033118,0.07547167570744898,4147,0.01868617942049548,0.03849047812544719,0.024458939372601466,0.007969675387480071,0.02236789491223223,0.010543801665684884,0.022938814396850193,0.04610864151830423,0.03290890499476776,0.02483022412834906,0.046485728313779354,0.03598893132405136,68867
expanded_bank,known_action__shift_-1__gain_0.850__delay_0__slip_0.000__rot_+0.0::grid_4_3,known_action__shift_-1__gain_0.850__delay_0__slip_0.000__rot_+0.0,grid_4_3,23,1,"{""attachment_shifts"":[-1],""contact_prior_weight"":0.012321386242281813,""delay_steps"":0,""gain_multiplier"":0.85,""rotation_degrees"":0.0,""slip_fraction"":0.0}","{""future_action_observed"":true,""prior_weight"":1.0,""proposal_id"":""known_action"",""provenance"":""released future controller trajectory""}","[7,27]",0.02013031717430153,0.04416594173058603,0.029341000854476322,-0.001371950390987012,-0.016323440395273423,0.004989044996628221,0.932240173619484,0.03160818490363066,0.07195863170894062,4147,0.01827932427649476,0.03909971276641653,0.02385473903823915,0.008661202714633713,0.02417307802594953,0.011491597509984103,0.02242704121372002,0.0464680008072451,0.03211082064518219,0.024179650357057655,0.04682423050084986,0.035055779782871485,68867
expanded_bank,known_action__shift_-1__gain_0.850__delay_0__slip_0.000__rot_+0.0::grid_4_5,known_action__shift_-1__gain_0.850__delay_0__slip_0.000__rot_+0.0,grid_4_5,23,2,"{""attachment_shifts"":[-1],""contact_prior_weight"":0.012321386242281813,""delay_steps"":0,""gain_multiplier"":0.85,""rotation_degrees"":0.0,""slip_fraction"":0.0}","{""future_action_observed"":true,""prior_weight"":1.0,""proposal_id"":""known_action"",""provenance"":""released future controller trajectory""}","[7,27]",0.020099740500713753,0.04315081506959005,0.029472133438257907,0.0011108903616808162,-0.017237790189239693,0.009837640943690667,0.9151193633952255,0.0332644342174207,0.07736299221828664,4147,0.018872718797007314,0.037954900544305135,0.02448026617368348,0.007454833545001227,0.020610965398441594,0.009704514969476294,0.023145578209303866,0.04597120560756296,0.0329976604729005,0.02518100714361255,0.04678836408536512,0.03629252392977149,68867
expanded_bank,known_action__shift_-1__gain_0.850__delay_0__slip_0.000__rot_+0.0::grid_3_4,known_action__shift_-1__gain_0.850__delay_0__slip_0.000__rot_+0.0,grid_3_4,23,3,"{""attachment_shifts"":[-1],""contact_prior_weight"":0.012321386242281813,""delay_steps"":0,""gain_multiplier"":0.85,""rotation_degrees"":0.0,""slip_fraction"":0.0}","{""future_action_observed"":true,""prior_weight"":1.0,""proposal_id"":""known_action"",""provenance"":""released future controller trajectory""}","[7,27]",0.018385532375453557,0.04006040603138429,0.027221308919478653,0.0008340857511269754,-0.01626991978736328,0.004594900347814002,0.9230769230769231,0.030160618644075318,0.06393635196199904,4147,0.016578736442351423,0.035607593756766115,0.021770923825173906,0.007576404162923701,0.02158150712968937,0.010158522608176606,0.020821483299070062,0.043235631954095584,0.0301213531105915,0.022610451401453756,0.04344780004956543,0.033157838136830334,68867
expanded_bank,known_action__shift_+1__gain_0.850__delay_0__slip_0.000__rot_+0.0::grid_4_4,known_action__shift_+1__gain_0.850__delay_0__slip_0.000__rot_+0.0,grid_4_4,24,0,"{""attachment_shifts"":[1],""contact_prior_weight"":0.012321386242281813,""delay_steps"":0,""gain_multiplier"":0.85,""rotation_degrees"":0.0,""slip_fraction"":0.0}","{""future_action_observed"":true,""prior_weight"":1.0,""proposal_id"":""known_action"",""provenance"":""released future controller trajectory""}","[7,27]",0.019835566505616607,0.041018054467847585,0.027497323861365032,-0.009205233822434863,-0.02366418455429106,0.002906405527888463,0.9401977333011816,0.03524103342054185,0.08302008302780146,4147,0.020391520198111395,0.0405313141425231,0.026288202851242434,0.008064191452183584,0.017891203481761635,0.010134622403177938,0.02472196222817552,0.04925329633919122,0.03513206669068402,0.026094710356368366,0.04966001487772703,0.03743607214900757,68867
expanded_bank,known_action__shift_+1__gain_0.850__delay_0__slip_0.000__rot_+0.0::grid_4_3,known_action__shift_+1__gain_0.850__delay_0__slip_0.000__rot_+0.0,grid_4_3,24,1,"{""attachment_shifts"":[1],""contact_prior_weight"":0.012321386242281813,""delay_steps"":0,""gain_multiplier"":0.85,""rotation_degrees"":0.0,""slip_fraction"":0.0}","{""future_action_observed"":true,""prior_weight"":1.0,""proposal_id"":""known_action"",""provenance"":""released future controller trajectory""}","[7,27]",0.019606718628234345,0.040829554434410185,0.027157636453399515,-0.009931459199347223,-0.023172500469958956,0.0028815207130932392,0.9394743187846636,0.034932824436092635,0.08203146063016835,4147,0.02014449487083424,0.040183130618779296,0.025970000238978195,0.008024166708915063,0.017807915591993715,0.010070481616715662,0.024475648221438294,0.04896564933537396,0.034810369844917616,0.025886927593040208,0.049478552021565404,0.037214648421544885,68867
expanded_bank,known_action__shift_+1__gain_0.850__delay_0__slip_0.000__rot_+0.0::grid_4_5,known_action__shift_+1__gain_0.850__delay_0__slip_0.000__rot_+0.0,grid_4_5,24,2,"{""attachment_shifts"":[1],""contact_prior_weight"":0.012321386242281813,""delay_steps"":0,""gain_multiplier"":0.85,""rotation_degrees"":0.0,""slip_fraction"":0.0}","{""future_action_observed"":true,""prior_weight"":1.0,""proposal_id"":""known_action"",""provenance"":""released future controller trajectory""}","[7,27]",0.019871052249947046,0.04099478189663594,0.027557806318576634,-0.009218245683715529,-0.023816479066908532,0.003123548604471186,0.9409211478176995,0.03537142190231719,0.08314864713161228,4147,0.020476324102294535,0.040486315699499856,0.026413500263467442,0.008032771109678588,0.017815608483714,0.010094352994343268,0.024809497086631403,0.049175743733374584,0.03526847619760834,0.026216493771714776,0.04963283534374883,0.037630580919680696,68867
expanded_bank,known_action__shift_+1__gain_0.850__delay_0__slip_0.000__rot_+0.0::grid_3_4,known_action__shift_+1__gain_0.850__delay_0__slip_0.000__rot_+0.0,grid_3_4,24,3,"{""attachment_shifts"":[1],""contact_prior_weight"":0.012321386242281813,""delay_steps"":0,""gain_multiplier"":0.85,""rotation_degrees"":0.0,""slip_fraction"":0.0}","{""future_action_observed"":true,""prior_weight"":1.0,""proposal_id"":""known_action"",""provenance"":""released future controller trajectory""}","[7,27]",0.018102630674327623,0.038438202232198855,0.025172062314874587,-0.008829992142286285,-0.02367220609778477,4.9850909366036884e-05,0.9414034241620448,0.033741941960067134,0.0732746941348691,4147,0.018857140658849292,0.038990521001424,0.024704107895516903,0.007721925963182992,0.0178214694891911,0.009887255455488218,0.02324837126822234,0.04783580101248558,0.033546938608306674,0.02435054793356854,0.04780452185638158,0.0353133301019856,68867
expanded_bank,known_action__shift_-1__gain_1.000__delay_0__slip_0.000__rot_-8.0::grid_4_4,known_action__shift_-1__gain_1.000__delay_0__slip_0.000__rot_-8.0,grid_4_4,25,0,"{""attachment_shifts"":[-1],""contact_prior_weight"":0.011064010933338421,""delay_steps"":0,""gain_multiplier"":1.0,""rotation_degrees"":-8.0,""slip_fraction"":0.0}","{""future_action_observed"":true,""prior_weight"":1.0,""proposal_id"":""known_action"",""provenance"":""released future controller trajectory""}","[7,27]",0.019960611327656908,0.04315701781400505,0.029044263357439853,-0.0004615321894415582,-0.015468803194891741,0.009135577252107419,0.9225946467325777,0.03186039183761848,0.07570139281882748,4147,0.01832068099059223,0.03727449480309259,0.023555081176020752,0.007713076538338218,0.021772803157735693,0.010003320176811947,0.02249617500594834,0.04470030584471192,0.03186920075389381,0.024511925396331357,0.04525091540021055,0.03526889567543725,68867
expanded_bank,known_action__shift_-1__gain_1.000__delay_0__slip_0.000__rot_-8.0::grid_4_3,known_action__shift_-1__gain_1.000__delay_0__slip_0.000__rot_-8.0,grid_4_3,25,1,"{""attachment_shifts"":[-1],""contact_prior_weight"":0.011064010933338421,""delay_steps"":0,""gain_multiplier"":1.0,""rotation_degrees"":-8.0,""slip_fraction"":0.0}","{""future_action_observed"":true,""prior_weight"":1.0,""proposal_id"":""known_action"",""provenance"":""released future controller trajectory""}","[7,27]",0.019872386963246225,0.043073128104540226,0.02886013668483344,-0.0017093537840799898,-0.015179543129121557,0.006687803103754824,0.9329635881360019,0.03110747798136202,0.07317176012551066,4147,0.017943839867684146,0.037749156169628366,0.02310610322114914,0.008177524743951158,0.02307486513648234,0.010669213120680166,0.022081684878148808,0.04497469586021775,0.03141201597614348,0.02396741629290141,0.045502745479794486,0.034648502320048645,68867
expanded_bank,known_action__shift_-1__gain_1.000__delay_0__slip_0.000__rot_-8.0::grid_4_5,known_action__shift_-1__gain_1.000__delay_0__slip_0.000__rot_-8.0,grid_4_5,25,2,"{""attachment_shifts"":[-1],""contact_prior_weight"":0.011064010933338421,""delay_steps"":0,""gain_multiplier"":1.0,""rotation_degrees"":-8.0,""slip_fraction"":0.0}","{""future_action_observed"":true,""prior_weight"":1.0,""proposal_id"":""known_action"",""provenance"":""released future controller trajectory""}","[7,27]",0.019688878836162514,0.04072512707100748,0.02861053848425156,-0.00041265755163612754,-0.015784749814776185,0.011318590554185078,0.8900409934892693,0.03228056462163023,0.0776658501360457,4147,0.018446507400259597,0.03483782677186503,0.02337017410928873,0.0070952414623001,0.017671405245478482,0.008984773805746433,0.022659765772388697,0.043005276057536616,0.031877934080464534,0.024803263585435747,0.04451742682502965,0.03549778354740475,68867
expanded_bank,known_action__shift_-1__gain_1.000__delay_0__slip_0.000__rot_-8.0::grid_3_4,known_action__shift_-1__gain_1.000__delay_0__slip_0.000__rot_-8.0,grid_3_4,25,3,"{""attachment_shifts"":[-1],""contact_prior_weight"":0.011064010933338421,""delay_steps"":0,""gain_multiplier"":1.0,""rotation_degrees"":-8.0,""slip_fraction"":0.0}","{""future_action_observed"":true,""prior_weight"":1.0,""proposal_id"":""known_action"",""provenance"":""released future controller trajectory""}","[7,27]",0.018146314517005227,0.03997747743083512,0.02658438822228235,-0.00021838534515228276,-0.014892808278302326,0.0060231483737594365,0.9187364359778153,0.02927048965352916,0.06394960122231778,4147,0.016204404191498066,0.03445113570904457,0.02096992995762138,0.0074162744832432514,0.02116464657001418,0.009773037556534954,0.02037962985070954,0.04186258734941368,0.029207368807416336,0.022281600400905023,0.04222863379703301,0.032533942434307954,68867
expanded_bank,known_action__shift_-1__gain_1.000__delay_0__slip_0.000__rot_+8.0::grid_4_4,known_action__shift_-1__gain_1.000__delay_0__slip_0.000__rot_+8.0,grid_4_4,26,0,"{""attachment_shifts"":[-1],""contact_prior_weight"":0.011064010933338421,""delay_steps"":0,""gain_multiplier"":1.0,""rotation_degrees"":8.0,""slip_fraction"":0.0}","{""future_action_observed"":true,""prior_weight"":1.0,""proposal_id"":""known_action"",""provenance"":""released future controller trajectory""}","[7,27]",0.020414358430260904,0.04444877562532559,0.03019798825386765,0.0025200599830446885,-0.01836992271756021,0.00866589452488877,0.9283819628647215,0.0342427376826813,0.07654742868983394,4147,0.01924590807898001,0.03993620784375491,0.025433264456344012,0.007709139321217235,0.021760237358726356,0.010242207005202827,0.023587712770573803,0.048010613815487845,0.0340393834220871,0.025520969448243103,0.04868645434362564,0.037090353962855524,68867
expanded_bank,known_action__shift_-1__gain_1.000__delay_0__slip_0.000__rot_+8.0::grid_4_3,known_action__shift_-1__gain_1.000__delay_0__slip_0.000__rot_+8.0,grid_4_3,26,1,"{""attachment_shifts"":[-1],""contact_prior_weight"":0.011064010933338421,""delay_steps"":0,""gain_multiplier"":1.0,""rotation_degrees"":8.0,""slip_fraction"":0.0}","{""future_action_observed"":true,""prior_weight"":1.0,""proposal_id"":""known_action"",""provenance"":""released future controller trajectory""}","[7,27]",0.02023990266593897,0.043003902646247094,0.029862849955019217,0.0012765826255154058,-0.018072538567193184,0.006341780344845132,0.9341692789968652,0.033257206665410044,0.07347756002974125,4147,0.01878242744122915,0.03853370291818018,0.024785520677156152,0.00812723444486499,0.022317927473591258,0.010834927436531583,0.02307542322605562,0.04627010654736682,0.033311252669757256,0.02490603839742495,0.046764511364217914,0.036290174546876,68867
expanded_bank,known_action__shift_-1__gain_1.000__delay_0__slip_0.000__rot_+8.0::grid_4_5,known_action__shift_-1__gain_1.000__delay_0__slip_0.000__rot_+8.0,grid_4_5,26,2,"{""attachment_shifts"":[-1],""contact_prior_weight"":0.011064010933338421,""delay_steps"":0,""gain_multiplier"":1.0,""rotation_degrees"":8.0,""slip_fraction"":0.0}","{""future_action_observed"":true,""prior_weight"":1.0,""proposal_id"":""known_action"",""provenance"":""released future controller trajectory""}","[7,27]",0.020335477502129044,0.04239570653081293,0.029995644769545797,0.0027282862035978733,-0.01842020166419766,0.010248125594055035,0.9206655413551965,0.034523849069685024,0.0783069553809238,4147,0.019398929620434692,0.03808244235089673,0.025456604378283204,0.007412821838592375,0.019055060491697036,0.009710256593906974,0.023751255327306934,0.046533075920772105,0.03413317219163562,0.025775047092725233,0.047574971904847475,0.037295655248524635,68867
expanded_bank,known_action__shift_-1__gain_1.000__delay_0__slip_0.000__rot_+8.0::grid_3_4,known_action__shift_-1__gain_1.000__delay_0__slip_0.000__rot_+8.0,grid_3_4,26,3,"{""attachment_shifts"":[-1],""contact_prior_weight"":0.011064010933338421,""delay_steps"":0,""gain_multiplier"":1.0,""rotation_degrees"":8.0,""slip_fraction"":0.0}","{""future_action_observed"":true,""prior_weight"":1.0,""proposal_id"":""known_action"",""provenance"":""released future controller trajectory""}","[7,27]",0.0186347445134082,0.04068513980069033,0.027741265427791453,0.002707079496263369,-0.017596340251012227,0.00547159461574365,0.9221123703882325,0.03156854683258515,0.06582614852764694,4147,0.01717922655211988,0.03643560476508272,0.0227627817573807,0.007395525419749191,0.02058469403410244,0.0099770758582142,0.021514792790911,0.04455657566799476,0.031284745485141284,0.023349604955237628,0.04509157677289561,0.03430520437271705,68867
expanded_bank,known_action__shift_+1__gain_1.000__delay_0__slip_0.000__rot_-8.0::grid_4_4,known_action__shift_+1__gain_1.000__delay_0__slip_0.000__rot_-8.0,grid_4_4,27,0,"{""attachment_shifts"":[1],""contact_prior_weight"":0.011064010933338421,""delay_steps"":0,""gain_multiplier"":1.0,""rotation_degrees"":-8.0,""slip_fraction"":0.0}","{""future_action_observed"":true,""prior_weight"":1.0,""proposal_id"":""known_action"",""provenance"":""released future controller trajectory""}","[7,27]",0.019830746286304612,0.04100357843917132,0.027376206421084216,-0.010779213871297176,-0.022213306497472107,0.003374316676060758,0.9317578972751387,0.03471748644867072,0.0826969313936581,4147,0.020206047368124928,0.03972560573663627,0.02594999309991512,0.007948855123303466,0.01796861645200525,0.009958891545946296,0.024500230917819915,0.04824422220763608,0.03469246685045745,0.02589210772321877,0.04866434930310645,0.03701211137161535,68867
expanded_bank,known_action__shift_+1__gain_1.000__delay_0__slip_0.000__rot_-8.0::grid_4_3,known_action__shift_+1__gain_1.000__delay_0__slip_0.000__rot_-8.0,grid_4_3,27,1,"{""attachment_shifts"":[1],""contact_prior_weight"":0.011064010933338421,""delay_steps"":0,""gain_multiplier"":1.0,""rotation_degrees"":-8.0,""slip_fraction"":0.0}","{""future_action_observed"":true,""prior_weight"":1.0,""proposal_id"":""known_action"",""provenance"":""released future controller trajectory""}","[7,27]",0.019585300109655746,0.04074538454771491,0.026990954509781687,-0.011499248330167106,-0.02157243981737119,0.003331948255642036,0.9319990354473113,0.034360759242062236,0.08119081502577725,4147,0.019923555665387904,0.03936464024334504,0.025568732994114343,0.007902558745661582,0.01784377035289666,0.009885004130036323,0.024217464030234268,0.04797962363649344,0.03431240702660201,0.02564431748924751,0.048471142585265505,0.03671979471830728,68867
expanded_bank,known_action__shift_+1__gain_1.000__delay_0__slip_0.000__rot_-8.0::grid_4_5,known_action__shift_+1__gain_1.000__delay_0__slip_0.000__rot_-8.0,grid_4_5,27,2,"{""attachment_shifts"":[1],""contact_prior_weight"":0.011064010933338421,""delay_steps"":0,""gain_multiplier"":1.0,""rotation_degrees"":-8.0,""slip_fraction"":0.0}","{""future_action_observed"":true,""prior_weight"":1.0,""proposal_id"":""known_action"",""provenance"":""released future controller trajectory""}","[7,27]",0.01985540020587192,0.04099644346861029,0.027424928789242048,-0.010827563163311614,-0.02224129856468232,0.0033896614121604004,0.932240173619484,0.034778683651694384,0.08296403351136239,4147,0.020239510086015336,0.03971354443718512,0.02600723344827774,0.00792337972574627,0.01792762568046056,0.009930011015810605,0.024536449365477758,0.048221916698979045,0.03475614415248582,0.025954980581372526,0.04867973877595085,0.03711964781703581,68867
expanded_bank,known_action__shift_+1__gain_1.000__delay_0__slip_0.000__rot_-8.0::grid_3_4,known_action__shift_+1__gain_1.000__delay_0__slip_0.000__rot_-8.0,grid_3_4,27,3,"{""attachment_shifts"":[1],""contact_prior_weight"":0.011064010933338421,""delay_steps"":0,""gain_multiplier"":1.0,""rotation_degrees"":-8.0,""slip_fraction"":0.0}","{""future_action_observed"":true,""prior_weight"":1.0,""proposal_id"":""known_action"",""provenance"":""released future controller trajectory""}","[7,27]",0.01808870447964451,0.03854236676957843,0.02503519623462733,-0.010417962462741896,-0.022247092850106537,0.00048720705697803457,0.9344104171690378,0.033207105611516206,0.07286923551219472,4147,0.018627701864485972,0.03815232605650281,0.02434250009352434,0.007605121576611241,0.017900514689166782,0.009714317385354863,0.02298773689113728,0.04678752809757566,0.03309661099612276,0.0240997753244985,0.04678093454053709,0.03484956048744775,68867
expanded_bank,known_action__shift_+1__gain_1.000__delay_0__slip_0.000__rot_+8.0::grid_4_4,known_action__shift_+1__gain_1.000__delay_0__slip_0.000__rot_+8.0,grid_4_4,28,0,"{""attachment_shifts"":[1],""contact_prior_weight"":0.011064010933338421,""delay_steps"":0,""gain_multiplier"":1.0,""rotation_degrees"":8.0,""slip_fraction"":0.0}","{""future_action_observed"":true,""prior_weight"":1.0,""proposal_id"":""known_action"",""provenance"":""released future controller trajectory""}","[7,27]",0.01988560837268271,0.04110972883463946,0.02770278404398124,-0.007558386574896304,-0.025173716026562935,0.002898867913289018,0.951048951048951,0.03597281776538749,0.08404277046848915,4147,0.020701527486285565,0.04147259547817953,0.026841885522269564,0.008209103459675286,0.017999024286800665,0.010421693703940903,0.025070307021357884,0.05038720165560247,0.03579060329516492,0.02644462716507559,0.050823415360934904,0.038117593151724666,68867
expanded_bank,known_action__shift_+1__gain_1.000__delay_0__slip_0.000__rot_+8.0::grid_4_3,known_action__shift_+1__gain_1.000__delay_0__slip_0.000__rot_+8.0,grid_4_3,28,1,"{""attachment_shifts"":[1],""contact_prior_weight"":0.011064010933338421,""delay_steps"":0,""gain_multiplier"":1.0,""rotation_degrees"":8.0,""slip_fraction"":0.0}","{""future_action_observed"":true,""prior_weight"":1.0,""proposal_id"":""known_action"",""provenance"":""released future controller trajectory""}","[7,27]",0.01966708283160188,0.04095155679292907,0.02740997159534516,-0.008349604157047564,-0.024603408332127766,0.0029115007619175976,0.9498432601880877,0.03558395543795354,0.08266925240837311,4147,0.020428400429772328,0.04106030321226402,0.026452552104076966,0.008157401114525365,0.017879666646249532,0.01034576136830863,0.024791819007747417,0.050024524271321084,0.03538445475132953,0.026209391244418977,0.05059796022705181,0.0378305033732936,68867
expanded_bank,known_action__shift_+1__gain_1.000__delay_0__slip_0.000__rot_+8.0::grid_4_5,known_action__shift_+1__gain_1.000__delay_0__slip_0.000__rot_+8.0,grid_4_5,28,2,"{""attachment_shifts"":[1],""contact_prior_weight"":0.011064010933338421,""delay_steps"":0,""gain_multiplier"":1.0,""rotation_degrees"":8.0,""slip_fraction"":0.0}","{""future_action_observed"":true,""prior_weight"":1.0,""proposal_id"":""known_action"",""provenance"":""released future controller trajectory""}","[7,27]",0.019925123408442696,0.04114014235634609,0.027768952943156074,-0.007556374168763309,-0.025194987122589694,0.0029405087557825256,0.9512900892211237,0.036045555341344515,0.084227366151833,4147,0.020737800222748806,0.04142065021492326,0.026910747489108554,0.008177161127578776,0.017944465875270186,0.010377443058191231,0.025110186425390996,0.050317452996001676,0.03586764777874904,0.0265092335209675,0.05078701131753967,0.03822677463143865,68867
expanded_bank,known_action__shift_+1__gain_1.000__delay_0__slip_0.000__rot_+8.0::grid_3_4,known_action__shift_+1__gain_1.000__delay_0__slip_0.000__rot_+8.0,grid_3_4,28,3,"{""attachment_shifts"":[1],""contact_prior_weight"":0.011064010933338421,""delay_steps"":0,""gain_multiplier"":1.0,""rotation_degrees"":8.0,""slip_fraction"":0.0}","{""future_action_observed"":true,""prior_weight"":1.0,""proposal_id"":""known_action"",""provenance"":""released future controller trajectory""}","[7,27]",0.0181453930641555,0.03841648135537433,0.02538313818206625,-0.007301298737779877,-0.025025236297648155,4.7009912870921456e-05,0.951048951048951,0.03439880752397575,0.0739730270866897,4147,0.019151836675538075,0.03991001858201042,0.025182831334554012,0.007859132523036497,0.017923054425805815,0.010154533111959286,0.023574983162252327,0.04894692948201781,0.03412043116623091,0.024689862877765256,0.04897265201956186,0.035938971186767525,68867
expanded_bank,known_action__shift_+0__gain_1.000__delay_2__slip_0.200__rot_+0.0::grid_4_4,known_action__shift_+0__gain_1.000__delay_2__slip_0.200__rot_+0.0,grid_4_4,29,0,"{""attachment_shifts"":[0],""contact_prior_weight"":0.008726504124484953,""delay_steps"":2,""gain_multiplier"":1.0,""rotation_degrees"":0.0,""slip_fraction"":0.2}","{""future_action_observed"":true,""prior_weight"":1.0,""proposal_id"":""known_action"",""provenance"":""released future controller trajectory""}","[7,27]",0.020469774228210485,0.04251074061205134,0.03114031456543783,0.004595613918039462,-0.01838274023842699,0.003984302246495577,0.9401977333011816,0.0351824156613592,0.06873504576548448,4147,0.018753103551176525,0.038295596202867654,0.025827014295250073,0.007174474539247078,0.01822943336369301,0.009866163206743996,0.02332348202427705,0.04714800222309804,0.03475640355503122,0.02508551820387715,0.047803615706222304,0.037460030430151885,68867
expanded_bank,known_action__shift_+0__gain_1.000__delay_2__slip_0.200__rot_+0.0::grid_4_3,known_action__shift_+0__gain_1.000__delay_2__slip_0.200__rot_+0.0,grid_4_3,29,1,"{""attachment_shifts"":[0],""contact_prior_weight"":0.008726504124484953,""delay_steps"":2,""gain_multiplier"":1.0,""rotation_degrees"":0.0,""slip_fraction"":0.2}","{""future_action_observed"":true,""prior_weight"":1.0,""proposal_id"":""known_action"",""provenance"":""released future controller trajectory""}","[7,27]",0.020348213273115562,0.04308197306370151,0.030906788034955533,0.004431203724685012,-0.01809697165572609,0.002416895441587541,0.9365806607185918,0.03468990945214646,0.06739325967406622,4147,0.018511225521084272,0.03887964492908135,0.02538596891021998,0.007295962725751687,0.01892190941091209,0.010027217958673345,0.023058813812784375,0.047771263095456235,0.034266821992921886,0.024819661914637588,0.04849656292288074,0.037042923445265497,68867
expanded_bank,known_action__shift_+0__gain_1.000__delay_2__slip_0.200__rot_+0.0::grid_4_5,known_action__shift_+0__gain_1.000__delay_2__slip_0.200__rot_+0.0,grid_4_5,29,2,"{""attachment_shifts"":[0],""contact_prior_weight"":0.008726504124484953,""delay_steps"":2,""gain_multiplier"":1.0,""rotation_degrees"":0.0,""slip_fraction"":0.2}","{""future_action_observed"":true,""prior_weight"":1.0,""proposal_id"":""known_action"",""provenance"":""released future controller trajectory""}","[7,27]",0.02048352011002402,0.04236850947845527,0.03115588141314505,0.004442021957042041,-0.018619012291976822,0.004352989063171759,0.9418857005063902,0.03532466005061206,0.0694110954441995,4147,0.0188352593666128,0.038254202557901414,0.02594508946635736,0.007147751536685114,0.018048810943965647,0.009829790267319399,0.023409908727381544,0.047135159224764606,0.03488636758774487,0.025183949780036324,0.04779164034435422,0.03757784323759834,68867
expanded_bank,known_action__shift_+0__gain_1.000__delay_2__slip_0.200__rot_+0.0::grid_3_4,known_action__shift_+0__gain_1.000__delay_2__slip_0.200__rot_+0.0,grid_3_4,29,3,"{""attachment_shifts"":[0],""contact_prior_weight"":0.008726504124484953,""delay_steps"":2,""gain_multiplier"":1.0,""rotation_degrees"":0.0,""slip_fraction"":0.2}","{""future_action_observed"":true,""prior_weight"":1.0,""proposal_id"":""known_action"",""provenance"":""released future controller trajectory""}","[7,27]",0.018902963294076147,0.03971433336385013,0.02882712130909889,0.004531746802380758,-0.017605925248280706,0.0006103928193261147,0.9363395225464191,0.03262024877212147,0.06450437120298497,4147,0.017113047435113386,0.03587524175582979,0.023312024362648374,0.006912718407699935,0.017802498993514406,0.009577906262487253,0.021624399615668644,0.04478358872042264,0.03209592961097462,0.02328104004596137,0.045436223543795694,0.034803286363366215,68867
expanded_bank,known_action__shift_-1__gain_1.000__delay_2__slip_0.000__rot_+0.0::grid_4_4,known_action__shift_-1__gain_1.000__delay_2__slip_0.000__rot_+0.0,grid_4_4,30,0,"{""attachment_shifts"":[-1],""contact_prior_weight"":0.007094026827831194,""delay_steps"":2,""gain_multiplier"":1.0,""rotation_degrees"":0.0,""slip_fraction"":0.0}","{""future_action_observed"":true,""prior_weight"":1.0,""proposal_id"":""known_action"",""provenance"":""released future controller trajectory""}","[7,27]",0.020101245248374384,0.042640212208364295,0.03012294305289908,0.003335369452654997,-0.017675788444208612,0.005431613636466651,0.9375452134072824,0.03375035368867037,0.07057982904611657,4147,0.018408787435405836,0.03845264980294855,0.02455587533712729,0.00749167583046736,0.01993379614962968,0.009923439527512115,0.02284178039479301,0.04704951864654318,0.0333833986344786,0.024653275168624075,0.04768927680590307,0.03622271473471033,68867
expanded_bank,known_action__shift_-1__gain_1.000__delay_2__slip_0.000__rot_+0.0::grid_4_3,known_action__shift_-1__gain_1.000__delay_2__slip_0.000__rot_+0.0,grid_4_3,30,1,"{""attachment_shifts"":[-1],""contact_prior_weight"":0.007094026827831194,""delay_steps"":2,""gain_multiplier"":1.0,""rotation_degrees"":0.0,""slip_fraction"":0.0}","{""future_action_observed"":true,""prior_weight"":1.0,""proposal_id"":""known_action"",""provenance"":""released future controller trajectory""}","[7,27]",0.020077519112100414,0.0431027171866934,0.03005862944803475,0.0026583887097949197,-0.017393511717933338,0.0029421198792819996,0.9344104171690378,0.03324677250226821,0.0678105964944308,4147,0.018153737098281754,0.03870065304753772,0.024285252747693248,0.007774567912522477,0.02125076338520693,0.010326395615497566,0.02256529541049397,0.0471082712365048,0.03300624406535099,0.02431016976725156,0.04753328042905603,0.03581015577563014,68867
expanded_bank,known_action__shift_-1__gain_1.000__delay_2__slip_0.000__rot_+0.0::grid_4_5,known_action__shift_-1__gain_1.000__delay_2__slip_0.000__rot_+0.0,grid_4_5,30,2,"{""attachment_shifts"":[-1],""contact_prior_weight"":0.007094026827831194,""delay_steps"":2,""gain_multiplier"":1.0,""rotation_degrees"":0.0,""slip_fraction"":0.0}","{""future_action_observed"":true,""prior_weight"":1.0,""proposal_id"":""known_action"",""provenance"":""released future controller trajectory""}","[7,27]",0.020018204689873084,0.040990849319961824,0.029913152708321795,0.003322531052086809,-0.017661667746996106,0.006821286673322378,0.9373040752351097,0.03379683086718127,0.07177615583338796,4147,0.018459883678133022,0.03639985369526796,0.024444094346014574,0.007292886907450344,0.01783394369131578,0.009545474996372275,0.022888783491002627,0.04515285843583971,0.03332481154308545,0.024787041094379576,0.04617764012447045,0.03627160419164713,68867
expanded_bank,known_action__shift_-1__gain_1.000__delay_2__slip_0.000__rot_+0.0::grid_3_4,known_action__shift_-1__gain_1.000__delay_2__slip_0.000__rot_+0.0,grid_3_4,30,3,"{""attachment_shifts"":[-1],""contact_prior_weight"":0.007094026827831194,""delay_steps"":2,""gain_multiplier"":1.0,""rotation_degrees"":0.0,""slip_fraction"":0.0}","{""future_action_observed"":true,""prior_weight"":1.0,""proposal_id"":""known_action"",""provenance"":""released future controller trajectory""}","[7,27]",0.018498259307542602,0.03987443000407172,0.027854155336398755,0.003482816907842573,-0.01684679184176572,0.0022982124740024566,0.9334458644803473,0.03126805810435539,0.06259746168804595,4147,0.01663817733658416,0.035762977903169964,0.022171936764022224,0.00718648507021828,0.019488653461721135,0.009641070841439678,0.021037925925783477,0.04435566516546242,0.030829606704416243,0.022764163822651052,0.04491193910664504,0.03369509939192159,68867
expanded_bank,known_action__shift_+1__gain_1.000__delay_2__slip_0.000__rot_+0.0::grid_4_4,known_action__shift_+1__gain_1.000__delay_2__slip_0.000__rot_+0.0,grid_4_4,31,0,"{""attachment_shifts"":[1],""contact_prior_weight"":0.007094026827831194,""delay_steps"":2,""gain_multiplier"":1.0,""rotation_degrees"":0.0,""slip_fraction"":0.0}","{""future_action_observed"":true,""prior_weight"":1.0,""proposal_id"":""known_action"",""provenance"":""released future controller trajectory""}","[7,27]",0.019648873856042023,0.04091109524316143,0.027573086874956364,-0.006173969015596693,-0.02426998610357569,-0.0012686194453124435,0.9604533397636846,0.035570223186715835,0.07651869935393328,4147,0.019963111536301516,0.041942832835475334,0.026354922176819662,0.008315080562166111,0.018660237875849448,0.01056325437583184,0.02440624404807297,0.05110754950877819,0.035339221593151955,0.02560401059354329,0.05124491271207658,0.0372868048846424,68867
expanded_bank,known_action__shift_+1__gain_1.000__delay_2__slip_0.000__rot_+0.0::grid_4_3,known_action__shift_+1__gain_1.000__delay_2__slip_0.000__rot_+0.0,grid_4_3,31,1,"{""attachment_shifts"":[1],""contact_prior_weight"":0.007094026827831194,""delay_steps"":2,""gain_multiplier"":1.0,""rotation_degrees"":0.0,""slip_fraction"":0.0}","{""future_action_observed"":true,""prior_weight"":1.0,""proposal_id"":""known_action"",""provenance"":""released future controller trajectory""}","[7,27]",0.01946591082006953,0.04076602169442859,0.027327537324970907,-0.0067330829467651095,-0.02424542958675223,-0.001244153694659356,0.9604533397636846,0.03548221090054313,0.07592705543503074,4147,0.019848848567295005,0.04170849509624998,0.026215776924771613,0.00824530169544756,0.01850729088916492,0.01045567355929484,0.024300125050397133,0.05090092021258229,0.03522370371194265,0.025574825224477255,0.05121029440488528,0.03733254855196856,68867
expanded_bank,known_action__shift_+1__gain_1.000__delay_2__slip_0.000__rot_+0.0::grid_4_5,known_action__shift_+1__gain_1.000__delay_2__slip_0.000__rot_+0.0,grid_4_5,31,2,"{""attachment_shifts"":[1],""contact_prior_weight"":0.007094026827831194,""delay_steps"":2,""gain_multiplier"":1.0,""rotation_degrees"":0.0,""slip_fraction"":0.0}","{""future_action_observed"":true,""prior_weight"":1.0,""proposal_id"":""known_action"",""provenance"":""released future controller trajectory""}","[7,27]",0.019671564306918382,0.040927103617257626,0.027596072591439372,-0.0061144790401573765,-0.024306267746456164,-0.0012558896335427346,0.9604533397636846,0.03561602359783653,0.07663180299197096,4147,0.01998593572826329,0.04191511279138584,0.026396021574358344,0.008307446448197362,0.01864052774351707,0.010538425716479265,0.024431332964796576,0.05106515840439832,0.03538769801689051,0.025639230299266454,0.051219220302046085,0.03734852002103046,68867
expanded_bank,known_action__shift_+1__gain_1.000__delay_2__slip_0.000__rot_+0.0::grid_3_4,known_action__shift_+1__gain_1.000__delay_2__slip_0.000__rot_+0.0,grid_3_4,31,3,"{""attachment_shifts"":[1],""contact_prior_weight"":0.007094026827831194,""delay_steps"":2,""gain_multiplier"":1.0,""rotation_degrees"":0.0,""slip_fraction"":0.0}","{""future_action_observed"":true,""prior_weight"":1.0,""proposal_id"":""known_action"",""provenance"":""released future controller trajectory""}","[7,27]",0.018099902791811492,0.03833018353546217,0.0256657354037496,-0.006226388888105426,-0.02415706753204802,-0.0037039350435422026,0.9645526886906197,0.034344754676184135,0.06675493585271605,4147,0.018738130374745515,0.04026963897195866,0.024997368824580375,0.007875343520410362,0.018348936577401442,0.010157009315663025,0.02322979701704763,0.049523300000858306,0.03400460730212659,0.02421271710212768,0.049307561443246904,0.03553773414872062,68867
expanded_bank,known_action__shift_-1__gain_1.000__delay_0__slip_0.200__rot_+0.0::grid_4_4,known_action__shift_-1__gain_1.000__delay_0__slip_0.200__rot_+0.0,grid_4_4,32,0,"{""attachment_shifts"":[-1],""contact_prior_weight"":0.007094026827831192,""delay_steps"":0,""gain_multiplier"":1.0,""rotation_degrees"":0.0,""slip_fraction"":0.2}","{""future_action_observed"":true,""prior_weight"":1.0,""proposal_id"":""known_action"",""provenance"":""released future controller trajectory""}","[7,27]",0.020487395548663537,0.043898562312661475,0.0309321170621092,0.003828131869485089,-0.017947005403185307,0.004040516979042983,0.9397154569568362,0.03455900099055938,0.07040863553122743,4147,0.018686415309766013,0.03998018280230573,0.025360139053032714,0.007393524723903979,0.019674110298599588,0.010086927145358181,0.02318243230776456,0.048836401024712525,0.03421369534097427,0.024908235135141173,0.04931523398599937,0.036926784525637246,68867
expanded_bank,known_action__shift_-1__gain_1.000__delay_0__slip_0.200__rot_+0.0::grid_4_3,known_action__shift_-1__gain_1.000__delay_0__slip_0.200__rot_+0.0,grid_4_3,32,1,"{""attachment_shifts"":[-1],""contact_prior_weight"":0.007094026827831192,""delay_steps"":0,""gain_multiplier"":1.0,""rotation_degrees"":0.0,""slip_fraction"":0.2}","{""future_action_observed"":true,""prior_weight"":1.0,""proposal_id"":""known_action"",""provenance"":""released future controller trajectory""}","[7,27]",0.020628320099928356,0.04644898648659982,0.031105453110592235,0.0031349845344024073,-0.018378846145589173,0.0011920227741987685,0.9303110682421027,0.03449924304672486,0.0684320418020375,4147,0.018813646481205263,0.04365114123957676,0.025590429241467,0.007925940398710649,0.02325957304997366,0.0109431616071882,0.023278128521595175,0.05240250556723403,0.03428828842017278,0.0249143193479266,0.05276269727636983,0.03694129684837061,68867
expanded_bank,known_action__shift_-1__gain_1.000__delay_0__slip_0.200__rot_+0.0::grid_4_5,known_action__shift_-1__gain_1.000__delay_0__slip_0.200__rot_+0.0,grid_4_5,32,2,"{""attachment_shifts"":[-1],""contact_prior_weight"":0.007094026827831192,""delay_steps"":0,""gain_multiplier"":1.0,""rotation_degrees"":0.0,""slip_fraction"":0.2}","{""future_action_observed"":true,""prior_weight"":1.0,""proposal_id"":""known_action"",""provenance"":""released future controller trajectory""}","[7,27]",0.020426793530700378,0.04298146654951611,0.030802634888910687,0.0036105076759036982,-0.018092583693475606,0.005097334047260206,0.9423679768507355,0.0346247947199835,0.07096432751487212,4147,0.018727351505666272,0.03886902267979452,0.025357329596225588,0.007249611267182722,0.01866427897954613,0.009867035555310983,0.02322442569516077,0.047756666704517475,0.034246819883000656,0.025012167896957045,0.048367803321540996,0.03701681250682124,68867
expanded_bank,known_action__shift_-1__gain_1.000__delay_0__slip_0.200__rot_+0.0::grid_3_4,known_action__shift_-1__gain_1.000__delay_0__slip_0.200__rot_+0.0,grid_3_4,32,3,"{""attachment_shifts"":[-1],""contact_prior_weight"":0.007094026827831192,""delay_steps"":0,""gain_multiplier"":1.0,""rotation_degrees"":0.0,""slip_fraction"":0.2}","{""future_action_observed"":true,""prior_weight"":1.0,""proposal_id"":""known_action"",""provenance"":""released future controller trajectory""}","[7,27]",0.018865197636376195,0.04081444356338929,0.02863125262438199,0.003784079035554371,-0.017176547618309664,0.0007930161947454637,0.9317578972751387,0.03203679196507327,0.06383625478805036,4147,0.016977273477900977,0.03719377629182843,0.022877963034887507,0.0071150584777244326,0.018903808205935384,0.009810302246493019,0.021429488736280432,0.04612789114797722,0.03159014174854264,0.023051010847390505,0.04659282996860863,0.03429651347286869,68867
expanded_bank,known_action__shift_+1__gain_1.000__delay_0__slip_0.200__rot_+0.0::grid_4_4,known_action__shift_+1__gain_1.000__delay_0__slip_0.200__rot_+0.0,grid_4_4,33,0,"{""attachment_shifts"":[1],""contact_prior_weight"":0.007094026827831192,""delay_steps"":0,""gain_multiplier"":1.0,""rotation_degrees"":0.0,""slip_fraction"":0.2}","{""future_action_observed"":true,""prior_weight"":1.0,""proposal_id"":""known_action"",""provenance"":""released future controller trajectory""}","[7,27]",0.020192702938136662,0.04256552494374908,0.02867784623059981,-0.0054550071392107805,-0.024540217273882683,-0.0038088423303830267,0.9676874849288642,0.0370074910646084,0.07627169165311405,4147,0.020403764743766727,0.04468858928114357,0.027648363107326924,0.008018989245709601,0.01922370928387163,0.010659318586563027,0.02496479122337053,0.054154480299573225,0.03674953705264669,0.026013772988522574,0.05401234036308568,0.03841684838336736,68867
expanded_bank,known_action__shift_+1__gain_1.000__delay_0__slip_0.200__rot_+0.0::grid_4_3,known_action__shift_+1__gain_1.000__delay_0__slip_0.200__rot_+0.0,grid_4_3,33,1,"{""attachment_shifts"":[1],""contact_prior_weight"":0.007094026827831192,""delay_steps"":0,""gain_multiplier"":1.0,""rotation_degrees"":0.0,""slip_fraction"":0.2}","{""future_action_observed"":true,""prior_weight"":1.0,""proposal_id"":""known_action"",""provenance"":""released future controller trajectory""}","[7,27]",0.019996739817114688,0.04241615664153766,0.02844999058054379,-0.006261572162726595,-0.02429125672233245,-0.003805765971443985,0.9674463467566916,0.036733360178880146,0.07539512212331496,4147,0.020234152481313397,0.044266972219781014,0.02739663678857106,0.00799643240044092,0.019046499186196744,0.01062706294059877,0.02478820353628473,0.053751635740769105,0.036473375094079385,0.02593952260327879,0.053838764644614984,0.03830803979977922,68867
expanded_bank,known_action__shift_+1__gain_1.000__delay_0__slip_0.200__rot_+0.0::grid_4_5,known_action__shift_+1__gain_1.000__delay_0__slip_0.200__rot_+0.0,grid_4_5,33,2,"{""attachment_shifts"":[1],""contact_prior_weight"":0.007094026827831192,""delay_steps"":0,""gain_multiplier"":1.0,""rotation_degrees"":0.0,""slip_fraction"":0.2}","{""future_action_observed"":true,""prior_weight"":1.0,""proposal_id"":""known_action"",""provenance"":""released future controller trajectory""}","[7,27]",0.020228040854772082,0.04258279010128554,0.028727879134484345,-0.0054837699621131,-0.024606319755683382,-0.003794482162042519,0.9674463467566916,0.03710238262472872,0.0763355595302108,4147,0.02045060568612062,0.04469470274689269,0.0277378748471528,0.007994074752081168,0.0191610104291195,0.010624361377338735,0.025016406018593517,0.05415561732264847,0.036847821270711,0.02606682834871688,0.05401123141042072,0.03851459433887121,68867
expanded_bank,known_action__shift_+1__gain_1.000__delay_0__slip_0.200__rot_+0.0::grid_3_4,known_action__shift_+1__gain_1.000__delay_0__slip_0.200__rot_+0.0,grid_3_4,33,3,"{""attachment_shifts"":[1],""contact_prior_weight"":0.007094026827831192,""delay_steps"":0,""gain_multiplier"":1.0,""rotation_degrees"":0.0,""slip_fraction"":0.2}","{""future_action_observed"":true,""prior_weight"":1.0,""proposal_id"":""known_action"",""provenance"":""released future controller trajectory""}","[7,27]",0.018698575628623215,0.04028469577928548,0.026756966948777557,-0.005279461085736797,-0.024178434943759233,-0.006383135887405437,0.9717868338557993,0.03559082588712493,0.06644922842705811,4147,0.019245545315027486,0.04335856857241987,0.026168294582274543,0.00780832385708121,0.019345023747939505,0.010493518003270136,0.02381962804817708,0.052866016788190515,0.03524268469833462,0.02465143635406802,0.05238278616363671,0.03649696993671566,68867
expanded_bank,known_action__shift_+0__gain_1.150__delay_2__slip_0.000__rot_-8.0::grid_4_4,known_action__shift_+0__gain_1.150__delay_2__slip_0.000__rot_-8.0,grid_4_4,34,0,"{""attachment_shifts"":[0],""contact_prior_weight"":0.006231139928671212,""delay_steps"":2,""gain_multiplier"":1.15,""rotation_degrees"":-8.0,""slip_fraction"":0.0}","{""future_action_observed"":true,""prior_weight"":1.0,""proposal_id"":""known_action"",""provenance"":""released future controller trajectory""}","[7,27]",0.0194986122706828,0.038572370898743845,0.0287772453904097,0.0010843373557112828,-0.016226752910713193,0.010229029993335918,0.9071618037135278,0.03279034576710512,0.07378818483997929,4147,0.018078893467814536,0.03247206724176292,0.023519372910359274,0.006899752162562842,0.01596626831281161,0.008850423501064408,0.022432892469007513,0.040913355901332736,0.03226465796925854,0.024557906183214795,0.04276127204780085,0.035726227950259586,68867
expanded_bank,known_action__shift_+0__gain_1.150__delay_2__slip_0.000__rot_-8.0::grid_4_3,known_action__shift_+0__gain_1.150__delay_2__slip_0.000__rot_-8.0,grid_4_3,34,1,"{""attachment_shifts"":[0],""contact_prior_weight"":0.006231139928671212,""delay_steps"":2,""gain_multiplier"":1.15,""rotation_degrees"":-8.0,""slip_fraction"":0.0}","{""future_action_observed"":true,""prior_weight"":1.0,""proposal_id"":""known_action"",""provenance"":""released future controller trajectory""}","[7,27]",0.019373517398178636,0.03907958086128743,0.028533473528119104,0.0010039362885493975,-0.01602991495081319,0.009100490902150572,0.9086086327465638,0.032208440087797004,0.07227124665464561,4147,0.01778922943943236,0.03271838087178093,0.02309851062837616,0.007050248153668132,0.0167519654177741,0.009109589780283077,0.022111720309935825,0.0410083299864155,0.031762195085126906,0.024198235735606075,0.04274743541647903,0.035250504899910315,68867
expanded_bank,known_action__shift_+0__gain_1.150__delay_2__slip_0.000__rot_-8.0::grid_4_5,known_action__shift_+0__gain_1.150__delay_2__slip_0.000__rot_-8.0,grid_4_5,34,2,"{""attachment_shifts"":[0],""contact_prior_weight"":0.006231139928671212,""delay_steps"":2,""gain_multiplier"":1.15,""rotation_degrees"":-8.0,""slip_fraction"":0.0}","{""future_action_observed"":true,""prior_weight"":1.0,""proposal_id"":""known_action"",""provenance"":""released future controller trajectory""}","[7,27]",0.019518628956257077,0.03839642200899987,0.028806132508937755,0.0009315632965826272,-0.016466801351575074,0.0105500121607302,0.9115022908126357,0.03300364430872244,0.07420845720513315,4147,0.018191318332577873,0.03253516664327581,0.023669694692517708,0.006856014777443816,0.015760591886210176,0.008785005866708877,0.022555536958918748,0.04105001320829838,0.03244392476534743,0.024704457184876783,0.042956700792138425,0.03591385709928899,68867
expanded_bank,known_action__shift_+0__gain_1.150__delay_2__slip_0.000__rot_-8.0::grid_3_4,known_action__shift_+0__gain_1.150__delay_2__slip_0.000__rot_-8.0,grid_3_4,34,3,"{""attachment_shifts"":[0],""contact_prior_weight"":0.006231139928671212,""delay_steps"":2,""gain_multiplier"":1.15,""rotation_degrees"":-8.0,""slip_fraction"":0.0}","{""future_action_observed"":true,""prior_weight"":1.0,""proposal_id"":""known_action"",""provenance"":""released future controller trajectory""}","[7,27]",0.017765236102431085,0.0358064646845873,0.026318654637194516,0.001078520489600072,-0.015641020402923415,0.006677490238887156,0.9098143236074271,0.02998293696247014,0.06301097137487237,4147,0.0159748400719307,0.029862620145142106,0.020829003419700877,0.006658608165998179,0.01608000295843416,0.00873604099419946,0.02030767049587381,0.038158228100217795,0.029444365725993252,0.02232050042862567,0.03978736343160065,0.0328492018245893,68867
expanded_bank,known_action__shift_+0__gain_1.150__delay_2__slip_0.000__rot_+8.0::grid_4_4,known_action__shift_+0__gain_1.150__delay_2__slip_0.000__rot_+8.0,grid_4_4,35,0,"{""attachment_shifts"":[0],""contact_prior_weight"":0.006231139928671212,""delay_steps"":2,""gain_multiplier"":1.15,""rotation_degrees"":8.0,""slip_fraction"":0.0}","{""future_action_observed"":true,""prior_weight"":1.0,""proposal_id"":""known_action"",""provenance"":""released future controller trajectory""}","[7,27]",0.020095834330887633,0.04043976782091246,0.030034530292026178,0.003926841640647729,-0.01816614080458402,0.008954609598953833,0.9397154569568362,0.03461859286449663,0.07353583478107673,4147,0.018903448223977336,0.035948209668664265,0.025249922289905143,0.007170718449184224,0.0172967340807848,0.009518189159040619,0.02336051841916057,0.0446268052856816,0.03412496300071311,0.025362123184976822,0.045888360367419806,0.03722574744463786,68867
expanded_bank,known_action__shift_+0__gain_1.150__delay_2__slip_0.000__rot_+8.0::grid_4_3,known_action__shift_+0__gain_1.150__delay_2__slip_0.000__rot_+8.0,grid_4_3,35,1,"{""attachment_shifts"":[0],""contact_prior_weight"":0.006231139928671212,""delay_steps"":2,""gain_multiplier"":1.15,""rotation_degrees"":8.0,""slip_fraction"":0.0}","{""future_action_observed"":true,""prior_weight"":1.0,""proposal_id"":""known_action"",""provenance"":""released future controller trajectory""}","[7,27]",0.01999177370116817,0.04115393097249035,0.029822500143048658,0.003620323920051763,-0.018134201672466262,0.007768790889023916,0.9409211478176995,0.03412604219050628,0.07185436628787233,4147,0.018673554281578377,0.03640976738758326,0.02489304797323285,0.0073532598240824126,0.0183662902504668,0.009814991338505682,0.023103557984412354,0.044937192922029835,0.033701951711630956,0.025076067568596233,0.04613959049270795,0.03684040404021592,68867
expanded_bank,known_action__shift_+0__gain_1.150__delay_2__slip_0.000__rot_+8.0::grid_4_5,known_action__shift_+0__gain_1.150__delay_2__slip_0.000__rot_+8.0,grid_4_5,35,2,"{""attachment_shifts"":[0],""contact_prior_weight"":0.006231139928671212,""delay_steps"":2,""gain_multiplier"":1.15,""rotation_degrees"":8.0,""slip_fraction"":0.0}","{""future_action_observed"":true,""prior_weight"":1.0,""proposal_id"":""known_action"",""provenance"":""released future controller trajectory""}","[7,27]",0.02011031650893958,0.040175246870340804,0.030049159061887865,0.0038179251285520546,-0.018403781037166368,0.00932443118974251,0.9397154569568362,0.034821293116882514,0.07413935102522969,4147,0.019011271152934987,0.035918330415349295,0.025391496225221973,0.007120321528434799,0.016927340499446983,0.00943754617402673,0.023476905077349453,0.04468526617040565,0.03429041352277988,0.025500093030481803,0.04600958541542995,0.03739180806317898,68867
expanded_bank,known_action__shift_+0__gain_1.150__delay_2__slip_0.000__rot_+8.0::grid_3_4,known_action__shift_+0__gain_1.150__delay_2__slip_0.000__rot_+8.0,grid_3_4,35,3,"{""attachment_shifts"":[0],""contact_prior_weight"":0.006231139928671212,""delay_steps"":2,""gain_multiplier"":1.15,""rotation_degrees"":8.0,""slip_fraction"":0.0}","{""future_action_observed"":true,""prior_weight"":1.0,""proposal_id"":""known_action"",""provenance"":""released future controller trajectory""}","[7,27]",0.01839611034284903,0.03747907589967637,0.02758212319491611,0.003710829165605334,-0.017650607593556657,0.005505819453430219,0.9339281408246926,0.03190600961692195,0.06478804112056627,4147,0.01694398855986245,0.03310324306892276,0.022596466058245,0.006929571170111077,0.01697872913453611,0.009347813546983835,0.021376613986711656,0.04174854683608864,0.031354078475203974,0.023276590421159687,0.04288883262691377,0.03444213189064241,68867
expanded_bank,known_action__shift_+0__gain_1.150__delay_0__slip_0.200__rot_-8.0::grid_4_4,known_action__shift_+0__gain_1.150__delay_0__slip_0.200__rot_-8.0,grid_4_4,36,0,"{""attachment_shifts"":[0],""contact_prior_weight"":0.00623113992867121,""delay_steps"":0,""gain_multiplier"":1.15,""rotation_degrees"":-8.0,""slip_fraction"":0.2}","{""future_action_observed"":true,""prior_weight"":1.0,""proposal_id"":""known_action"",""provenance"":""released future controller trajectory""}","[7,27]",0.019905697148907768,0.04106897093446851,0.029736144851371223,0.0014055524103273474,-0.016836941412258034,0.007926621863046926,0.9464673257776706,0.03344509431609978,0.07281036997553224,4147,0.018213430690460913,0.03535689200835137,0.02438185587393789,0.006934992007831287,0.01743226915038907,0.009376575955839654,0.022634780352441562,0.043947394925334546,0.03314565787282305,0.024635310183302513,0.04503806983267183,0.036332826747702156,68867
expanded_bank,known_action__shift_+0__gain_1.150__delay_0__slip_0.200__rot_-8.0::grid_4_3,known_action__shift_+0__gain_1.150__delay_0__slip_0.200__rot_-8.0,grid_4_3,36,1,"{""attachment_shifts"":[0],""contact_prior_weight"":0.00623113992867121,""delay_steps"":0,""gain_multiplier"":1.15,""rotation_degrees"":-8.0,""slip_fraction"":0.2}","{""future_action_observed"":true,""prior_weight"":1.0,""proposal_id"":""known_action"",""provenance"":""released future controller trajectory""}","[7,27]",0.019782628433173126,0.04142439163822746,0.029482695781462592,0.0013401860928977766,-0.01666109768948181,0.006914879659173446,0.9450204967446347,0.03297776904830352,0.07095060582491253,4147,0.017970275344308242,0.03564954908834202,0.024001901086869722,0.007056097823444754,0.01801404878099912,0.009544474338623762,0.022370076731040123,0.04419617898617411,0.032713987252866145,0.024359281057428416,0.045337187941385255,0.035968006296591214,68867
expanded_bank,known_action__shift_+0__gain_1.150__delay_0__slip_0.200__rot_-8.0::grid_4_5,known_action__shift_+0__gain_1.150__delay_0__slip_0.200__rot_-8.0,grid_4_5,36,2,"{""attachment_shifts"":[0],""contact_prior_weight"":0.00623113992867121,""delay_steps"":0,""gain_multiplier"":1.15,""rotation_degrees"":-8.0,""slip_fraction"":0.2}","{""future_action_observed"":true,""prior_weight"":1.0,""proposal_id"":""known_action"",""provenance"":""released future controller trajectory""}","[7,27]",0.01991672578917163,0.0409256057326052,0.029753967267233273,0.0012469504445799125,-0.01710184504040685,0.008208539948759775,0.9471907402941886,0.03362574454463219,0.0734329242764419,4147,0.01831244032852309,0.035348636369500724,0.02452185485749977,0.006900369705095727,0.017279362511470782,0.009323607096094552,0.02274082976916835,0.04396856650004319,0.033306665038994876,0.024759647917426072,0.04506907747365099,0.036487677685983017,68867
expanded_bank,known_action__shift_+0__gain_1.150__delay_0__slip_0.200__rot_-8.0::grid_3_4,known_action__shift_+0__gain_1.150__delay_0__slip_0.200__rot_-8.0,grid_3_4,36,3,"{""attachment_shifts"":[0],""contact_prior_weight"":0.00623113992867121,""delay_steps"":0,""gain_multiplier"":1.15,""rotation_degrees"":-8.0,""slip_fraction"":0.2}","{""future_action_observed"":true,""prior_weight"":1.0,""proposal_id"":""known_action"",""provenance"":""released future controller trajectory""}","[7,27]",0.018176426602095536,0.03811492727353098,0.027267553812344254,0.0015538766965703342,-0.01598941341594745,0.0044491545235420035,0.9356161080299011,0.03063673130072017,0.06201624487472363,4147,0.01617162387388033,0.03233752973223241,0.02158525825273353,0.006667827166195785,0.01698068548774673,0.009083197212881634,0.02056711211467374,0.04082714044777368,0.030251272311718824,0.02246206774213795,0.04193014559524467,0.03340939121651472,68867
expanded_bank,known_action__shift_+0__gain_1.150__delay_0__slip_0.200__rot_+8.0::grid_4_4,known_action__shift_+0__gain_1.150__delay_0__slip_0.200__rot_+8.0,grid_4_4,37,0,"{""attachment_shifts"":[0],""contact_prior_weight"":0.00623113992867121,""delay_steps"":0,""gain_multiplier"":1.15,""rotation_degrees"":8.0,""slip_fraction"":0.2}","{""future_action_observed"":true,""prior_weight"":1.0,""proposal_id"":""known_action"",""provenance"":""released future controller trajectory""}","[7,27]",0.020494338819616056,0.04266750394286909,0.030956587566244257,0.0039815834938222204,-0.018811505355309247,0.00681429723037345,0.94550277308898,0.035333670920187,0.07209097008905162,4147,0.01912328014103323,0.038287125704104794,0.026135335122213416,0.007242792478185177,0.01835386287654747,0.009978479243682411,0.02363764059400917,0.047049441523367555,0.034989748958462984,0.025525133024545312,0.04788042126085287,0.03788128584592232,68867
expanded_bank,known_action__shift_+0__gain_1.150__delay_0__slip_0.200__rot_+8.0::grid_4_3,known_action__shift_+0__gain_1.150__delay_0__slip_0.200__rot_+8.0,grid_4_3,37,1,"{""attachment_shifts"":[0],""contact_prior_weight"":0.00623113992867121,""delay_steps"":0,""gain_multiplier"":1.15,""rotation_degrees"":8.0,""slip_fraction"":0.2}","{""future_action_observed"":true,""prior_weight"":1.0,""proposal_id"":""known_action"",""provenance"":""released future controller trajectory""}","[7,27]",0.02038190671067607,0.04310163855056694,0.030712246154313016,0.0037607480652477113,-0.01877028061978019,0.0057971092078821,0.9457439112611526,0.03493034674149671,0.07101555950435726,4147,0.018931659875822373,0.03887757523306628,0.02580056505412002,0.007398229269740612,0.019191867965009775,0.010178919643210028,0.02342605030880349,0.047634020302365826,0.03461671226406075,0.025307826388366712,0.04849927417923926,0.03758294664027292,68867
expanded_bank,known_action__shift_+0__gain_1.150__delay_0__slip_0.200__rot_+8.0::grid_4_5,known_action__shift_+0__gain_1.150__delay_0__slip_0.200__rot_+8.0,grid_4_5,37,2,"{""attachment_shifts"":[0],""contact_prior_weight"":0.00623113992867121,""delay_steps"":0,""gain_multiplier"":1.15,""rotation_degrees"":8.0,""slip_fraction"":0.2}","{""future_action_observed"":true,""prior_weight"":1.0,""proposal_id"":""known_action"",""provenance"":""released future controller trajectory""}","[7,27]",0.02051033545388302,0.04254971726809127,0.03098232863898265,0.003857810987818188,-0.01907504236233225,0.007167643941861198,0.9476730166385339,0.03552753171978826,0.0727163132033486,4147,0.01922771939253925,0.03846898937704584,0.0262885339064503,0.0072091172367847655,0.01831684372016804,0.009919717814358818,0.02374964313915924,0.047288428087391234,0.035166569842311673,0.025653583580293616,0.048084632976701985,0.03804745678238174,68867
expanded_bank,known_action__shift_+0__gain_1.150__delay_0__slip_0.200__rot_+8.0::grid_3_4,known_action__shift_+0__gain_1.150__delay_0__slip_0.200__rot_+8.0,grid_3_4,37,3,"{""attachment_shifts"":[0],""contact_prior_weight"":0.00623113992867121,""delay_steps"":0,""gain_multiplier"":1.15,""rotation_degrees"":8.0,""slip_fraction"":0.2}","{""future_action_observed"":true,""prior_weight"":1.0,""proposal_id"":""known_action"",""provenance"":""released future controller trajectory""}","[7,27]",0.018819321309586162,0.03976904380028061,0.028545866769602576,0.0038239758297432484,-0.01814158993331886,0.003450421849809927,0.9401977333011816,0.032652990474834546,0.06347461330333821,4147,0.01725917378430639,0.03578492215187759,0.023446615455012528,0.007015704622530616,0.018016740179721536,0.00970697720730218,0.021742018083710117,0.04460421830046148,0.03221932050918382,0.023522675686772902,0.04537133400336471,0.03509479667513046,68867
expanded_bank,known_action__shift_+0__gain_0.850__delay_2__slip_0.000__rot_-8.0::grid_4_4,known_action__shift_+0__gain_0.850__delay_2__slip_0.000__rot_-8.0,grid_4_4,38,0,"{""attachment_shifts"":[0],""contact_prior_weight"":0.006231139928671204,""delay_steps"":2,""gain_multiplier"":0.85,""rotation_degrees"":-8.0,""slip_fraction"":0.0}","{""future_action_observed"":true,""prior_weight"":1.0,""proposal_id"":""known_action"",""provenance"":""released future controller trajectory""}","[7,27]",0.01949001239329843,0.03904724373993103,0.028801505586548638,0.0012856722035642586,-0.015862078853201924,0.00917750579687509,0.9225946467325777,0.03240335329136033,0.0726041321801465,4147,0.017847593132368403,0.03263142534857507,0.02319810877569423,0.006974681312013906,0.016482471157494828,0.0089902542572116,0.022189087862315465,0.04100319858696459,0.03194477292607606,0.024270473639144266,0.04265442034270515,0.0353458899932875,68867
expanded_bank,known_action__shift_+0__gain_0.850__delay_2__slip_0.000__rot_-8.0::grid_4_3,known_action__shift_+0__gain_0.850__delay_2__slip_0.000__rot_-8.0,grid_4_3,38,1,"{""attachment_shifts"":[0],""contact_prior_weight"":0.006231139928671204,""delay_steps"":2,""gain_multiplier"":0.85,""rotation_degrees"":-8.0,""slip_fraction"":0.0}","{""future_action_observed"":true,""prior_weight"":1.0,""proposal_id"":""known_action"",""provenance"":""released future controller trajectory""}","[7,27]",0.019467330377844382,0.04182720139484577,0.02876284708595718,0.000641241494415655,-0.015784993956391654,0.0067170566873475555,0.9341692789968652,0.0317939906218894,0.06950808007084404,4147,0.017530496318588214,0.03596796076513047,0.0228743902837708,0.007392474212968666,0.02018028641368346,0.00965986118770706,0.02184511334767992,0.04406405430561408,0.03154840815011413,0.02382866002826463,0.04507779497291764,0.03486704684741947,68867
expanded_bank,known_action__shift_+0__gain_0.850__delay_2__slip_0.000__rot_-8.0::grid_4_5,known_action__shift_+0__gain_0.850__delay_2__slip_0.000__rot_-8.0,grid_4_5,38,2,"{""attachment_shifts"":[0],""contact_prior_weight"":0.006231139928671204,""delay_steps"":2,""gain_multiplier"":0.85,""rotation_degrees"":-8.0,""slip_fraction"":0.0}","{""future_action_observed"":true,""prior_weight"":1.0,""proposal_id"":""known_action"",""provenance"":""released future controller trajectory""}","[7,27]",0.019532908428288618,0.038579547520885014,0.028842029008139876,0.0010936267755286121,-0.016241145751351438,0.010237235403163682,0.9134313961900169,0.03286178247740968,0.07402288330357085,4147,0.01810838874354696,0.03248139242462366,0.023557844984646675,0.0068780239975652895,0.015891247341778072,0.008825574278193239,0.022467571879965974,0.04095576217481657,0.03232827747093571,0.0246048176082868,0.042810051238929225,0.03578361239023936,68867
expanded_bank,known_action__shift_+0__gain_0.850__delay_2__slip_0.000__rot_-8.0::grid_3_4,known_action__shift_+0__gain_0.850__delay_2__slip_0.000__rot_-8.0,grid_3_4,38,3,"{""attachment_shifts"":[0],""contact_prior_weight"":0.006231139928671204,""delay_steps"":2,""gain_multiplier"":0.85,""rotation_degrees"":-8.0,""slip_fraction"":0.0}","{""future_action_observed"":true,""prior_weight"":1.0,""proposal_id"":""known_action"",""provenance"":""released future controller trajectory""}","[7,27]",0.01777499533785933,0.03620824116299724,0.02638023116994521,0.0012459783404425195,-0.01537043129289592,0.0057661680041241874,0.9194598504943332,0.029738973253391983,0.06272160148722722,4147,0.01583406621554303,0.030088395728057677,0.02063305297295926,0.006707443618010369,0.016469751366148526,0.008823660734133081,0.0201569069335967,0.03833738233700691,0.029248136392930973,0.022130384482634796,0.039808727774644774,0.032607012879095856,68867
expanded_bank,known_action__shift_+0__gain_0.850__delay_2__slip_0.000__rot_+8.0::grid_4_4,known_action__shift_+0__gain_0.850__delay_2__slip_0.000__rot_+8.0,grid_4_4,39,0,"{""attachment_shifts"":[0],""contact_prior_weight"":0.006231139928671204,""delay_steps"":2,""gain_multiplier"":0.85,""rotation_degrees"":8.0,""slip_fraction"":0.0}","{""future_action_observed"":true,""prior_weight"":1.0,""proposal_id"":""known_action"",""provenance"":""released future controller trajectory""}","[7,27]",0.02010764110961447,0.0410639220551658,0.030099172791391886,0.004006163770770011,-0.01789096395354711,0.007871551529200905,0.9387509042681457,0.03432100268501771,0.07234017615535844,4147,0.018723405746201544,0.03632532736491207,0.025026472529581595,0.007265686035770987,0.018033689278111435,0.009686843219219539,0.023173612549632034,0.04489720354503181,0.03388993051075698,0.02512523556937541,0.04596453225520184,0.03692481237842378,68867
expanded_bank,known_action__shift_+0__gain_0.850__delay_2__slip_0.000__rot_+8.0::grid_4_3,known_action__shift_+0__gain_0.850__delay_2__slip_0.000__rot_+8.0,grid_4_3,39,1,"{""attachment_shifts"":[0],""contact_prior_weight"":0.006231139928671204,""delay_steps"":2,""gain_multiplier"":0.85,""rotation_degrees"":8.0,""slip_fraction"":0.0}","{""future_action_observed"":true,""prior_weight"":1.0,""proposal_id"":""known_action"",""provenance"":""released future controller trajectory""}","[7,27]",0.020071284013111604,0.042665926908484815,0.030027711189754842,0.002990484091493689,-0.01797135781006143,0.0054001183350238235,0.9394743187846636,0.033700584026271525,0.06992471752107626,4147,0.018460164784874427,0.038386171439344315,0.02471647032124146,0.007714792295067965,0.020999295707834917,0.0103612947022286,0.022873881032566067,0.046667685767614264,0.03346870674648703,0.02473731536513121,0.047327966877993115,0.03645917189821818,68867
expanded_bank,known_action__shift_+0__gain_0.850__delay_2__slip_0.000__rot_+8.0::grid_4_5,known_action__shift_+0__gain_0.850__delay_2__slip_0.000__rot_+8.0,grid_4_5,39,2,"{""attachment_shifts"":[0],""contact_prior_weight"":0.006231139928671204,""delay_steps"":2,""gain_multiplier"":0.85,""rotation_degrees"":8.0,""slip_fraction"":0.0}","{""future_action_observed"":true,""prior_weight"":1.0,""proposal_id"":""known_action"",""provenance"":""released future controller trajectory""}","[7,27]",0.020129348312764923,0.040428821250371935,0.03009886473833437,0.003911737907680139,-0.018202559976438538,0.008969607172864285,0.9409211478176995,0.034699833723581666,0.07364684896001555,4147,0.01893692377066798,0.035957604752103904,0.02530266918843865,0.0071481929073115,0.01718033943631055,0.009489951205283323,0.023399862723810776,0.044668061827423465,0.03419745171798107,0.025408581618747806,0.04592628256087219,0.037280772798945816,68867
expanded_bank,known_action__shift_+0__gain_0.850__delay_2__slip_0.000__rot_+8.0::grid_3_4,known_action__shift_+0__gain_0.850__delay_2__slip_0.000__rot_+8.0,grid_3_4,39,3,"{""attachment_shifts"":[0],""contact_prior_weight"":0.006231139928671204,""delay_steps"":2,""gain_multiplier"":0.85,""rotation_degrees"":8.0,""slip_fraction"":0.0}","{""future_action_observed"":true,""prior_weight"":1.0,""proposal_id"":""known_action"",""provenance"":""released future controller trajectory""}","[7,27]",0.01842110042007006,0.037960717949596566,0.027681752926606542,0.0037425893209845898,-0.01750112716243235,0.004564615452946857,0.9358572462020738,0.031744931768880595,0.06400856265253402,4147,0.0168592658627488,0.033552865757746214,0.02250370340452087,0.007005987993351303,0.01755042141097079,0.009478389214875196,0.021284916122874222,0.042147668240857646,0.031242690797469348,0.023135902981799992,0.04313560406792038,0.03427023642842223,68867
expanded_bank,known_action__shift_+0__gain_0.850__delay_0__slip_0.200__rot_-8.0::grid_4_4,known_action__shift_+0__gain_0.850__delay_0__slip_0.200__rot_-8.0,grid_4_4,40,0,"{""attachment_shifts"":[0],""contact_prior_weight"":0.006231139928671203,""delay_steps"":0,""gain_multiplier"":0.85,""rotation_degrees"":-8.0,""slip_fraction"":0.2}","{""future_action_observed"":true,""prior_weight"":1.0,""proposal_id"":""known_action"",""provenance"":""released future controller trajectory""}","[7,27]",0.019920466802549906,0.04143988982315899,0.02979683123297452,0.0014728088067716516,-0.016571676441718627,0.00696621669683475,0.944779358572462,0.03323269680633665,0.07135911051072062,4147,0.01805429282876951,0.03569228623051406,0.024186946111117037,0.0069867099191014545,0.017806886706095048,0.009467281965752593,0.022478084095640456,0.04426684408769681,0.03296586062832108,0.024430341346736807,0.045219608664117936,0.03608986869260512,68867
expanded_bank,known_action__shift_+0__gain_0.850__delay_0__slip_0.200__rot_-8.0::grid_4_3,known_action__shift_+0__gain_0.850__delay_0__slip_0.200__rot_-8.0,grid_4_3,40,1,"{""attachment_shifts"":[0],""contact_prior_weight"":0.006231139928671203,""delay_steps"":0,""gain_multiplier"":0.85,""rotation_degrees"":-8.0,""slip_fraction"":0.2}","{""future_action_observed"":true,""prior_weight"":1.0,""proposal_id"":""known_action"",""provenance"":""released future controller trajectory""}","[7,27]",0.019803930876005862,0.042225112489923645,0.02955275417245681,0.0014207019741936664,-0.016105374461499653,0.004829466258984313,0.9394743187846636,0.032544554528433585,0.0686425760088159,4147,0.01767098810827403,0.03646626936852382,0.02357466413027094,0.007165630010180057,0.01885233193016299,0.009716135613679103,0.02207043466885147,0.045010349266493534,0.032318206305928784,0.02396642683843145,0.045859439768303145,0.035444694618574205,68867
expanded_bank,known_action__shift_+0__gain_0.850__delay_0__slip_0.200__rot_-8.0::grid_4_5,known_action__shift_+0__gain_0.850__delay_0__slip_0.200__rot_-8.0,grid_4_5,40,2,"{""attachment_shifts"":[0],""contact_prior_weight"":0.006231139928671203,""delay_steps"":0,""gain_multiplier"":0.85,""rotation_degrees"":-8.0,""slip_fraction"":0.2}","{""future_action_observed"":true,""prior_weight"":1.0,""proposal_id"":""known_action"",""provenance"":""released future controller trajectory""}","[7,27]",0.019939566414495444,0.04107299479338899,0.029799727103612842,0.0013737261316347621,-0.01693119177800834,0.007926758253332314,0.946949602122016,0.03355057142256568,0.07311848926809493,4147,0.018258736551756916,0.035384142122849925,0.02445774967960878,0.006916759827753953,0.017360775978949416,0.009351403428086416,0.02268732980696078,0.043991505133489005,0.033245789068100294,0.024692190566425003,0.04505556425524643,0.03640878728461693,68867
expanded_bank,known_action__shift_+0__gain_0.850__delay_0__slip_0.200__rot_-8.0::grid_3_4,known_action__shift_+0__gain_0.850__delay_0__slip_0.200__rot_-8.0,grid_3_4,40,3,"{""attachment_shifts"":[0],""contact_prior_weight"":0.006231139928671203,""delay_steps"":0,""gain_multiplier"":0.85,""rotation_degrees"":-8.0,""slip_fraction"":0.2}","{""future_action_observed"":true,""prior_weight"":1.0,""proposal_id"":""known_action"",""provenance"":""released future controller trajectory""}","[7,27]",0.018201657888939224,0.03843240371997217,0.027330612950926595,0.0017396366714949626,-0.015702663702442117,0.0035988973203479454,0.932240173619484,0.03046440755121772,0.061173502279269126,4147,0.016074990165448357,0.03264352097135776,0.021424102241838265,0.006706416557731619,0.017228558338975894,0.00914819525845115,0.020465035994277025,0.04114172631068474,0.03009328091311031,0.022315480275863223,0.04214097084283166,0.03320279420670524,68867
expanded_bank,known_action__shift_+0__gain_0.850__delay_0__slip_0.200__rot_+8.0::grid_4_4,known_action__shift_+0__gain_0.850__delay_0__slip_0.200__rot_+8.0,grid_4_4,41,0,"{""attachment_shifts"":[0],""contact_prior_weight"":0.006231139928671203,""delay_steps"":0,""gain_multiplier"":0.85,""rotation_degrees"":8.0,""slip_fraction"":0.2}","{""future_action_observed"":true,""prior_weight"":1.0,""proposal_id"":""known_action"",""provenance"":""released future controller trajectory""}","[7,27]",0.020524774868907227,0.043114034666479846,0.0310356020418698,0.00398432210145325,-0.018560087848790135,0.005817466396731789,0.9445382204002893,0.035142157521841196,0.07123569895783305,4147,0.018993909486082046,0.038801307934698534,0.025973745169845092,0.00731530038041674,0.018927526035111053,0.010084391284203766,0.0235088192607088,0.047559098897706674,0.034834930856346216,0.025344078424067665,0.048221851586576284,0.037661843809024195,68867
expanded_bank,known_action__shift_+0__gain_0.850__delay_0__slip_0.200__rot_+8.0::grid_4_3,known_action__shift_+0__gain_0.850__delay_0__slip_0.200__rot_+8.0,grid_4_3,41,1,"{""attachment_shifts"":[0],""contact_prior_weight"":0.006231139928671203,""delay_steps"":0,""gain_multiplier"":0.85,""rotation_degrees"":8.0,""slip_fraction"":0.2}","{""future_action_observed"":true,""prior_weight"":1.0,""proposal_id"":""known_action"",""provenance"":""released future controller trajectory""}","[7,27]",0.02043861368228846,0.04435914609637094,0.030829645603664278,0.003538512237323263,-0.01845171187934616,0.003524597083640477,0.9380274897516276,0.03457123261563825,0.06920211967214258,4147,0.01874465535044569,0.04016396155972557,0.025527079826377506,0.007599583855523173,0.020429407915735533,0.01048620858943488,0.023228002586645133,0.04895204069862305,0.034320341427090235,0.025000640874640243,0.04954362587400547,0.03714817204765945,68867
expanded_bank,known_action__shift_+0__gain_0.850__delay_0__slip_0.200__rot_+8.0::grid_4_5,known_action__shift_+0__gain_0.850__delay_0__slip_0.200__rot_+8.0,grid_4_5,41,2,"{""attachment_shifts"":[0],""contact_prior_weight"":0.006231139928671203,""delay_steps"":0,""gain_multiplier"":0.85,""rotation_degrees"":8.0,""slip_fraction"":0.2}","{""future_action_observed"":true,""prior_weight"":1.0,""proposal_id"":""known_action"",""provenance"":""released future controller trajectory""}","[7,27]",0.020535699361879586,0.04270445619880917,0.031033306013365368,0.003971147821096377,-0.01886811758469466,0.006837718333725071,0.9459850494333253,0.03543993803796716,0.07228827788809997,4147,0.01916893746637447,0.03833882693854736,0.02621704973149399,0.007223819878075184,0.018294937674427032,0.009950039232196591,0.02369018863765289,0.04711195373106854,0.035091993931161,0.025579117054809693,0.0479130323057576,0.0379562298419177,68867
expanded_bank,known_action__shift_+0__gain_0.850__delay_0__slip_0.200__rot_+8.0::grid_3_4,known_action__shift_+0__gain_0.850__delay_0__slip_0.200__rot_+8.0,grid_3_4,41,3,"{""attachment_shifts"":[0],""contact_prior_weight"":0.006231139928671203,""delay_steps"":0,""gain_multiplier"":0.85,""rotation_degrees"":8.0,""slip_fraction"":0.2}","{""future_action_observed"":true,""prior_weight"":1.0,""proposal_id"":""known_action"",""provenance"":""released future controller trajectory""}","[7,27]",0.018860645799630243,0.04017869055817022,0.028633918535912642,0.003909017574902111,-0.01787871838457704,0.0025358640568446168,0.9382686279238004,0.03250398584774776,0.06390633578544175,4147,0.0171926686570955,0.03617197705869065,0.02332890496662754,0.007070800280931665,0.018355215250909364,0.009794939198897632,0.021668190786865684,0.04499929211616199,0.0320900724639401,0.023399702308556987,0.04566400711835944,0.03491138209078442,68867
expanded_bank,known_action__shift_-1__gain_1.150__delay_0__slip_0.000__rot_-8.0::grid_4_4,known_action__shift_-1__gain_1.150__delay_0__slip_0.000__rot_-8.0,grid_4_4,42,0,"{""attachment_shifts"":[-1],""contact_prior_weight"":0.005065473320288229,""delay_steps"":0,""gain_multiplier"":1.15,""rotation_degrees"":-8.0,""slip_fraction"":0.0}","{""future_action_observed"":true,""prior_weight"":1.0,""proposal_id"":""known_action"",""provenance"":""released future controller trajectory""}","[7,27]",0.019876873405206438,0.04369458385275781,0.028894710337201843,-0.0003340293198593677,-0.015596888708975238,0.009947751514749933,0.9136725343621895,0.032019909553793885,0.07656424387132937,4147,0.01837898291756454,0.03768450892707188,0.023518894541128967,0.00751528397335921,0.02177573019241598,0.00966456692616664,0.02256547925693658,0.04525518846158243,0.03187769805740818,0.024626397637679584,0.046034228180943854,0.03536506361281381,68867
expanded_bank,known_action__shift_-1__gain_1.150__delay_0__slip_0.000__rot_-8.0::grid_4_3,known_action__shift_-1__gain_1.150__delay_0__slip_0.000__rot_-8.0,grid_4_3,42,1,"{""attachment_shifts"":[-1],""contact_prior_weight"":0.005065473320288229,""delay_steps"":0,""gain_multiplier"":1.15,""rotation_degrees"":-8.0,""slip_fraction"":0.0}","{""future_action_observed"":true,""prior_weight"":1.0,""proposal_id"":""known_action"",""provenance"":""released future controller trajectory""}","[7,27]",0.019888223911897308,0.04285186060041761,0.02887724725451559,-0.0014026939780987545,-0.015590166898420322,0.007814707964977163,0.9319990354473113,0.0314427052317069,0.07444260103741245,4147,0.018160998673103574,0.03760540450586356,0.02344235660242638,0.00811724826262606,0.0228120824640958,0.010610466463341385,0.022306313500919904,0.044804305783152594,0.03169392834075519,0.024241860966853674,0.04535270243990605,0.03501306185230286,68867
expanded_bank,known_action__shift_-1__gain_1.150__delay_0__slip_0.000__rot_-8.0::grid_4_5,known_action__shift_-1__gain_1.150__delay_0__slip_0.000__rot_-8.0,grid_4_5,42,2,"{""attachment_shifts"":[-1],""contact_prior_weight"":0.005065473320288229,""delay_steps"":0,""gain_multiplier"":1.15,""rotation_degrees"":-8.0,""slip_fraction"":0.0}","{""future_action_observed"":true,""prior_weight"":1.0,""proposal_id"":""known_action"",""provenance"":""released future controller trajectory""}","[7,27]",0.019654772401655123,0.03948945462643771,0.028506921787855757,-0.0004224035194789725,-0.015737596697905504,0.011866311180625816,0.8881118881118881,0.032336341191161126,0.07799411892461447,4147,0.018499741257419874,0.03374054030678896,0.023352592749595162,0.007030304820145551,0.016441224251495228,0.008832469512191578,0.0227126246103882,0.04200138467248367,0.03187793483573199,0.024883026324040644,0.043747470053033255,0.03554944589980129,68867
expanded_bank,known_action__shift_-1__gain_1.150__delay_0__slip_0.000__rot_-8.0::grid_3_4,known_action__shift_-1__gain_1.150__delay_0__slip_0.000__rot_-8.0,grid_3_4,42,3,"{""attachment_shifts"":[-1],""contact_prior_weight"":0.005065473320288229,""delay_steps"":0,""gain_multiplier"":1.15,""rotation_degrees"":-8.0,""slip_fraction"":0.0}","{""future_action_observed"":true,""prior_weight"":1.0,""proposal_id"":""known_action"",""provenance"":""released future controller trajectory""}","[7,27]",0.01806234996146192,0.04048108245313089,0.026419162959890982,-0.0001579724990739839,-0.014999922534331718,0.00681034284860054,0.9095731854352544,0.02938079373584494,0.06459995193594087,4147,0.016226692061520522,0.03488249720062284,0.020909309923373365,0.007246096128955017,0.021322157625526708,0.009479869871841535,0.020413629919352683,0.04239226768532845,0.029184274564019834,0.022364905399765874,0.04299176926523698,0.0326003223803545,68867
expanded_bank,known_action__shift_-1__gain_1.150__delay_0__slip_0.000__rot_+8.0::grid_4_4,known_action__shift_-1__gain_1.150__delay_0__slip_0.000__rot_+8.0,grid_4_4,43,0,"{""attachment_shifts"":[-1],""contact_prior_weight"":0.005065473320288229,""delay_steps"":0,""gain_multiplier"":1.15,""rotation_degrees"":8.0,""slip_fraction"":0.0}","{""future_action_observed"":true,""prior_weight"":1.0,""proposal_id"":""known_action"",""provenance"":""released future controller trajectory""}","[7,27]",0.02035414865148229,0.04321925598832123,0.03007079327613696,0.0026665042525252816,-0.01835174108678294,0.009256926323685957,0.9247648902821317,0.03427312660011638,0.07722341260540731,4147,0.01927053244009456,0.038860597890947396,0.025381644139329113,0.007580923661004334,0.020494272174890082,0.010032031295128143,0.023611165669283948,0.04708731647642815,0.033996864290242595,0.02557695136459952,0.04783746602629239,0.03709574600589167,68867
expanded_bank,known_action__shift_-1__gain_1.150__delay_0__slip_0.000__rot_+8.0::grid_4_3,known_action__shift_-1__gain_1.150__delay_0__slip_0.000__rot_+8.0,grid_4_3,43,1,"{""attachment_shifts"":[-1],""contact_prior_weight"":0.005065473320288229,""delay_steps"":0,""gain_multiplier"":1.15,""rotation_degrees"":8.0,""slip_fraction"":0.0}","{""future_action_observed"":true,""prior_weight"":1.0,""proposal_id"":""known_action"",""provenance"":""released future controller trajectory""}","[7,27]",0.020267979523075245,0.04299317002649605,0.029916123352144663,0.0016391125817472182,-0.01844311327946696,0.007396167971716543,0.9329635881360019,0.033670468180076824,0.07479045044396265,4147,0.018999580135569787,0.03876743516546768,0.02512103094129064,0.008005482188041443,0.02209370297390326,0.010678473563658492,0.02330887813691116,0.04657964908024987,0.03363941281034806,0.02518970118779197,0.04711633139071922,0.03668689876530488,68867
expanded_bank,known_action__shift_-1__gain_1.150__delay_0__slip_0.000__rot_+8.0::grid_4_5,known_action__shift_-1__gain_1.150__delay_0__slip_0.000__rot_+8.0,grid_4_5,43,2,"{""attachment_shifts"":[-1],""contact_prior_weight"":0.005065473320288229,""delay_steps"":0,""gain_multiplier"":1.15,""rotation_degrees"":8.0,""slip_fraction"":0.0}","{""future_action_observed"":true,""prior_weight"":1.0,""proposal_id"":""known_action"",""provenance"":""released future controller trajectory""}","[7,27]",0.020298648313931102,0.0414294335727415,0.029900393306225865,0.00272528651181971,-0.018461389562487034,0.010785760480604981,0.9143959488787075,0.03461433006038917,0.07878964353186314,4147,0.019454603183867634,0.037251114158345186,0.025470814941988894,0.007335128326058252,0.01791295280142557,0.009545614086405925,0.02380957853758564,0.045870612413098984,0.03416687846144863,0.025858592102365532,0.04708044326651194,0.03736702307537833,68867
expanded_bank,known_action__shift_-1__gain_1.150__delay_0__slip_0.000__rot_+8.0::grid_3_4,known_action__shift_-1__gain_1.150__delay_0__slip_0.000__rot_+8.0,grid_3_4,43,3,"{""attachment_shifts"":[-1],""contact_prior_weight"":0.005065473320288229,""delay_steps"":0,""gain_multiplier"":1.15,""rotation_degrees"":8.0,""slip_fraction"":0.0}","{""future_action_observed"":true,""prior_weight"":1.0,""proposal_id"":""known_action"",""provenance"":""released future controller trajectory""}","[7,27]",0.01857968860683877,0.04000434840338884,0.027611624939104327,0.0027930820464750444,-0.017713446295548916,0.006138686345617093,0.9184952978056427,0.03165843225268453,0.066363263529736,4147,0.017223311176088437,0.03583109161427867,0.022761835688437704,0.0073080645210961285,0.01981482688089471,0.0098189853396648,0.02156281864085171,0.04404649823376994,0.03130404337748516,0.023428476147675223,0.04468490433362526,0.03436857710139423,68867
expanded_bank,known_action__shift_+1__gain_1.150__delay_0__slip_0.000__rot_-8.0::grid_4_4,known_action__shift_+1__gain_1.150__delay_0__slip_0.000__rot_-8.0,grid_4_4,44,0,"{""attachment_shifts"":[1],""contact_prior_weight"":0.005065473320288229,""delay_steps"":0,""gain_multiplier"":1.15,""rotation_degrees"":-8.0,""slip_fraction"":0.0}","{""future_action_observed"":true,""prior_weight"":1.0,""proposal_id"":""known_action"",""provenance"":""released future controller trajectory""}","[7,27]",0.019830297565697073,0.04098584526008006,0.027374021095898135,-0.01079106223363442,-0.02225716382821046,0.0034318048205242146,0.9319990354473113,0.03473937795790927,0.08283964389352931,4147,0.020223445450735483,0.03972634831067087,0.0259717760029548,0.007945254683504512,0.017958947957171983,0.00995370343991825,0.024517529475624977,0.04823876525741366,0.03471534008927913,0.02591168117201403,0.048662258818824945,0.03703969882679967,68867
expanded_bank,known_action__shift_+1__gain_1.150__delay_0__slip_0.000__rot_-8.0::grid_4_3,known_action__shift_+1__gain_1.150__delay_0__slip_0.000__rot_-8.0,grid_4_3,44,1,"{""attachment_shifts"":[1],""contact_prior_weight"":0.005065473320288229,""delay_steps"":0,""gain_multiplier"":1.15,""rotation_degrees"":-8.0,""slip_fraction"":0.0}","{""future_action_observed"":true,""prior_weight"":1.0,""proposal_id"":""known_action"",""provenance"":""released future controller trajectory""}","[7,27]",0.019587077908493067,0.040716780643784214,0.026991196660242807,-0.011516842540728812,-0.02165114964516837,0.0035339591326177576,0.931516759102966,0.03439484549066972,0.08149123059839913,4147,0.019963088597349524,0.03934927556397558,0.025605722995451604,0.007894131662451998,0.01780583819761991,0.009874371539134692,0.02425461930709665,0.047948080191598616,0.03434907550137806,0.025689357854075077,0.04845183497615087,0.03677707695602397,68867
expanded_bank,known_action__shift_+1__gain_1.150__delay_0__slip_0.000__rot_-8.0::grid_4_5,known_action__shift_+1__gain_1.150__delay_0__slip_0.000__rot_-8.0,grid_4_5,44,2,"{""attachment_shifts"":[1],""contact_prior_weight"":0.005065473320288229,""delay_steps"":0,""gain_multiplier"":1.15,""rotation_degrees"":-8.0,""slip_fraction"":0.0}","{""future_action_observed"":true,""prior_weight"":1.0,""proposal_id"":""known_action"",""provenance"":""released future controller trajectory""}","[7,27]",0.019844194559650957,0.04097085873867697,0.027409553166197163,-0.010897358544903979,-0.022294909264753825,0.003432374545208842,0.9319990354473113,0.03481731560634811,0.08303509115390918,4147,0.02025657916873842,0.03970736353859717,0.026046554633542083,0.007917742010501648,0.01791153677616953,0.009924867297802056,0.024555873503517445,0.04821120346037004,0.03479862354700776,0.025976295408190346,0.048670479798963245,0.0371636736368214,68867
expanded_bank,known_action__shift_+1__gain_1.150__delay_0__slip_0.000__rot_-8.0::grid_3_4,known_action__shift_+1__gain_1.150__delay_0__slip_0.000__rot_-8.0,grid_3_4,44,3,"{""attachment_shifts"":[1],""contact_prior_weight"":0.005065473320288229,""delay_steps"":0,""gain_multiplier"":1.15,""rotation_degrees"":-8.0,""slip_fraction"":0.0}","{""future_action_observed"":true,""prior_weight"":1.0,""proposal_id"":""known_action"",""provenance"":""released future controller trajectory""}","[7,27]",0.01808445117972505,0.03852117723330782,0.025027485640037324,-0.010438760443624174,-0.022274391445006158,0.000544797765049524,0.9344104171690378,0.033218622111139996,0.07291799793516643,4147,0.018636827324139495,0.03814280408566447,0.02435345923008435,0.0076013688876088795,0.017887029916922086,0.00970813912575854,0.02299677630933745,0.046772680711223286,0.033108771425743914,0.024111219428337806,0.046770082651783305,0.03486677466831049,68867
expanded_bank,known_action__shift_+1__gain_1.150__delay_0__slip_0.000__rot_+8.0::grid_4_4,known_action__shift_+1__gain_1.150__delay_0__slip_0.000__rot_+8.0,grid_4_4,45,0,"{""attachment_shifts"":[1],""contact_prior_weight"":0.005065473320288229,""delay_steps"":0,""gain_multiplier"":1.15,""rotation_degrees"":8.0,""slip_fraction"":0.0}","{""future_action_observed"":true,""prior_weight"":1.0,""proposal_id"":""known_action"",""provenance"":""released future controller trajectory""}","[7,27]",0.019883200274453765,0.0410891282443092,0.027701158679337957,-0.0076027491929279494,-0.02520539630610486,0.002969179733611261,0.9515312273932963,0.03600043194022536,0.08404393921635404,4147,0.020716385323918157,0.04143961668631727,0.026866677360758418,0.008196547185388866,0.017966668406295436,0.01040330177517795,0.0250862165739873,0.050347024746740736,0.035818946208321746,0.026464822817193426,0.0507916435597063,0.03815199874087593,68867
expanded_bank,known_action__shift_+1__gain_1.150__delay_0__slip_0.000__rot_+8.0::grid_4_3,known_action__shift_+1__gain_1.150__delay_0__slip_0.000__rot_+8.0,grid_4_3,45,1,"{""attachment_shifts"":[1],""contact_prior_weight"":0.005065473320288229,""delay_steps"":0,""gain_multiplier"":1.15,""rotation_degrees"":8.0,""slip_fraction"":0.0}","{""future_action_observed"":true,""prior_weight"":1.0,""proposal_id"":""known_action"",""provenance"":""released future controller trajectory""}","[7,27]",0.019662932443712092,0.040902237544984656,0.02740065057285105,-0.008375107858753818,-0.02465832805843409,0.0031222363541643598,0.9498432601880877,0.0356061200329785,0.08281558672918687,4147,0.02045699190069071,0.04100865487272462,0.02647081066933998,0.00814276251431395,0.017827723006807628,0.010326383825019152,0.024818116172078436,0.04996052820636826,0.03540561758362082,0.02624391170769074,0.050549620949076904,0.03787050136813795,68867
expanded_bank,known_action__shift_+1__gain_1.150__delay_0__slip_0.000__rot_+8.0::grid_4_5,known_action__shift_+1__gain_1.150__delay_0__slip_0.000__rot_+8.0,grid_4_5,45,2,"{""attachment_shifts"":[1],""contact_prior_weight"":0.005065473320288229,""delay_steps"":0,""gain_multiplier"":1.15,""rotation_degrees"":8.0,""slip_fraction"":0.0}","{""future_action_observed"":true,""prior_weight"":1.0,""proposal_id"":""known_action"",""provenance"":""released future controller trajectory""}","[7,27]",0.01992496433706464,0.04112910073836435,0.027770159730924972,-0.007594526885118636,-0.02522137953812234,0.0029906053946038946,0.9512900892211237,0.03607118909249443,0.08432983866757873,4147,0.020751252792265404,0.041398627588022256,0.0269340846883445,0.008167630739903751,0.017921373639631612,0.010363934167824638,0.0251246967248094,0.05028991248288769,0.035893994421328526,0.0265268522537669,0.05076595031708942,0.038256963166046855,68867
expanded_bank,known_action__shift_+1__gain_1.150__delay_0__slip_0.000__rot_+8.0::grid_3_4,known_action__shift_+1__gain_1.150__delay_0__slip_0.000__rot_+8.0,grid_3_4,45,3,"{""attachment_shifts"":[1],""contact_prior_weight"":0.005065473320288229,""delay_steps"":0,""gain_multiplier"":1.15,""rotation_degrees"":8.0,""slip_fraction"":0.0}","{""future_action_observed"":true,""prior_weight"":1.0,""proposal_id"":""known_action"",""provenance"":""released future controller trajectory""}","[7,27]",0.018142488590504824,0.03840435362879876,0.02537549540975916,-0.007319395149735466,-0.025045410233497097,0.00010704580115635552,0.9512900892211237,0.0344069118948806,0.07404975939929792,4147,0.019158886245123616,0.03988216865954237,0.025190987751520292,0.007854402987417547,0.017904953977556724,0.010146848323675397,0.02358182389536105,0.04891153995531625,0.034129563935920704,0.02469932360444541,0.04894351482941776,0.03595285598222747,68867
expanded_bank,known_action__shift_-1__gain_0.850__delay_0__slip_0.000__rot_-8.0::grid_4_4,known_action__shift_-1__gain_0.850__delay_0__slip_0.000__rot_-8.0,grid_4_4,46,0,"{""attachment_shifts"":[-1],""contact_prior_weight"":0.005065473320288223,""delay_steps"":0,""gain_multiplier"":0.85,""rotation_degrees"":-8.0,""slip_fraction"":0.0}","{""future_action_observed"":true,""prior_weight"":1.0,""proposal_id"":""known_action"",""provenance"":""released future controller trajectory""}","[7,27]",0.02001328984724358,0.042938775112629335,0.02916276327764724,-0.001032207292524092,-0.015563033319697888,0.008001776264150997,0.9336870026525199,0.031714590206937995,0.07485222894946013,4147,0.018257758160423326,0.03769556439016955,0.023599093440781677,0.008030369919609603,0.022522290309649036,0.010516918883214783,0.022426897488771868,0.045001573840617794,0.03192323340777017,0.024351217014993674,0.045389353561436495,0.035156492407138785,68867
expanded_bank,known_action__shift_-1__gain_0.850__delay_0__slip_0.000__rot_-8.0::grid_4_3,known_action__shift_-1__gain_0.850__delay_0__slip_0.000__rot_-8.0,grid_4_3,46,1,"{""attachment_shifts"":[-1],""contact_prior_weight"":0.005065473320288223,""delay_steps"":0,""gain_multiplier"":0.85,""rotation_degrees"":-8.0,""slip_fraction"":0.0}","{""future_action_observed"":true,""prior_weight"":1.0,""proposal_id"":""known_action"",""provenance"":""released future controller trajectory""}","[7,27]",0.020030580688343794,0.0442358862026836,0.028950843991197392,-0.002497538487180152,-0.01441441163700834,0.005187043907619937,0.9274174101760309,0.030601722533385806,0.07193445470592938,4147,0.017869110345663426,0.03870703863479879,0.022993690751185635,0.008648293584268026,0.024570657458705174,0.011294333386639571,0.02194379847073274,0.04582806809288309,0.031190862957486243,0.023726563653440582,0.04628741354605531,0.034272395129047666,68867
expanded_bank,known_action__shift_-1__gain_0.850__delay_0__slip_0.000__rot_-8.0::grid_4_5,known_action__shift_-1__gain_0.850__delay_0__slip_0.000__rot_-8.0,grid_4_5,46,2,"{""attachment_shifts"":[-1],""contact_prior_weight"":0.005065473320288223,""delay_steps"":0,""gain_multiplier"":0.85,""rotation_degrees"":-8.0,""slip_fraction"":0.0}","{""future_action_observed"":true,""prior_weight"":1.0,""proposal_id"":""known_action"",""provenance"":""released future controller trajectory""}","[7,27]",0.01983126507412774,0.04316476889450473,0.02885417752649885,-0.00033101270072726885,-0.015703112586006977,0.010332571427689664,0.9129491198456716,0.03216602056498685,0.07691026360562045,4147,0.018404391875677786,0.03718141120141623,0.023481701602147867,0.007341519964187043,0.020792957062764093,0.009408751068616373,0.022607495585359315,0.04497979538435804,0.03191922560625102,0.024702770876192583,0.045936684100345584,0.03544404004861523,68867
expanded_bank,known_action__shift_-1__gain_0.850__delay_0__slip_0.000__rot_-8.0::grid_3_4,known_action__shift_-1__gain_0.850__delay_0__slip_0.000__rot_-8.0,grid_3_4,46,3,"{""attachment_shifts"":[-1],""contact_prior_weight"":0.005065473320288223,""delay_steps"":0,""gain_multiplier"":0.85,""rotation_degrees"":-8.0,""slip_fraction"":0.0}","{""future_action_observed"":true,""prior_weight"":1.0,""proposal_id"":""known_action"",""provenance"":""released future controller trajectory""}","[7,27]",0.018192928077100122,0.03992559427038345,0.026707340588387297,-0.0005080238076263178,-0.014606583652056686,0.004766450939418409,0.9230769230769231,0.029016868291438864,0.06255469088691429,4147,0.01607941155970738,0.03459272784479432,0.02084635714609492,0.007577851234799932,0.021471894286064278,0.010044232823395043,0.02024250745985736,0.04201396540950783,0.029089204091427595,0.022067008773208514,0.042254750344239055,0.032281335403372954,68867
expanded_bank,known_action__shift_-1__gain_0.850__delay_0__slip_0.000__rot_+8.0::grid_4_4,known_action__shift_-1__gain_0.850__delay_0__slip_0.000__rot_+8.0,grid_4_4,47,0,"{""attachment_shifts"":[-1],""contact_prior_weight"":0.005065473320288223,""delay_steps"":0,""gain_multiplier"":0.85,""rotation_degrees"":8.0,""slip_fraction"":0.0}","{""future_action_observed"":true,""prior_weight"":1.0,""proposal_id"":""known_action"",""provenance"":""released future controller trajectory""}","[7,27]",0.020407831061682383,0.043479316793525756,0.030224533149824387,0.0020818076561279356,-0.018370045811176388,0.007596626160766555,0.9346515553412105,0.033958770133372077,0.07548482023087288,4147,0.019114663843406234,0.03942633127790752,0.02532449289042029,0.007948260462248542,0.02230075997282185,0.010621011883129186,0.02344454407870326,0.04731234814065626,0.03390848684216974,0.02530405898308889,0.04770531576313734,0.03684791329158987,68867
expanded_bank,known_action__shift_-1__gain_0.850__delay_0__slip_0.000__rot_+8.0::grid_4_3,known_action__shift_-1__gain_0.850__delay_0__slip_0.000__rot_+8.0,grid_4_3,47,1,"{""attachment_shifts"":[-1],""contact_prior_weight"":0.005065473320288223,""delay_steps"":0,""gain_multiplier"":0.85,""rotation_degrees"":8.0,""slip_fraction"":0.0}","{""future_action_observed"":true,""prior_weight"":1.0,""proposal_id"":""known_action"",""provenance"":""released future controller trajectory""}","[7,27]",0.020275843434282192,0.04388258819643635,0.029816281419984065,-9.067979524819509e-05,-0.01780267429051309,0.0047508159636431855,0.9339281408246926,0.032622291241200696,0.07207542717243044,4147,0.018675340457501056,0.03962664297701234,0.024714254905781156,0.008661735410716978,0.02386951026250172,0.01168130067847502,0.02289718445540365,0.04718776545264547,0.03303969689294927,0.02462347653110513,0.047517334926820795,0.035868993283893404,68867
expanded_bank,known_action__shift_-1__gain_0.850__delay_0__slip_0.000__rot_+8.0::grid_4_5,known_action__shift_-1__gain_0.850__delay_0__slip_0.000__rot_+8.0,grid_4_5,47,2,"{""attachment_shifts"":[-1],""contact_prior_weight"":0.005065473320288223,""delay_steps"":0,""gain_multiplier"":0.85,""rotation_degrees"":8.0,""slip_fraction"":0.0}","{""future_action_observed"":true,""prior_weight"":1.0,""proposal_id"":""known_action"",""provenance"":""released future controller trajectory""}","[7,27]",0.0203795827943486,0.043132866833060876,0.030107606288510287,0.002718932227786284,-0.018371813535562477,0.009519141458681024,0.9254883047986496,0.03440150323181306,0.07774487898710741,4147,0.019326082503983728,0.038743504753569205,0.025430767773640187,0.007522506286514182,0.02015872758994832,0.009927598871230126,0.023674968241937783,0.047037405983554055,0.034088040310988096,0.02566219490016438,0.04783563401742713,0.03719370548747951,68867
expanded_bank,known_action__shift_-1__gain_0.850__delay_0__slip_0.000__rot_+8.0::grid_3_4,known_action__shift_-1__gain_0.850__delay_0__slip_0.000__rot_+8.0,grid_3_4,47,3,"{""attachment_shifts"":[-1],""contact_prior_weight"":0.005065473320288223,""delay_steps"":0,""gain_multiplier"":0.85,""rotation_degrees"":8.0,""slip_fraction"":0.0}","{""future_action_observed"":true,""prior_weight"":1.0,""proposal_id"":""known_action"",""provenance"":""released future controller trajectory""}","[7,27]",0.01864528763607393,0.0403111840670267,0.027815230634138124,0.0023419335221447706,-0.017521239302938443,0.004384284868047509,0.9276585483482035,0.0313212521178416,0.0648063787733635,4147,0.01708619057092439,0.0365501543884988,0.022698774107848943,0.007594231662019817,0.021482076633415816,0.010291547321859088,0.02140592352779143,0.044446613101173316,0.031180746778818505,0.023163988959912517,0.04468564310467554,0.03408823899516939,68867
expanded_bank,known_action__shift_+1__gain_0.850__delay_0__slip_0.000__rot_-8.0::grid_4_4,known_action__shift_+1__gain_0.850__delay_0__slip_0.000__rot_-8.0,grid_4_4,48,0,"{""attachment_shifts"":[1],""contact_prior_weight"":0.005065473320288223,""delay_steps"":0,""gain_multiplier"":0.85,""rotation_degrees"":-8.0,""slip_fraction"":0.0}","{""future_action_observed"":true,""prior_weight"":1.0,""proposal_id"":""known_action"",""provenance"":""released future controller trajectory""}","[7,27]",0.019826407435539144,0.041033562854258916,0.027373998645677345,-0.010785092735245416,-0.022066849378439304,0.0031533647122598163,0.9317578972751387,0.03465227864307645,0.0822959581147062,4147,0.02014793348033747,0.039729152062737985,0.025882654255131175,0.007954433888907889,0.017996002079834577,0.009965216021708656,0.02444358860183382,0.04827219234526857,0.03462310629774954,0.025825532684520584,0.04867845462184518,0.03691876347690485,68867
expanded_bank,known_action__shift_+1__gain_0.850__delay_0__slip_0.000__rot_-8.0::grid_4_3,known_action__shift_+1__gain_0.850__delay_0__slip_0.000__rot_-8.0,grid_4_3,48,1,"{""attachment_shifts"":[1],""contact_prior_weight"":0.005065473320288223,""delay_steps"":0,""gain_multiplier"":0.85,""rotation_degrees"":-8.0,""slip_fraction"":0.0}","{""future_action_observed"":true,""prior_weight"":1.0,""proposal_id"":""known_action"",""provenance"":""released future controller trajectory""}","[7,27]",0.019583985078503757,0.04078215424725573,0.026994101642794564,-0.011486370520880503,-0.02149546653391439,0.0030936789861037537,0.931516759102966,0.03433480072610196,0.0807736632665021,4147,0.0198833980933325,0.03939425942112471,0.025539589280489782,0.00791347410095757,0.01789191481386627,0.009899497638602827,0.02418098463385241,0.04802767204353515,0.03428464779629648,0.025598675593950043,0.04850559096057256,0.03666733653535759,68867
expanded_bank,known_action__shift_+1__gain_0.850__delay_0__slip_0.000__rot_-8.0::grid_4_5,known_action__shift_+1__gain_0.850__delay_0__slip_0.000__rot_-8.0,grid_4_5,48,2,"{""attachment_shifts"":[1],""contact_prior_weight"":0.005065473320288223,""delay_steps"":0,""gain_multiplier"":0.85,""rotation_degrees"":-8.0,""slip_fraction"":0.0}","{""future_action_observed"":true,""prior_weight"":1.0,""proposal_id"":""known_action"",""provenance"":""released future controller trajectory""}","[7,27]",0.019860988494192083,0.04101980915622749,0.027434013573355006,-0.010809194900829452,-0.022217537490238904,0.0033506335338437296,0.9319990354473113,0.0347702996293359,0.0828754724640891,4147,0.020232170364544173,0.03972200278470293,0.02600121351645407,0.007929682919630848,0.01794481624027087,0.00993792087431901,0.024529309023504323,0.048232566109516116,0.03474880499206695,0.02594609531205224,0.04868680275959065,0.03710892390222759,68867
expanded_bank,known_action__shift_+1__gain_0.850__delay_0__slip_0.000__rot_-8.0::grid_3_4,known_action__shift_+1__gain_0.850__delay_0__slip_0.000__rot_-8.0,grid_3_4,48,3,"{""attachment_shifts"":[1],""contact_prior_weight"":0.005065473320288223,""delay_steps"":0,""gain_multiplier"":0.85,""rotation_degrees"":-8.0,""slip_fraction"":0.0}","{""future_action_observed"":true,""prior_weight"":1.0,""proposal_id"":""known_action"",""provenance"":""released future controller trajectory""}","[7,27]",0.01809460117450275,0.038571618255929016,0.02504466171707214,-0.010368228532375338,-0.02213362804880339,0.00027257179234727974,0.9332047263081746,0.033155353286356035,0.07257327920879884,4147,0.018586771533622797,0.03816301412992432,0.024287826619179477,0.007607943646755507,0.017924764172749543,0.009717313164655081,0.02294715468111656,0.046821787015544146,0.03303930989311782,0.02404800396566943,0.046797075091033494,0.0347668849643664,68867
expanded_bank,known_action__shift_+1__gain_0.850__delay_0__slip_0.000__rot_+8.0::grid_4_4,known_action__shift_+1__gain_0.850__delay_0__slip_0.000__rot_+8.0,grid_4_4,49,0,"{""attachment_shifts"":[1],""contact_prior_weight"":0.005065473320288223,""delay_steps"":0,""gain_multiplier"":0.85,""rotation_degrees"":8.0,""slip_fraction"":0.0}","{""future_action_observed"":true,""prior_weight"":1.0,""proposal_id"":""known_action"",""provenance"":""released future controller trajectory""}","[7,27]",0.019888825437584842,0.041147767021406996,0.027713193856323166,-0.0075571468204959635,-0.025027757410356136,0.0026684675893682286,0.9503255365324331,0.03589873539520204,0.08383869613950454,4147,0.020646642437687338,0.04149178493452603,0.02677479104582054,0.008221793133049696,0.018036660914843,0.010440456527459344,0.0250154349698598,0.050427224915127924,0.03571604697423555,0.02637880643326359,0.05084299531866306,0.038020204830179274,68867
expanded_bank,known_action__shift_+1__gain_0.850__delay_0__slip_0.000__rot_+8.0::grid_4_3,known_action__shift_+1__gain_0.850__delay_0__slip_0.000__rot_+8.0,grid_4_3,49,1,"{""attachment_shifts"":[1],""contact_prior_weight"":0.005065473320288223,""delay_steps"":0,""gain_multiplier"":0.85,""rotation_degrees"":8.0,""slip_fraction"":0.0}","{""future_action_observed"":true,""prior_weight"":1.0,""proposal_id"":""known_action"",""provenance"":""released future controller trajectory""}","[7,27]",0.019674720413735063,0.04101151333504876,0.02742490449342473,-0.008315112852542656,-0.024559844587608466,0.0026588238527923574,0.9493609838437425,0.035574765997245614,0.0823056669054272,4147,0.020403206571516324,0.041135130796119516,0.026447419914140714,0.008177213296241366,0.01794274447216814,0.01037149099197905,0.024770145217405785,0.05011463976052668,0.035377058319403916,0.026177565244464598,0.050668185969797,0.03779963956380734,68867
expanded_bank,known_action__shift_+1__gain_0.850__delay_0__slip_0.000__rot_+8.0::grid_4_5,known_action__shift_+1__gain_0.850__delay_0__slip_0.000__rot_+8.0,grid_4_5,49,2,"{""attachment_shifts"":[1],""contact_prior_weight"":0.005065473320288223,""delay_steps"":0,""gain_multiplier"":0.85,""rotation_degrees"":8.0,""slip_fraction"":0.0}","{""future_action_observed"":true,""prior_weight"":1.0,""proposal_id"":""known_action"",""provenance"":""released future controller trajectory""}","[7,27]",0.01992833571975238,0.04115651157303389,0.027772224403057596,-0.007522699009140932,-0.025154199346670677,0.0028814392962714036,0.9512900892211237,0.036013876800501006,0.08410694353808035,4147,0.02072260386156188,0.0414512681826818,0.026881792466831853,0.008188993291702909,0.01797338505857596,0.010395405383817204,0.025093446231036508,0.050355681625645576,0.03583485424690422,0.026489102126029382,0.05081785001916566,0.038189750661168004,68867
expanded_bank,known_action__shift_+1__gain_0.850__delay_0__slip_0.000__rot_+8.0::grid_3_4,known_action__shift_+1__gain_0.850__delay_0__slip_0.000__rot_+8.0,grid_3_4,49,3,"{""attachment_shifts"":[1],""contact_prior_weight"":0.005065473320288223,""delay_steps"":0,""gain_multiplier"":0.85,""rotation_degrees"":8.0,""slip_fraction"":0.0}","{""future_action_observed"":true,""prior_weight"":1.0,""proposal_id"":""known_action"",""provenance"":""released future controller trajectory""}","[7,27]",0.018150096923383676,0.0384466785779242,0.025396562491628923,-0.007274756534089102,-0.024907394306479914,-0.00017046450559712236,0.9491198456715698,0.03434246666492661,0.07357869396737107,4147,0.01911149518866487,0.03993592365512968,0.025133048897868653,0.007865724864645637,0.017961319990448768,0.01016560117286551,0.023534425047159226,0.04899183896007649,0.034063386862182084,0.02463911870784189,0.04899804439730113,0.03586074709037274,68867
expanded_bank,known_action__shift_+0__gain_1.150__delay_2__slip_0.200__rot_+0.0::grid_4_4,known_action__shift_+0__gain_1.150__delay_2__slip_0.200__rot_+0.0,grid_4_4,50,0,"{""attachment_shifts"":[0],""contact_prior_weight"":0.003995284719826807,""delay_steps"":2,""gain_multiplier"":1.15,""rotation_degrees"":0.0,""slip_fraction"":0.2}","{""future_action_observed"":true,""prior_weight"":1.0,""proposal_id"":""known_action"",""provenance"":""released future controller trajectory""}","[7,27]",0.020458104399809333,0.04242010924883504,0.031116495812747547,0.004533145269709362,-0.018488993237275042,0.004180819828170184,0.9409211478176995,0.035219293549001114,0.06899329212190172,4147,0.018778305804929698,0.03825667391727758,0.025853817116084102,0.00716889865304868,0.01816332528057504,0.009857523016627736,0.023348616220955555,0.047119188417358016,0.034787746862889754,0.025120244427931666,0.04779472258764103,0.03750396456339828,68867
expanded_bank,known_action__shift_+0__gain_1.150__delay_2__slip_0.200__rot_+0.0::grid_4_3,known_action__shift_+0__gain_1.150__delay_2__slip_0.200__rot_+0.0,grid_4_3,50,1,"{""attachment_shifts"":[0],""contact_prior_weight"":0.003995284719826807,""delay_steps"":2,""gain_multiplier"":1.15,""rotation_degrees"":0.0,""slip_fraction"":0.2}","{""future_action_observed"":true,""prior_weight"":1.0,""proposal_id"":""known_action"",""provenance"":""released future controller trajectory""}","[7,27]",0.020334105361966,0.042800820662280185,0.030865701419423575,0.004394646376936659,-0.01831063813244185,0.0032288907243782773,0.938509766095973,0.03481763276078884,0.06779476272456643,4147,0.01858251842491686,0.03854740365195282,0.025478839883496956,0.007257130701348971,0.018650110222335422,0.009968914438441705,0.023133277931154574,0.04742299254854853,0.03438355107289615,0.024933823183883385,0.04822932232155504,0.03721286038333121,68867
expanded_bank,known_action__shift_+0__gain_1.150__delay_2__slip_0.200__rot_+0.0::grid_4_5,known_action__shift_+0__gain_1.150__delay_2__slip_0.200__rot_+0.0,grid_4_5,50,2,"{""attachment_shifts"":[0],""contact_prior_weight"":0.003995284719826807,""delay_steps"":2,""gain_multiplier"":1.15,""rotation_degrees"":0.0,""slip_fraction"":0.2}","{""future_action_observed"":true,""prior_weight"":1.0,""proposal_id"":""known_action"",""provenance"":""released future controller trajectory""}","[7,27]",0.02047309961444974,0.04230838352060423,0.03113550897580584,0.004398311854180096,-0.018701513122306515,0.004458055331129467,0.9416445623342176,0.03534825468335332,0.06939698196786351,4147,0.01885216813793707,0.03823348989064243,0.025961757411721492,0.007142912083010304,0.0180068606298911,0.009822397283222869,0.023426547768400065,0.04712101104403872,0.034905086742127056,0.025206216795227894,0.04778921776667625,0.03760310018108577,68867
expanded_bank,known_action__shift_+0__gain_1.150__delay_2__slip_0.200__rot_+0.0::grid_3_4,known_action__shift_+0__gain_1.150__delay_2__slip_0.200__rot_+0.0,grid_3_4,50,3,"{""attachment_shifts"":[0],""contact_prior_weight"":0.003995284719826807,""delay_steps"":2,""gain_multiplier"":1.15,""rotation_degrees"":0.0,""slip_fraction"":0.2}","{""future_action_observed"":true,""prior_weight"":1.0,""proposal_id"":""known_action"",""provenance"":""released future controller trajectory""}","[7,27]",0.0188839356366092,0.039628847807331405,0.028792681896747257,0.004495921912675402,-0.017678381555015475,0.0007721746624908266,0.9360983843742464,0.03262737176242427,0.06446118439012505,4147,0.017114972527888673,0.03581185202946195,0.023310315618714158,0.006906212242713578,0.01774581781583917,0.00956956747754452,0.021626710470633106,0.04472259961540944,0.032098359849647325,0.023291797244060452,0.04539194496448879,0.034816888633743596,68867
expanded_bank,known_action__shift_+0__gain_0.850__delay_2__slip_0.200__rot_+0.0::grid_4_4,known_action__shift_+0__gain_0.850__delay_2__slip_0.200__rot_+0.0,grid_4_4,51,0,"{""attachment_shifts"":[0],""contact_prior_weight"":0.0039952847198268015,""delay_steps"":2,""gain_multiplier"":0.85,""rotation_degrees"":0.0,""slip_fraction"":0.2}","{""future_action_observed"":true,""prior_weight"":1.0,""proposal_id"":""known_action"",""provenance"":""released future controller trajectory""}","[7,27]",0.02048880190355808,0.04279725648822301,0.031189397377075375,0.004626395730461142,-0.018170881893865964,0.0032654982177783244,0.9387509042681457,0.03506568605303372,0.06791863931467179,4147,0.01867979053967065,0.03854103042737412,0.025740653702948042,0.007200831634899278,0.01845766382465922,0.009903514871271776,0.023249523114791726,0.04738885573175251,0.0346514687042428,0.02497285647778121,0.047971319829748796,0.03730488288780087,68867
expanded_bank,known_action__shift_+0__gain_0.850__delay_2__slip_0.200__rot_+0.0::grid_4_3,known_action__shift_+0__gain_0.850__delay_2__slip_0.200__rot_+0.0,grid_4_3,51,1,"{""attachment_shifts"":[0],""contact_prior_weight"":0.0039952847198268015,""delay_steps"":2,""gain_multiplier"":0.85,""rotation_degrees"":0.0,""slip_fraction"":0.2}","{""future_action_observed"":true,""prior_weight"":1.0,""proposal_id"":""known_action"",""provenance"":""released future controller trajectory""}","[7,27]",0.020375031455938677,0.04348373314227087,0.03097237951659859,0.004349213523388808,-0.017883644202660098,0.0012164083973591993,0.9353749698577285,0.03454191540636465,0.06764606208794344,4147,0.018450375301603223,0.03936757273753342,0.025305095025055038,0.007363337851649932,0.019274335256722064,0.010139479476599792,0.02299018455863284,0.04829328441445193,0.034140993320882176,0.02468716353741419,0.04890025172646383,0.036826030921756826,68867
expanded_bank,known_action__shift_+0__gain_0.850__delay_2__slip_0.200__rot_+0.0::grid_4_5,known_action__shift_+0__gain_0.850__delay_2__slip_0.200__rot_+0.0,grid_4_5,51,2,"{""attachment_shifts"":[0],""contact_prior_weight"":0.0039952847198268015,""delay_steps"":2,""gain_multiplier"":0.85,""rotation_degrees"":0.0,""slip_fraction"":0.2}","{""future_action_observed"":true,""prior_weight"":1.0,""proposal_id"":""known_action"",""provenance"":""released future controller trajectory""}","[7,27]",0.02049839528146719,0.042456586810775535,0.031185506585393104,0.0045129378379681504,-0.018534108088504076,0.00417735863838856,0.9411622859898722,0.03530469621764173,0.06925314295579328,4147,0.01881895807313927,0.038300232196664785,0.02593340183560372,0.00715466527373692,0.01810917006403558,0.009839679756893517,0.023394320700441198,0.04717319779565465,0.03487152659346732,0.02515859503249246,0.04780994571225537,0.037549221181948055,68867
expanded_bank,known_action__shift_+0__gain_0.850__delay_2__slip_0.200__rot_+0.0::grid_3_4,known_action__shift_+0__gain_0.850__delay_2__slip_0.200__rot_+0.0,grid_3_4,51,3,"{""attachment_shifts"":[0],""contact_prior_weight"":0.0039952847198268015,""delay_steps"":2,""gain_multiplier"":0.85,""rotation_degrees"":0.0,""slip_fraction"":0.2}","{""future_action_observed"":true,""prior_weight"":1.0,""proposal_id"":""known_action"",""provenance"":""released future controller trajectory""}","[7,27]",0.01893276823476981,0.039862582398609056,0.0288912559767619,0.004595404397040525,-0.017476746338856285,-2.997895447120896e-05,0.9344104171690378,0.03259217699863787,0.06462820473458099,4147,0.01710845974901861,0.03606821183789408,0.02331809413183972,0.006930706446559192,0.017922988118903072,0.009610821260811997,0.021617157090278262,0.04498770682356418,0.032077968453303046,0.023236848296159445,0.04558195770373849,0.03473371634637599,68867
expanded_bank,known_action__shift_+0__gain_1.000__delay_2__slip_0.200__rot_-8.0::grid_4_4,known_action__shift_+0__gain_1.000__delay_2__slip_0.200__rot_-8.0,grid_4_4,52,0,"{""attachment_shifts"":[0],""contact_prior_weight"":0.003587573098737427,""delay_steps"":2,""gain_multiplier"":1.0,""rotation_degrees"":-8.0,""slip_fraction"":0.2}","{""future_action_observed"":true,""prior_weight"":1.0,""proposal_id"":""known_action"",""provenance"":""released future controller trajectory""}","[7,27]",0.020181425370001286,0.041680222386141136,0.030569903687254204,0.0034986009877135986,-0.017496557825124624,0.004451535258598062,0.9414034241620448,0.03428489487078177,0.06826308080313614,4147,0.018264947681870893,0.03671218280594617,0.02496686405891859,0.007022983383034161,0.017748964501356098,0.009576151342503544,0.022803915604215103,0.04548564748665477,0.03388468475676764,0.02461752812256735,0.046249072828898855,0.03670382489877407,68867
expanded_bank,known_action__shift_+0__gain_1.000__delay_2__slip_0.200__rot_-8.0::grid_4_3,known_action__shift_+0__gain_1.000__delay_2__slip_0.200__rot_-8.0,grid_4_3,52,1,"{""attachment_shifts"":[0],""contact_prior_weight"":0.003587573098737427,""delay_steps"":2,""gain_multiplier"":1.0,""rotation_degrees"":-8.0,""slip_fraction"":0.2}","{""future_action_observed"":true,""prior_weight"":1.0,""proposal_id"":""known_action"",""provenance"":""released future controller trajectory""}","[7,27]",0.020048251744893348,0.04212128336122518,0.03031989139397885,0.003430827929290208,-0.01713004158086748,0.0028728867540616446,0.9373040752351097,0.03375510331219795,0.06653708657582222,4147,0.017986572888126568,0.03710643359913,0.02448520124455574,0.007118765490476665,0.018305365641439225,0.009705235527559305,0.02250377432953683,0.0458914727412981,0.03335431461358509,0.02431561193790366,0.04671507365342831,0.03624391020240345,68867
expanded_bank,known_action__shift_+0__gain_1.000__delay_2__slip_0.200__rot_-8.0::grid_4_5,known_action__shift_+0__gain_1.000__delay_2__slip_0.200__rot_-8.0,grid_4_5,52,2,"{""attachment_shifts"":[0],""contact_prior_weight"":0.003587573098737427,""delay_steps"":2,""gain_multiplier"":1.0,""rotation_degrees"":-8.0,""slip_fraction"":0.2}","{""future_action_observed"":true,""prior_weight"":1.0,""proposal_id"":""known_action"",""provenance"":""released future controller trajectory""}","[7,27]",0.02018997622389472,0.041520198602859805,0.0305743652390692,0.0033522498347300415,-0.01772466952476525,0.004788911930640136,0.9426091150229081,0.034413562668151376,0.06871526476038879,4147,0.0183434179325193,0.0366363639802314,0.025072901521257063,0.006992953310799861,0.017565650961457773,0.009537378552344211,0.02288551642386021,0.04543312977558303,0.034000401570028344,0.0247118861635826,0.04619955054775529,0.0368079243326698,68867
expanded_bank,known_action__shift_+0__gain_1.000__delay_2__slip_0.200__rot_-8.0::grid_3_4,known_action__shift_+0__gain_1.000__delay_2__slip_0.200__rot_-8.0,grid_3_4,52,3,"{""attachment_shifts"":[0],""contact_prior_weight"":0.003587573098737427,""delay_steps"":2,""gain_multiplier"":1.0,""rotation_degrees"":-8.0,""slip_fraction"":0.2}","{""future_action_observed"":true,""prior_weight"":1.0,""proposal_id"":""known_action"",""provenance"":""released future controller trajectory""}","[7,27]",0.018589576777661286,0.03890041192521062,0.028231822711281333,0.003554391063243583,-0.016660318368982442,0.00102370689608035,0.9327224499638292,0.031681177572685584,0.062462150993323556,4147,0.016555289521910297,0.03415478080563336,0.02240625946816639,0.006727547393607689,0.0172948939446467,0.00924988949458986,0.021039367656159026,0.04294122964026247,0.03117705277476055,0.022747644531840302,0.043721547827945996,0.0339966453654798,68867
expanded_bank,known_action__shift_+0__gain_1.000__delay_2__slip_0.200__rot_+8.0::grid_4_4,known_action__shift_+0__gain_1.000__delay_2__slip_0.200__rot_+8.0,grid_4_4,53,0,"{""attachment_shifts"":[0],""contact_prior_weight"":0.003587573098737427,""delay_steps"":2,""gain_multiplier"":1.0,""rotation_degrees"":8.0,""slip_fraction"":0.2}","{""future_action_observed"":true,""prior_weight"":1.0,""proposal_id"":""known_action"",""provenance"":""released future controller trajectory""}","[7,27]",0.020790271326194147,0.0435411995930867,0.031754196596052574,0.005731828341600155,-0.01907150980326427,0.0035080832084712463,0.9382686279238004,0.036063867472797134,0.06944238760628864,4147,0.019246382926186172,0.04000602050631746,0.026689409664454013,0.007359262522110667,0.018823870696174624,0.010201514187251926,0.02384386109366131,0.048908200596990206,0.03562249190273696,0.02555424637089483,0.0494885383319387,0.03822603253056859,68867
expanded_bank,known_action__shift_+0__gain_1.000__delay_2__slip_0.200__rot_+8.0::grid_4_3,known_action__shift_+0__gain_1.000__delay_2__slip_0.200__rot_+8.0,grid_4_3,53,1,"{""attachment_shifts"":[0],""contact_prior_weight"":0.003587573098737427,""delay_steps"":2,""gain_multiplier"":1.0,""rotation_degrees"":8.0,""slip_fraction"":0.2}","{""future_action_observed"":true,""prior_weight"":1.0,""proposal_id"":""known_action"",""provenance"":""released future controller trajectory""}","[7,27]",0.02067223122940289,0.04410382469724625,0.03152646115083302,0.0054087493953547,-0.018915386164685726,0.001905464996853045,0.9375452134072824,0.035600256221646344,0.06906265835401855,4147,0.01904029890775753,0.04069961680454676,0.026283483996241957,0.007498889285417806,0.019561722342824016,0.010387210554515948,0.02361285407457038,0.0496785899113764,0.03516423795766451,0.025322729663786903,0.05032949305576762,0.03783915252992673,68867
expanded_bank,known_action__shift_+0__gain_1.000__delay_2__slip_0.200__rot_+8.0::grid_4_5,known_action__shift_+0__gain_1.000__delay_2__slip_0.200__rot_+8.0,grid_4_5,53,2,"{""attachment_shifts"":[0],""contact_prior_weight"":0.003587573098737427,""delay_steps"":2,""gain_multiplier"":1.0,""rotation_degrees"":8.0,""slip_fraction"":0.2}","{""future_action_observed"":true,""prior_weight"":1.0,""proposal_id"":""known_action"",""provenance"":""released future controller trajectory""}","[7,27]",0.02080234186839809,0.04332645628757272,0.031767714313099715,0.005625892117338335,-0.019273584313684505,0.0038982055279871506,0.939956595129009,0.03619475587329762,0.06961747319427719,4147,0.019318182873104914,0.039934891382180475,0.026795165642288305,0.007328271710770975,0.01861553793342183,0.010156574142896068,0.02392021461985796,0.04887119936017567,0.03574138987568113,0.025642624083479806,0.04944024807273091,0.038331369165718665,68867
expanded_bank,known_action__shift_+0__gain_1.000__delay_2__slip_0.200__rot_+8.0::grid_3_4,known_action__shift_+0__gain_1.000__delay_2__slip_0.200__rot_+8.0,grid_3_4,53,3,"{""attachment_shifts"":[0],""contact_prior_weight"":0.003587573098737427,""delay_steps"":2,""gain_multiplier"":1.0,""rotation_degrees"":8.0,""slip_fraction"":0.2}","{""future_action_observed"":true,""prior_weight"":1.0,""proposal_id"":""known_action"",""provenance"":""released future controller trajectory""}","[7,27]",0.019251422160327488,0.040663515100810316,0.029468796055278863,0.005535683826393642,-0.01834754515248302,0.00017040302171824844,0.9360983843742464,0.03353854217937887,0.06633154861497124,4147,0.017670103128897628,0.03765149582617062,0.02421191031531726,0.007120321904475293,0.01838505695975524,0.009933422561898738,0.0222047818522907,0.046638818091492215,0.033001503396775295,0.023813310139966008,0.047208232962643364,0.035618384083477804,68867
expanded_bank,known_action__shift_-1__gain_1.150__delay_2__slip_0.000__rot_+0.0::grid_4_4,known_action__shift_-1__gain_1.150__delay_2__slip_0.000__rot_+0.0,grid_4_4,54,0,"{""attachment_shifts"":[-1],""contact_prior_weight"":0.0032478821510839783,""delay_steps"":2,""gain_multiplier"":1.15,""rotation_degrees"":0.0,""slip_fraction"":0.0}","{""future_action_observed"":true,""prior_weight"":1.0,""proposal_id"":""known_action"",""provenance"":""released future controller trajectory""}","[7,27]",0.020043077980973104,0.042001105609773826,0.029974874267984345,0.003466012765949474,-0.017530428941199706,0.005960617564718248,0.9346515553412105,0.03365738446418072,0.07108319737894288,4147,0.018379934778418375,0.03739125748417652,0.02440543804501537,0.007402507839787995,0.018985337289883136,0.009755304613931315,0.022803750203004673,0.04603676718218798,0.03324340112538824,0.02465398543103602,0.046872156666574974,0.03614445639001624,68867
expanded_bank,known_action__shift_-1__gain_1.150__delay_2__slip_0.000__rot_+0.0::grid_4_3,known_action__shift_-1__gain_1.150__delay_2__slip_0.000__rot_+0.0,grid_4_3,54,1,"{""attachment_shifts"":[-1],""contact_prior_weight"":0.0032478821510839783,""delay_steps"":2,""gain_multiplier"":1.15,""rotation_degrees"":0.0,""slip_fraction"":0.0}","{""future_action_observed"":true,""prior_weight"":1.0,""proposal_id"":""known_action"",""provenance"":""released future controller trajectory""}","[7,27]",0.020065119473123266,0.043674360415801826,0.030021822344487047,0.0028314760472688493,-0.017741932613430142,0.003990966556011487,0.937786351579455,0.033479713631574384,0.06873160578399638,4147,0.018287285543273253,0.03941720536929011,0.024403683722955764,0.007693830143695115,0.021418774414695467,0.01022448145498391,0.022704979644188786,0.047888657816795605,0.033175269444891645,0.024501894704989008,0.04849052485030985,0.036063860619082025,68867
expanded_bank,known_action__shift_-1__gain_1.150__delay_2__slip_0.000__rot_+0.0::grid_4_5,known_action__shift_-1__gain_1.150__delay_2__slip_0.000__rot_+0.0,grid_4_5,54,2,"{""attachment_shifts"":[-1],""contact_prior_weight"":0.0032478821510839783,""delay_steps"":2,""gain_multiplier"":1.15,""rotation_degrees"":0.0,""slip_fraction"":0.0}","{""future_action_observed"":true,""prior_weight"":1.0,""proposal_id"":""known_action"",""provenance"":""released future controller trajectory""}","[7,27]",0.01999278500545641,0.04055532900572855,0.02985577850516769,0.0031975447248301365,-0.017794566881574835,0.007251619092471283,0.9387509042681457,0.03386203054057499,0.07203368886691892,4147,0.0185108470572908,0.036051846601795286,0.024475093404710442,0.007261127898570944,0.01742083957525563,0.009480558994192664,0.02293898602129596,0.044832825888274884,0.03336699599432955,0.02485857226563721,0.04596413067389541,0.03634924628232778,68867
expanded_bank,known_action__shift_-1__gain_1.150__delay_2__slip_0.000__rot_+0.0::grid_3_4,known_action__shift_-1__gain_1.150__delay_2__slip_0.000__rot_+0.0,grid_3_4,54,3,"{""attachment_shifts"":[-1],""contact_prior_weight"":0.0032478821510839783,""delay_steps"":2,""gain_multiplier"":1.15,""rotation_degrees"":0.0,""slip_fraction"":0.0}","{""future_action_observed"":true,""prior_weight"":1.0,""proposal_id"":""known_action"",""provenance"":""released future controller trajectory""}","[7,27]",0.01842631232970262,0.03919961625387883,0.027705335038110145,0.003429436803413656,-0.016938127056825902,0.0029225560322628185,0.9341692789968652,0.03124954848837823,0.0632501363308731,4147,0.016622789655485182,0.03498470989481498,0.022077993027078992,0.007113688992935619,0.018677260429486007,0.009503507217064397,0.021022127048729335,0.04366665394375375,0.03076441218775194,0.022782560608631104,0.04442758489031753,0.033682065908554,68867
expanded_bank,known_action__shift_+1__gain_1.150__delay_2__slip_0.000__rot_+0.0::grid_4_4,known_action__shift_+1__gain_1.150__delay_2__slip_0.000__rot_+0.0,grid_4_4,55,0,"{""attachment_shifts"":[1],""contact_prior_weight"":0.0032478821510839783,""delay_steps"":2,""gain_multiplier"":1.15,""rotation_degrees"":0.0,""slip_fraction"":0.0}","{""future_action_observed"":true,""prior_weight"":1.0,""proposal_id"":""known_action"",""provenance"":""released future controller trajectory""}","[7,27]",0.01964462672727735,0.04089389845430604,0.02756072295130657,-0.006185049241974831,-0.024320458056511507,-0.0012126637707067845,0.9604533397636846,0.03559143588426261,0.07659641485435946,4147,0.019975838615072645,0.04193823971483163,0.026373002957205807,0.008312759769445548,0.018656768074453576,0.010558132469052791,0.024419555997786963,0.05109692227478584,0.03536056267162265,0.025620558476925712,0.05123782700180893,0.03731428386755082,68867
expanded_bank,known_action__shift_+1__gain_1.150__delay_2__slip_0.000__rot_+0.0::grid_4_3,known_action__shift_+1__gain_1.150__delay_2__slip_0.000__rot_+0.0,grid_4_3,55,1,"{""attachment_shifts"":[1],""contact_prior_weight"":0.0032478821510839783,""delay_steps"":2,""gain_multiplier"":1.15,""rotation_degrees"":0.0,""slip_fraction"":0.0}","{""future_action_observed"":true,""prior_weight"":1.0,""proposal_id"":""known_action"",""provenance"":""released future controller trajectory""}","[7,27]",0.019461295210816583,0.04073301887223522,0.027305536470931074,-0.0067434026625153454,-0.024361522437579865,-0.0010657745423621912,0.9609356161080299,0.035522278042151065,0.07620643438282883,4147,0.01988289971984563,0.041693426508528614,0.02625528297403444,0.008250723459930826,0.018487449544209986,0.01045860878565731,0.02433323628406445,0.05087273216236379,0.03526555638694948,0.025615368699019748,0.05119518262873171,0.037391351459742074,68867
expanded_bank,known_action__shift_+1__gain_1.150__delay_2__slip_0.000__rot_+0.0::grid_4_5,known_action__shift_+1__gain_1.150__delay_2__slip_0.000__rot_+0.0,grid_4_5,55,2,"{""attachment_shifts"":[1],""contact_prior_weight"":0.0032478821510839783,""delay_steps"":2,""gain_multiplier"":1.15,""rotation_degrees"":0.0,""slip_fraction"":0.0}","{""future_action_observed"":true,""prior_weight"":1.0,""proposal_id"":""known_action"",""provenance"":""released future controller trajectory""}","[7,27]",0.01966865393468145,0.04091530305925435,0.02758592358533223,-0.006108556359785732,-0.02434645006979526,-0.0012164166486615974,0.9604533397636846,0.035633091796621344,0.07671638491183078,4147,0.019995178007069108,0.04191065374724395,0.02640922335126256,0.008304944773497979,0.018637827146468743,0.010532749499137042,0.024441164757239963,0.05105608457516936,0.03540427495196764,0.02565132139771808,0.0512124090886228,0.037369304905890785,68867
expanded_bank,known_action__shift_+1__gain_1.150__delay_2__slip_0.000__rot_+0.0::grid_3_4,known_action__shift_+1__gain_1.150__delay_2__slip_0.000__rot_+0.0,grid_3_4,55,3,"{""attachment_shifts"":[1],""contact_prior_weight"":0.0032478821510839783,""delay_steps"":2,""gain_multiplier"":1.15,""rotation_degrees"":0.0,""slip_fraction"":0.0}","{""future_action_observed"":true,""prior_weight"":1.0,""proposal_id"":""known_action"",""provenance"":""released future controller trajectory""}","[7,27]",0.018084936026043327,0.03829751883884156,0.025638662284789185,-0.006232972210415668,-0.024196847305765705,-0.003645753964700695,0.965034965034965,0.03435135667042907,0.06681907319310725,4147,0.018736757222147758,0.04023295358515066,0.024996598792366913,0.007862677984780353,0.01832479441404672,0.010136292915313825,0.023229461303007157,0.04948117667780281,0.03400960705262019,0.02421450154771756,0.04926782756863117,0.03554642344894476,68867
expanded_bank,known_action__shift_-1__gain_1.150__delay_0__slip_0.200__rot_+0.0::grid_4_4,known_action__shift_-1__gain_1.150__delay_0__slip_0.200__rot_+0.0,grid_4_4,56,0,"{""attachment_shifts"":[-1],""contact_prior_weight"":0.003247882151083978,""delay_steps"":0,""gain_multiplier"":1.15,""rotation_degrees"":0.0,""slip_fraction"":0.2}","{""future_action_observed"":true,""prior_weight"":1.0,""proposal_id"":""known_action"",""provenance"":""released future controller trajectory""}","[7,27]",0.02043994619077434,0.04350598441164389,0.03084086376835545,0.003799234840337291,-0.01795014698576523,0.004466965859531875,0.9389920424403183,0.03453178202752877,0.07078579043443763,4147,0.018671749262817502,0.03924645162981155,0.025298560480533232,0.007319351299121061,0.01904523817029408,0.009980108714418397,0.02316585092341802,0.048087384064243864,0.03416416101357193,0.02492105490903711,0.048669237985965244,0.036917838880704684,68867
expanded_bank,known_action__shift_-1__gain_1.150__delay_0__slip_0.200__rot_+0.0::grid_4_3,known_action__shift_-1__gain_1.150__delay_0__slip_0.200__rot_+0.0,grid_4_3,56,1,"{""attachment_shifts"":[-1],""contact_prior_weight"":0.003247882151083978,""delay_steps"":0,""gain_multiplier"":1.15,""rotation_degrees"":0.0,""slip_fraction"":0.2}","{""future_action_observed"":true,""prior_weight"":1.0,""proposal_id"":""known_action"",""provenance"":""released future controller trajectory""}","[7,27]",0.02044280009651457,0.04506041331163057,0.03081323806195275,0.003504324882497815,-0.018275042776297826,0.002614119006368296,0.9353749698577285,0.034410699966128826,0.06929641096834899,4147,0.018665865137266452,0.04130280688341404,0.02529887990632248,0.007609871327218551,0.020828098511781624,0.010443993383917043,0.02314314388679887,0.05023886607625133,0.03408351607549587,0.024863080931225287,0.05077698905291263,0.03685664737102723,68867
expanded_bank,known_action__shift_-1__gain_1.150__delay_0__slip_0.200__rot_+0.0::grid_4_5,known_action__shift_-1__gain_1.150__delay_0__slip_0.200__rot_+0.0,grid_4_5,56,2,"{""attachment_shifts"":[-1],""contact_prior_weight"":0.003247882151083978,""delay_steps"":0,""gain_multiplier"":1.15,""rotation_degrees"":0.0,""slip_fraction"":0.2}","{""future_action_observed"":true,""prior_weight"":1.0,""proposal_id"":""known_action"",""provenance"":""released future controller trajectory""}","[7,27]",0.020410632955001767,0.04283205510200741,0.030767788919052536,0.0034456443169103386,-0.018211651989386842,0.0054496615541968635,0.9433325295394261,0.03466727827372761,0.07139962794277654,4147,0.01876385309541243,0.03879253015795173,0.025393064234626252,0.007237228835853301,0.01860814339528324,0.00984320810571999,0.0232595310705662,0.04767816894942324,0.03428789702649899,0.0250668252920533,0.04833174763886583,0.037087758435975435,68867
expanded_bank,known_action__shift_-1__gain_1.150__delay_0__slip_0.200__rot_+0.0::grid_3_4,known_action__shift_-1__gain_1.150__delay_0__slip_0.200__rot_+0.0,grid_3_4,56,3,"{""attachment_shifts"":[-1],""contact_prior_weight"":0.003247882151083978,""delay_steps"":0,""gain_multiplier"":1.15,""rotation_degrees"":0.0,""slip_fraction"":0.2}","{""future_action_observed"":true,""prior_weight"":1.0,""proposal_id"":""known_action"",""provenance"":""released future controller trajectory""}","[7,27]",0.01881453965948748,0.040567340912513114,0.028529524420811532,0.003760021615747193,-0.017169515151741713,0.0012716104016508801,0.9334458644803473,0.03199591711916022,0.06346739222256856,4147,0.016935285742997668,0.03670594419283157,0.022796534939644335,0.007057503310576815,0.01854737568579258,0.009709111583585305,0.02138930974346485,0.045629387555524106,0.031531347209326155,0.02304342960466733,0.04619483603170959,0.03428505920396732,68867
expanded_bank,known_action__shift_+1__gain_1.150__delay_0__slip_0.200__rot_+0.0::grid_4_4,known_action__shift_+1__gain_1.150__delay_0__slip_0.200__rot_+0.0,grid_4_4,57,0,"{""attachment_shifts"":[1],""contact_prior_weight"":0.003247882151083978,""delay_steps"":0,""gain_multiplier"":1.15,""rotation_degrees"":0.0,""slip_fraction"":0.2}","{""future_action_observed"":true,""prior_weight"":1.0,""proposal_id"":""known_action"",""provenance"":""released future controller trajectory""}","[7,27]",0.020187139193071586,0.04254276258176009,0.02866682745693033,-0.0054801428711173635,-0.024579200264712216,-0.0037520618005542753,0.9676874849288642,0.037020913229303225,0.07629457448029532,4147,0.020410457939320698,0.044665741626862356,0.027659626242282794,0.008010450724375517,0.019199375150403323,0.010646648852447859,0.024972042939369984,0.05412932835027355,0.036762914999987316,0.02602374537551582,0.05399012170336455,0.038433998757458065,68867
expanded_bank,known_action__shift_+1__gain_1.150__delay_0__slip_0.200__rot_+0.0::grid_4_3,known_action__shift_+1__gain_1.150__delay_0__slip_0.200__rot_+0.0,grid_4_3,57,1,"{""attachment_shifts"":[1],""contact_prior_weight"":0.003247882151083978,""delay_steps"":0,""gain_multiplier"":1.15,""rotation_degrees"":0.0,""slip_fraction"":0.2}","{""future_action_observed"":true,""prior_weight"":1.0,""proposal_id"":""known_action"",""provenance"":""released future controller trajectory""}","[7,27]",0.01998661938641739,0.04236762878656031,0.028429662653419008,-0.00629693640860496,-0.024388526785989233,-0.0036112090961190864,0.9676874849288642,0.03675865586608882,0.07577441904843371,4147,0.02025085284873048,0.044221179058225986,0.027414484209173317,0.007981230824764079,0.018998572752591657,0.010606080831012821,0.024805156329235058,0.05370114031032524,0.036496641239227655,0.02596570813648583,0.05380129525341814,0.038351362162678,68867
expanded_bank,known_action__shift_+1__gain_1.150__delay_0__slip_0.200__rot_+0.0::grid_4_5,known_action__shift_+1__gain_1.150__delay_0__slip_0.200__rot_+0.0,grid_4_5,57,2,"{""attachment_shifts"":[1],""contact_prior_weight"":0.003247882151083978,""delay_steps"":0,""gain_multiplier"":1.15,""rotation_degrees"":0.0,""slip_fraction"":0.2}","{""future_action_observed"":true,""prior_weight"":1.0,""proposal_id"":""known_action"",""provenance"":""released future controller trajectory""}","[7,27]",0.020225460311450835,0.04256866051794581,0.028720454525388704,-0.005499118115029852,-0.024647781037495757,-0.003758290964497082,0.9676874849288642,0.037122993423762206,0.0764140446958162,4147,0.020460443326420698,0.044692500501774514,0.027755653990680508,0.007988800470159128,0.019148314559641996,0.01061647357599972,0.025027224480016676,0.054152092053455426,0.036868181659192256,0.026079510643345693,0.05401007197068758,0.038537210121897904,68867
expanded_bank,known_action__shift_+1__gain_1.150__delay_0__slip_0.200__rot_+0.0::grid_3_4,known_action__shift_+1__gain_1.150__delay_0__slip_0.200__rot_+0.0,grid_3_4,57,3,"{""attachment_shifts"":[1],""contact_prior_weight"":0.003247882151083978,""delay_steps"":0,""gain_multiplier"":1.15,""rotation_degrees"":0.0,""slip_fraction"":0.2}","{""future_action_observed"":true,""prior_weight"":1.0,""proposal_id"":""known_action"",""provenance"":""released future controller trajectory""}","[7,27]",0.018691622217432403,0.040261776885392946,0.026741276454740306,-0.00529116517934135,-0.02420527580479058,-0.006334482245448566,0.972027972027972,0.03559295720698724,0.0663850946321023,4147,0.019245426403087823,0.04333743365532018,0.026169449418771317,0.007803650320154518,0.01932891286849791,0.010485883985914827,0.023819793550858732,0.05284341366320746,0.03524497649771855,0.02465356328831102,0.05236261062352697,0.036502245930617495,68867
expanded_bank,known_action__shift_-1__gain_0.850__delay_2__slip_0.000__rot_+0.0::grid_4_4,known_action__shift_-1__gain_0.850__delay_2__slip_0.000__rot_+0.0,grid_4_4,58,0,"{""attachment_shifts"":[-1],""contact_prior_weight"":0.003247882151083975,""delay_steps"":2,""gain_multiplier"":0.85,""rotation_degrees"":0.0,""slip_fraction"":0.0}","{""future_action_observed"":true,""prior_weight"":1.0,""proposal_id"":""known_action"",""provenance"":""released future controller trajectory""}","[7,27]",0.020198072136526423,0.04374729274289132,0.030309053918704393,0.003206801457936868,-0.01759637124330336,0.004262202100212596,0.9360983843742464,0.033707201027345916,0.0692916783262341,4147,0.018384634849784,0.03966283524218328,0.024648351179204334,0.007664412706060921,0.021378207951018562,0.010195497906869798,0.022817891937124024,0.04813655376998779,0.03342481874228099,0.02455725441734586,0.04853039258812252,0.03615615270421721,68867
expanded_bank,known_action__shift_-1__gain_0.850__delay_2__slip_0.000__rot_+0.0::grid_4_3,known_action__shift_-1__gain_0.850__delay_2__slip_0.000__rot_+0.0,grid_4_3,58,1,"{""attachment_shifts"":[-1],""contact_prior_weight"":0.003247882151083975,""delay_steps"":2,""gain_multiplier"":0.85,""rotation_degrees"":0.0,""slip_fraction"":0.0}","{""future_action_observed"":true,""prior_weight"":1.0,""proposal_id"":""known_action"",""provenance"":""released future controller trajectory""}","[7,27]",0.020119448472243718,0.0430204087328992,0.030086558482025308,0.0017792984091817212,-0.017130129780943814,0.001497231294101587,0.9271762720038582,0.032817963289047736,0.0658424070324736,4147,0.018097131288089725,0.03883968014901227,0.024317305633117264,0.008154308855289923,0.022774371894357943,0.01092531629023627,0.022459041024130544,0.04682343585784063,0.03285396780147297,0.02410220130550601,0.04706559083040664,0.03548909863530738,68867
expanded_bank,known_action__shift_-1__gain_0.850__delay_2__slip_0.000__rot_+0.0::grid_4_5,known_action__shift_-1__gain_0.850__delay_2__slip_0.000__rot_+0.0,grid_4_5,58,2,"{""attachment_shifts"":[-1],""contact_prior_weight"":0.003247882151083975,""delay_steps"":2,""gain_multiplier"":0.85,""rotation_degrees"":0.0,""slip_fraction"":0.0}","{""future_action_observed"":true,""prior_weight"":1.0,""proposal_id"":""known_action"",""provenance"":""released future controller trajectory""}","[7,27]",0.020066204335571138,0.041711272590513854,0.030012380408214804,0.0034462302825387183,-0.017530136198417614,0.006170531616233915,0.9358572462020738,0.03373347034680668,0.07117139535372805,4147,0.018412085066578827,0.03705260509155737,0.024446102451799956,0.007359226705401551,0.01856670916905452,0.009675751420109839,0.022841594427950862,0.04573905402968691,0.033302803280044965,0.02470555018783201,0.046617473852489814,0.036192598072916894,68867
expanded_bank,known_action__shift_-1__gain_0.850__delay_2__slip_0.000__rot_+0.0::grid_3_4,known_action__shift_-1__gain_0.850__delay_2__slip_0.000__rot_+0.0,grid_3_4,58,3,"{""attachment_shifts"":[-1],""contact_prior_weight"":0.003247882151083975,""delay_steps"":2,""gain_multiplier"":0.85,""rotation_degrees"":0.0,""slip_fraction"":0.0}","{""future_action_observed"":true,""prior_weight"":1.0,""proposal_id"":""known_action"",""provenance"":""released future controller trajectory""}","[7,27]",0.018585864510718586,0.04039812872034374,0.028053520786005454,0.003316761215208431,-0.01677841111713444,0.0011730499119928974,0.930793344586448,0.03128159685504348,0.06227272709361132,4147,0.016656925091641756,0.03664307312357629,0.022302313680280336,0.007265556786485929,0.020435473418008766,0.009790100806978957,0.021057026614273628,0.04513307651741797,0.03091226760700652,0.02271245245718397,0.04543308121505722,0.03366020225337323,68867
expanded_bank,known_action__shift_+1__gain_0.850__delay_2__slip_0.000__rot_+0.0::grid_4_4,known_action__shift_+1__gain_0.850__delay_2__slip_0.000__rot_+0.0,grid_4_4,59,0,"{""attachment_shifts"":[1],""contact_prior_weight"":0.003247882151083975,""delay_steps"":2,""gain_multiplier"":0.85,""rotation_degrees"":0.0,""slip_fraction"":0.0}","{""future_action_observed"":true,""prior_weight"":1.0,""proposal_id"":""known_action"",""provenance"":""released future controller trajectory""}","[7,27]",0.019650297469682193,0.04094113204325848,0.0275875241934368,-0.006141097198055341,-0.02409060606625535,-0.0014868527533967346,0.9602122015915119,0.03548166223717471,0.07630842379735621,4147,0.019908563329981577,0.04193867135240535,0.02627984817008357,0.008316280506985891,0.018684028324008874,0.010570783790270833,0.024349426266250758,0.05111918436729962,0.03525206921925157,0.025534040728800406,0.051237757780628425,0.03717289143097703,68867
expanded_bank,known_action__shift_+1__gain_0.850__delay_2__slip_0.000__rot_+0.0::grid_4_3,known_action__shift_+1__gain_0.850__delay_2__slip_0.000__rot_+0.0,grid_4_3,59,1,"{""attachment_shifts"":[1],""contact_prior_weight"":0.003247882151083975,""delay_steps"":2,""gain_multiplier"":0.85,""rotation_degrees"":0.0,""slip_fraction"":0.0}","{""future_action_observed"":true,""prior_weight"":1.0,""proposal_id"":""known_action"",""provenance"":""released future controller trajectory""}","[7,27]",0.019469939512512326,0.0407934900293658,0.02735621283575328,-0.006731474178064394,-0.02408778865696338,-0.0014562747651201185,0.9606944779358573,0.035423670657119564,0.0757088080139569,4147,0.01980300619053811,0.04170948725929601,0.026157430627431186,0.008235947658500564,0.018515047040556964,0.010447187198252888,0.024254832350459377,0.05092017375858559,0.03516190604763194,0.02552090571488203,0.051214947978526736,0.03725075442960852,68867
expanded_bank,known_action__shift_+1__gain_0.850__delay_2__slip_0.000__rot_+0.0::grid_4_5,known_action__shift_+1__gain_0.850__delay_2__slip_0.000__rot_+0.0,grid_4_5,59,2,"{""attachment_shifts"":[1],""contact_prior_weight"":0.003247882151083975,""delay_steps"":2,""gain_multiplier"":0.85,""rotation_degrees"":0.0,""slip_fraction"":0.0}","{""future_action_observed"":true,""prior_weight"":1.0,""proposal_id"":""known_action"",""provenance"":""released future controller trajectory""}","[7,27]",0.019675509934680206,0.040938686174681806,0.02760816135911998,-0.006117405262854272,-0.02425946529853374,-0.0012991659556577996,0.9604533397636846,0.03559560949114332,0.07655249138013459,4147,0.01997542202496399,0.041920717819840844,0.026379954409003696,0.008310621886072763,0.018642307780631993,0.010545217226988918,0.024420000064634254,0.05107701386061583,0.035367712529397834,0.025625401081314624,0.05122863012314317,0.037324154069033284,68867
expanded_bank,known_action__shift_+1__gain_0.850__delay_2__slip_0.000__rot_+0.0::grid_3_4,known_action__shift_+1__gain_0.850__delay_2__slip_0.000__rot_+0.0,grid_3_4,59,3,"{""attachment_shifts"":[1],""contact_prior_weight"":0.003247882151083975,""delay_steps"":2,""gain_multiplier"":0.85,""rotation_degrees"":0.0,""slip_fraction"":0.0}","{""future_action_observed"":true,""prior_weight"":1.0,""proposal_id"":""known_action"",""provenance"":""released future controller trajectory""}","[7,27]",0.018120957644210955,0.03840900196659449,0.025700609086507287,-0.006116950373248761,-0.02399256132802017,-0.0038988837733588155,0.9631058596575838,0.03427124486685964,0.06647311436771225,4147,0.01870233556734703,0.04033595467739664,0.024942008962326033,0.00788413079102805,0.018441466361357392,0.010170462711918741,0.023190290306186467,0.04959943589904915,0.033935431804410054,0.024166513608202846,0.049367773719847664,0.03545530202995661,68867
expanded_bank,known_action__shift_-1__gain_0.850__delay_0__slip_0.200__rot_+0.0::grid_4_4,known_action__shift_-1__gain_0.850__delay_0__slip_0.200__rot_+0.0,grid_4_4,60,0,"{""attachment_shifts"":[-1],""contact_prior_weight"":0.003247882151083974,""delay_steps"":0,""gain_multiplier"":0.85,""rotation_degrees"":0.0,""slip_fraction"":0.2}","{""future_action_observed"":true,""prior_weight"":1.0,""proposal_id"":""known_action"",""provenance"":""released future controller trajectory""}","[7,27]",0.020566167913948333,0.04486109131931952,0.031078411455436033,0.003883654660514182,-0.017904781502459086,0.002917871825525014,0.9358572462020738,0.03455991659915957,0.06938268537791609,4147,0.018691771686598253,0.04100448015538724,0.025427772537123274,0.007508095773110068,0.020458181652113324,0.010278000849644371,0.02318821351575896,0.049894397519866386,0.03423937339615847,0.024843539995624962,0.05022669682093113,0.0368514391294499,68867
expanded_bank,known_action__shift_-1__gain_0.850__delay_0__slip_0.200__rot_+0.0::grid_4_3,known_action__shift_-1__gain_0.850__delay_0__slip_0.200__rot_+0.0,grid_4_3,60,1,"{""attachment_shifts"":[-1],""contact_prior_weight"":0.003247882151083974,""delay_steps"":0,""gain_multiplier"":0.85,""rotation_degrees"":0.0,""slip_fraction"":0.2}","{""future_action_observed"":true,""prior_weight"":1.0,""proposal_id"":""known_action"",""provenance"":""released future controller trajectory""}","[7,27]",0.020769834277955947,0.04504377954162059,0.031288588043016374,0.0024353260978239757,-0.017859673326057618,-0.00035188448797865483,0.9300699300699301,0.03422104363566628,0.06680807661980714,4147,0.01879730642105894,0.04219855204607133,0.025627606520353154,0.008217734085449442,0.023338718264848516,0.011417318797347033,0.02323202254798588,0.0506305186935452,0.03421262570890663,0.0247719169882962,0.05064889935794209,0.03671215835927648,68867
expanded_bank,known_action__shift_-1__gain_0.850__delay_0__slip_0.200__rot_+0.0::grid_4_5,known_action__shift_-1__gain_0.850__delay_0__slip_0.200__rot_+0.0,grid_4_5,60,2,"{""attachment_shifts"":[-1],""contact_prior_weight"":0.003247882151083974,""delay_steps"":0,""gain_multiplier"":0.85,""rotation_degrees"":0.0,""slip_fraction"":0.2}","{""future_action_observed"":true,""prior_weight"":1.0,""proposal_id"":""known_action"",""provenance"":""released future controller trajectory""}","[7,27]",0.02046749904194575,0.043400144738561845,0.030885227673947496,0.003755947261875798,-0.01797503071071497,0.004600542003688268,0.9394743187846636,0.03460412994079334,0.07088632417120229,4147,0.018703909960613472,0.039105174039559855,0.025356676916652516,0.007287221031777364,0.018853232602686388,0.009933221908593184,0.023202940953745456,0.0479573671655939,0.034232704044325366,0.024961707755328816,0.048528589452241595,0.03696170711236468,68867
expanded_bank,known_action__shift_-1__gain_0.850__delay_0__slip_0.200__rot_+0.0::grid_3_4,known_action__shift_-1__gain_0.850__delay_0__slip_0.200__rot_+0.0,grid_3_4,60,3,"{""attachment_shifts"":[-1],""contact_prior_weight"":0.003247882151083974,""delay_steps"":0,""gain_multiplier"":0.85,""rotation_degrees"":0.0,""slip_fraction"":0.2}","{""future_action_observed"":true,""prior_weight"":1.0,""proposal_id"":""known_action"",""provenance"":""released future controller trajectory""}","[7,27]",0.01901327095154955,0.041762371117959864,0.028902247202607752,0.003636514088175798,-0.017289268037836085,-0.0003909930288514702,0.930793344586448,0.032185928086115125,0.06450686803328093,4147,0.017133820810860755,0.038552501194925114,0.023150179031127188,0.007295753981454672,0.01985142589827179,0.010125494993355143,0.021577838294396433,0.04750186116913834,0.03179605098803894,0.023117107814087535,0.04780961413712585,0.034383730774853814,68867
expanded_bank,known_action__shift_+1__gain_0.850__delay_0__slip_0.200__rot_+0.0::grid_4_4,known_action__shift_+1__gain_0.850__delay_0__slip_0.200__rot_+0.0,grid_4_4,61,0,"{""attachment_shifts"":[1],""contact_prior_weight"":0.003247882151083974,""delay_steps"":0,""gain_multiplier"":0.85,""rotation_degrees"":0.0,""slip_fraction"":0.2}","{""future_action_observed"":true,""prior_weight"":1.0,""proposal_id"":""known_action"",""provenance"":""released future controller trajectory""}","[7,27]",0.02020028900611384,0.042617995557352,0.028700552079185194,-0.005439286270748123,-0.02438645499159024,-0.004020496367648391,0.9681697612732095,0.03694942329704162,0.07600500758039438,4147,0.02037137194755507,0.04471302664561191,0.027600942072736386,0.008033422586454132,0.019272667321502793,0.010681706476120198,0.024930599946156238,0.05418455419626928,0.03669350553556355,0.025967970786159623,0.05402681610468026,0.03833876052963878,68867
expanded_bank,known_action__shift_+1__gain_0.850__delay_0__slip_0.200__rot_+0.0::grid_4_3,known_action__shift_+1__gain_0.850__delay_0__slip_0.200__rot_+0.0,grid_4_3,61,1,"{""attachment_shifts"":[1],""contact_prior_weight"":0.003247882151083974,""delay_steps"":0,""gain_multiplier"":0.85,""rotation_degrees"":0.0,""slip_fraction"":0.2}","{""future_action_observed"":true,""prior_weight"":1.0,""proposal_id"":""known_action"",""provenance"":""released future controller trajectory""}","[7,27]",0.02000910771640804,0.04247699459342647,0.02847448758386714,-0.006211681194499324,-0.024181972139719853,-0.004041344341886821,0.9674463467566916,0.03670717370862758,0.07504298216546137,4147,0.02021705145082141,0.04433436195862909,0.027378653509042086,0.008016260456504958,0.01911267132448468,0.010655065723193139,0.024770805388187947,0.05382445835840592,0.0364492715026327,0.02591115638751487,0.05389603789976604,0.03826052249202275,68867
expanded_bank,known_action__shift_+1__gain_0.850__delay_0__slip_0.200__rot_+0.0::grid_4_5,known_action__shift_+1__gain_0.850__delay_0__slip_0.200__rot_+0.0,grid_4_5,61,2,"{""attachment_shifts"":[1],""contact_prior_weight"":0.003247882151083974,""delay_steps"":0,""gain_multiplier"":0.85,""rotation_degrees"":0.0,""slip_fraction"":0.2}","{""future_action_observed"":true,""prior_weight"":1.0,""proposal_id"":""known_action"",""provenance"":""released future controller trajectory""}","[7,27]",0.02023249759866465,0.04260116318100702,0.028738248395582023,-0.005463666961542707,-0.02455872320073988,-0.0038338147157203455,0.9674463467566916,0.037079863539422914,0.07631620624262721,4147,0.020440299384430087,0.04469946558189274,0.027718613601843935,0.008000349189967601,0.019177229818315943,0.010633742153141126,0.025004949872852594,0.054161796147515484,0.03682566236432344,0.026053416814523243,0.05401469450421858,0.038490267210523274,68867
expanded_bank,known_action__shift_+1__gain_0.850__delay_0__slip_0.200__rot_+0.0::grid_3_4,known_action__shift_+1__gain_0.850__delay_0__slip_0.200__rot_+0.0,grid_3_4,61,3,"{""attachment_shifts"":[1],""contact_prior_weight"":0.003247882151083974,""delay_steps"":0,""gain_multiplier"":0.85,""rotation_degrees"":0.0,""slip_fraction"":0.2}","{""future_action_observed"":true,""prior_weight"":1.0,""proposal_id"":""known_action"",""provenance"":""released future controller trajectory""}","[7,27]",0.01871661105614604,0.04034713629820416,0.026796113372853602,-0.005250861908591904,-0.024046517294565715,-0.006569831202856748,0.9710634193392814,0.03555735937006615,0.06631291515762246,4147,0.019232006223947395,0.04339574195122709,0.02614261167320322,0.007820001548223118,0.019392223697794704,0.010509284222575452,0.023804087989923926,0.05290701697345618,0.03521045524193913,0.0246262825694866,0.052409982086415494,0.0364470739678905,68867
expanded_bank,known_action__shift_-1__gain_1.000__delay_2__slip_0.000__rot_-8.0::grid_4_4,known_action__shift_-1__gain_1.000__delay_2__slip_0.000__rot_-8.0,grid_4_4,62,0,"{""attachment_shifts"":[-1],""contact_prior_weight"":0.002916441618109119,""delay_steps"":2,""gain_multiplier"":1.0,""rotation_degrees"":-8.0,""slip_fraction"":0.0}","{""future_action_observed"":true,""prior_weight"":1.0,""proposal_id"":""known_action"",""provenance"":""released future controller trajectory""}","[7,27]",0.019825607468824783,0.04246158992978391,0.02949865490069804,0.002235291156088069,-0.016177915591813412,0.005618383454765173,0.9303110682421027,0.03253105989131729,0.07000337125468722,4147,0.017823282252715712,0.03704952729865874,0.02343243445111338,0.007372846209589304,0.019892751792946483,0.009637062592960256,0.022191979381575862,0.04543800407308538,0.03220184867544327,0.02405810780051743,0.04615790723479849,0.03519823124549863,68867
expanded_bank,known_action__shift_-1__gain_1.000__delay_2__slip_0.000__rot_-8.0::grid_4_3,known_action__shift_-1__gain_1.000__delay_2__slip_0.000__rot_-8.0,grid_4_3,62,1,"{""attachment_shifts"":[-1],""contact_prior_weight"":0.002916441618109119,""delay_steps"":2,""gain_multiplier"":1.0,""rotation_degrees"":-8.0,""slip_fraction"":0.0}","{""future_action_observed"":true,""prior_weight"":1.0,""proposal_id"":""known_action"",""provenance"":""released future controller trajectory""}","[7,27]",0.019848505506523104,0.04283298015194301,0.029529533682881005,0.0013981273909433867,-0.016118396466167532,0.003091631125841789,0.9324813117916566,0.03219733857710447,0.06706428868274425,4147,0.017652521696602388,0.037763500860126656,0.02335650509860876,0.007724614537005938,0.021469024264329038,0.010144853935299255,0.02200912810924573,0.04594664563106073,0.032032005420714,0.023785729634908298,0.046308678029306605,0.03493855079541969,68867
expanded_bank,known_action__shift_-1__gain_1.000__delay_2__slip_0.000__rot_-8.0::grid_4_5,known_action__shift_-1__gain_1.000__delay_2__slip_0.000__rot_-8.0,grid_4_5,62,2,"{""attachment_shifts"":[-1],""contact_prior_weight"":0.002916441618109119,""delay_steps"":2,""gain_multiplier"":1.0,""rotation_degrees"":-8.0,""slip_fraction"":0.0}","{""future_action_observed"":true,""prior_weight"":1.0,""proposal_id"":""known_action"",""provenance"":""released future controller trajectory""}","[7,27]",0.019682380187737464,0.03985774770400686,0.029231457284495364,0.001940518548726485,-0.016465086240731185,0.0072601155060387735,0.9336870026525199,0.03266745635829928,0.071277366132772,4147,0.017913484787133463,0.03435372849915224,0.023359894972235576,0.007138618385972282,0.017054923490046833,0.009199126418539344,0.022284241247105648,0.043004673543570085,0.0322043420787542,0.024240260526020515,0.044300582769296805,0.03532544033442281,68867
expanded_bank,known_action__shift_-1__gain_1.000__delay_2__slip_0.000__rot_-8.0::grid_3_4,known_action__shift_-1__gain_1.000__delay_2__slip_0.000__rot_-8.0,grid_3_4,62,3,"{""attachment_shifts"":[-1],""contact_prior_weight"":0.002916441618109119,""delay_steps"":2,""gain_multiplier"":1.0,""rotation_degrees"":-8.0,""slip_fraction"":0.0}","{""future_action_observed"":true,""prior_weight"":1.0,""proposal_id"":""known_action"",""provenance"":""released future controller trajectory""}","[7,27]",0.01819038641056067,0.03959435327553262,0.027223080744340804,0.0022995500962759816,-0.015599018795414192,0.0025872043914150432,0.9298287918977575,0.030136890811919417,0.061547975537220447,4147,0.0160526218720922,0.03466064339155175,0.02112928138879404,0.007073329821453964,0.01959614836347744,0.00937287633969893,0.02039592620994413,0.04306923486886494,0.02973753369331099,0.02216845505075318,0.043675856650403556,0.032744851351946644,68867
expanded_bank,known_action__shift_-1__gain_1.000__delay_2__slip_0.000__rot_+8.0::grid_4_4,known_action__shift_-1__gain_1.000__delay_2__slip_0.000__rot_+8.0,grid_4_4,63,0,"{""attachment_shifts"":[-1],""contact_prior_weight"":0.002916441618109119,""delay_steps"":2,""gain_multiplier"":1.0,""rotation_degrees"":8.0,""slip_fraction"":0.0}","{""future_action_observed"":true,""prior_weight"":1.0,""proposal_id"":""known_action"",""provenance"":""released future controller trajectory""}","[7,27]",0.02040596469713331,0.043004853512278805,0.030742114435281704,0.004824158092346053,-0.018469142567390608,0.005166423662111619,0.9356161080299011,0.034777714327241395,0.0711123425094477,4147,0.018898021916938252,0.039236309328147395,0.025499751778946228,0.007569119664303706,0.0195667407605503,0.01014490106017236,0.02338292715916841,0.04797288733263783,0.034360372424234925,0.025156637536946563,0.04862300562694724,0.037088833256955035,68867
expanded_bank,known_action__shift_-1__gain_1.000__delay_2__slip_0.000__rot_+8.0::grid_4_3,known_action__shift_-1__gain_1.000__delay_2__slip_0.000__rot_+8.0,grid_4_3,63,1,"{""attachment_shifts"":[-1],""contact_prior_weight"":0.002916441618109119,""delay_steps"":2,""gain_multiplier"":1.0,""rotation_degrees"":8.0,""slip_fraction"":0.0}","{""future_action_observed"":true,""prior_weight"":1.0,""proposal_id"":""known_action"",""provenance"":""released future controller trajectory""}","[7,27]",0.020346051760557433,0.043511445416417785,0.030641217714902143,0.0038971370702051513,-0.018460580195771365,0.0027529189446752708,0.9332047263081746,0.03428952122746497,0.06811787628618486,4147,0.01867294346653843,0.039887703602781946,0.02524710899062687,0.007866209835483907,0.02123768300039641,0.01057681826691995,0.02313327133484199,0.0484713878987795,0.033997337405839614,0.02484438169173216,0.04893723258136801,0.036707010257799565,68867
expanded_bank,known_action__shift_-1__gain_1.000__delay_2__slip_0.000__rot_+8.0::grid_4_5,known_action__shift_-1__gain_1.000__delay_2__slip_0.000__rot_+8.0,grid_4_5,63,2,"{""attachment_shifts"":[-1],""contact_prior_weight"":0.002916441618109119,""delay_steps"":2,""gain_multiplier"":1.0,""rotation_degrees"":8.0,""slip_fraction"":0.0}","{""future_action_observed"":true,""prior_weight"":1.0,""proposal_id"":""known_action"",""provenance"":""released future controller trajectory""}","[7,27]",0.020374947112839048,0.04197884202078964,0.03062018937161751,0.004786630281234409,-0.018534863580265255,0.006406955952216365,0.9363395225464191,0.03488540041158133,0.07217853693505892,4147,0.018990577084933742,0.0382487058098013,0.025513328520673565,0.007455144544697566,0.018435993671058047,0.009918204573783678,0.023472803351360243,0.04706813126934671,0.034413352608063746,0.02531733667860496,0.04792849547892681,0.03721517109491893,68867
expanded_bank,known_action__shift_-1__gain_1.000__delay_2__slip_0.000__rot_+8.0::grid_3_4,known_action__shift_-1__gain_1.000__delay_2__slip_0.000__rot_+8.0,grid_3_4,63,3,"{""attachment_shifts"":[-1],""contact_prior_weight"":0.002916441618109119,""delay_steps"":2,""gain_multiplier"":1.0,""rotation_degrees"":8.0,""slip_fraction"":0.0}","{""future_action_observed"":true,""prior_weight"":1.0,""proposal_id"":""known_action"",""provenance"":""released future controller trajectory""}","[7,27]",0.01883408703951754,0.04015156381060436,0.028507413442686397,0.004760394585813207,-0.017767436505695084,0.0020312661793410202,0.9336870026525199,0.03234841662608396,0.06432978334624824,4147,0.017204213556815937,0.03671705446934681,0.023179251615508177,0.0073023978500903015,0.019206544403719234,0.009912113395722066,0.02165361942589313,0.045438982530469095,0.03186973341831059,0.023344496792021247,0.04603894096230723,0.034631872610626425,68867
expanded_bank,known_action__shift_+1__gain_1.000__delay_2__slip_0.000__rot_-8.0::grid_4_4,known_action__shift_+1__gain_1.000__delay_2__slip_0.000__rot_-8.0,grid_4_4,64,0,"{""attachment_shifts"":[1],""contact_prior_weight"":0.002916441618109119,""delay_steps"":2,""gain_multiplier"":1.0,""rotation_degrees"":-8.0,""slip_fraction"":0.0}","{""future_action_observed"":true,""prior_weight"":1.0,""proposal_id"":""known_action"",""provenance"":""released future controller trajectory""}","[7,27]",0.019588580291356364,0.04089845191476858,0.02734882422002294,-0.007519685805762157,-0.02299340531572579,-0.0010350171953192604,0.9539426091150229,0.03485400260152886,0.07623921565991897,4147,0.019661307916667595,0.04084194225860356,0.025800013005449863,0.008179775300248528,0.018555823687658356,0.010324787613475113,0.024065542841152126,0.04979903214426629,0.034699911531112064,0.025276039340817628,0.04991173617200528,0.036646726426226975,68867
expanded_bank,known_action__shift_+1__gain_1.000__delay_2__slip_0.000__rot_-8.0::grid_4_3,known_action__shift_+1__gain_1.000__delay_2__slip_0.000__rot_-8.0,grid_4_3,64,1,"{""attachment_shifts"":[1],""contact_prior_weight"":0.002916441618109119,""delay_steps"":2,""gain_multiplier"":1.0,""rotation_degrees"":-8.0,""slip_fraction"":0.0}","{""future_action_observed"":true,""prior_weight"":1.0,""proposal_id"":""known_action"",""provenance"":""released future controller trajectory""}","[7,27]",0.01939880323426004,0.040742794453369646,0.027085143175457665,-0.008069411376616976,-0.02295410252322377,-0.0010159197535142643,0.9544248854593682,0.03477704971442737,0.07543266642769927,4147,0.019543613021477155,0.040600104364672096,0.025670761228942036,0.008112128900879527,0.018420427149445945,0.010214769461474588,0.023958151127343803,0.049585704464225236,0.034597243074583374,0.02524512259132527,0.04986022219820382,0.03669828447759044,68867
expanded_bank,known_action__shift_+1__gain_1.000__delay_2__slip_0.000__rot_-8.0::grid_4_5,known_action__shift_+1__gain_1.000__delay_2__slip_0.000__rot_-8.0,grid_4_5,64,2,"{""attachment_shifts"":[1],""contact_prior_weight"":0.002916441618109119,""delay_steps"":2,""gain_multiplier"":1.0,""rotation_degrees"":-8.0,""slip_fraction"":0.0}","{""future_action_observed"":true,""prior_weight"":1.0,""proposal_id"":""known_action"",""provenance"":""released future controller trajectory""}","[7,27]",0.019610098830084115,0.04089215576989244,0.027370769294610325,-0.007452232850263947,-0.02303408823354664,-0.0010299388018867187,0.9537014709428503,0.03489263299047497,0.07639438262064888,4147,0.019683272381240534,0.040818076082775566,0.025835438548720124,0.008173584381975716,0.018540716749288182,0.01030244406728496,0.024088958034183816,0.04976227522366878,0.03474125080150732,0.025310533578164627,0.04989279269260879,0.036706118432696805,68867
expanded_bank,known_action__shift_+1__gain_1.000__delay_2__slip_0.000__rot_-8.0::grid_3_4,known_action__shift_+1__gain_1.000__delay_2__slip_0.000__rot_-8.0,grid_3_4,64,3,"{""attachment_shifts"":[1],""contact_prior_weight"":0.002916441618109119,""delay_steps"":2,""gain_multiplier"":1.0,""rotation_degrees"":-8.0,""slip_fraction"":0.0}","{""future_action_observed"":true,""prior_weight"":1.0,""proposal_id"":""known_action"",""provenance"":""released future controller trajectory""}","[7,27]",0.01802557301819318,0.03818773094948556,0.02540684724713501,-0.007577416894679379,-0.022970686496595817,-0.00350662636398407,0.9568362671810947,0.033670034103766594,0.06600278667049092,4147,0.01843314828166741,0.039161873061544596,0.024493016243939403,0.007757373580346735,0.018196698905870588,0.009947442275682344,0.02289199249577524,0.048239741283535156,0.03341737917548594,0.0238772121066282,0.04795869854700021,0.03492191386262036,68867
expanded_bank,known_action__shift_+1__gain_1.000__delay_2__slip_0.000__rot_+8.0::grid_4_4,known_action__shift_+1__gain_1.000__delay_2__slip_0.000__rot_+8.0,grid_4_4,65,0,"{""attachment_shifts"":[1],""contact_prior_weight"":0.002916441618109119,""delay_steps"":2,""gain_multiplier"":1.0,""rotation_degrees"":8.0,""slip_fraction"":0.0}","{""future_action_observed"":true,""prior_weight"":1.0,""proposal_id"":""known_action"",""provenance"":""released future controller trajectory""}","[7,27]",0.019740014098459546,0.04119026970195189,0.027869370637216503,-0.004805588203433693,-0.02530151543135181,-0.0014844133834387204,0.9696165903062455,0.03624355994647161,0.07725404125473817,4147,0.02025082736764913,0.04317461202249774,0.026909898139624442,0.008473279995411646,0.019024222237091725,0.01088557987817338,0.02472831247793374,0.052497366602956175,0.03595286155226197,0.02591566987964077,0.05268489039444181,0.03790615634190214,68867
expanded_bank,known_action__shift_+1__gain_1.000__delay_2__slip_0.000__rot_+8.0::grid_4_3,known_action__shift_+1__gain_1.000__delay_2__slip_0.000__rot_+8.0,grid_4_3,65,1,"{""attachment_shifts"":[1],""contact_prior_weight"":0.002916441618109119,""delay_steps"":2,""gain_multiplier"":1.0,""rotation_degrees"":8.0,""slip_fraction"":0.0}","{""future_action_observed"":true,""prior_weight"":1.0,""proposal_id"":""known_action"",""provenance"":""released future controller trajectory""}","[7,27]",0.019569114372992427,0.04104729404129865,0.027646743068250865,-0.005369352780286733,-0.025276499681878093,-0.0014617510334997948,0.9696165903062455,0.036141145399508044,0.07647774330663847,4147,0.020138716846577094,0.0429437612882106,0.026754590624252342,0.00840335088266222,0.018855674681880374,0.010781566413196294,0.024621933403376182,0.05229457857591988,0.035819310674527545,0.025888676934434703,0.052667754336368236,0.03794390892789432,68867
expanded_bank,known_action__shift_+1__gain_1.000__delay_2__slip_0.000__rot_+8.0::grid_4_5,known_action__shift_+1__gain_1.000__delay_2__slip_0.000__rot_+8.0,grid_4_5,65,2,"{""attachment_shifts"":[1],""contact_prior_weight"":0.002916441618109119,""delay_steps"":2,""gain_multiplier"":1.0,""rotation_degrees"":8.0,""slip_fraction"":0.0}","{""future_action_observed"":true,""prior_weight"":1.0,""proposal_id"":""known_action"",""provenance"":""released future controller trajectory""}","[7,27]",0.0197664283482109,0.041210513777956204,0.027895952424898594,-0.004750462264231351,-0.025341585022348116,-0.0014630827593370675,0.9696165903062455,0.036303506218761654,0.07745923617864617,4147,0.020278198700527043,0.04313330078337309,0.026962671146324793,0.008464089482294568,0.018985084184740125,0.01085707302103962,0.024759095993623123,0.05244170837693772,0.03601513766929885,0.025955680693442857,0.05264174877055757,0.037977660277193265,68867
expanded_bank,known_action__shift_+1__gain_1.000__delay_2__slip_0.000__rot_+8.0::grid_3_4,known_action__shift_+1__gain_1.000__delay_2__slip_0.000__rot_+8.0,grid_3_4,65,3,"{""attachment_shifts"":[1],""contact_prior_weight"":0.002916441618109119,""delay_steps"":2,""gain_multiplier"":1.0,""rotation_degrees"":8.0,""slip_fraction"":0.0}","{""future_action_observed"":true,""prior_weight"":1.0,""proposal_id"":""known_action"",""provenance"":""released future controller trajectory""}","[7,27]",0.018210819768814376,0.03868433314099938,0.025991668723096474,-0.00478357650920392,-0.025060279149592486,-0.0038842686347082505,0.9717868338557993,0.03493932016971955,0.06698073766074825,4147,0.01901151322656191,0.04147509549018261,0.02546031261492484,0.00801020058831577,0.018742854534738534,0.010434403454039934,0.02352934060599093,0.05086594240380782,0.03452571438395867,0.024514516982314823,0.050729971546833424,0.03609270238019372,68867
expanded_bank,known_action__shift_-1__gain_1.000__delay_0__slip_0.200__rot_-8.0::grid_4_4,known_action__shift_-1__gain_1.000__delay_0__slip_0.200__rot_-8.0,grid_4_4,66,0,"{""attachment_shifts"":[-1],""contact_prior_weight"":0.0029164416181091182,""delay_steps"":0,""gain_multiplier"":1.0,""rotation_degrees"":-8.0,""slip_fraction"":0.2}","{""future_action_observed"":true,""prior_weight"":1.0,""proposal_id"":""known_action"",""provenance"":""released future controller trajectory""}","[7,27]",0.020167550300303514,0.04297331068841014,0.030288129273165317,0.0027319473374783757,-0.016591108506076216,0.00431739059503789,0.9382686279238004,0.03340972362039143,0.06955164142475122,4147,0.018069009241211114,0.03790234093526811,0.02426121503988043,0.007170991471719137,0.018811782862646873,0.009715887635122301,0.0225207943510813,0.04663306803981394,0.033084820753817225,0.024297374376725505,0.04722766819945233,0.0359305598259626,68867
expanded_bank,known_action__shift_-1__gain_1.000__delay_0__slip_0.200__rot_-8.0::grid_4_3,known_action__shift_-1__gain_1.000__delay_0__slip_0.200__rot_-8.0,grid_4_3,66,1,"{""attachment_shifts"":[-1],""contact_prior_weight"":0.0029164416181091182,""delay_steps"":0,""gain_multiplier"":1.0,""rotation_degrees"":-8.0,""slip_fraction"":0.2}","{""future_action_observed"":true,""prior_weight"":1.0,""proposal_id"":""known_action"",""provenance"":""released future controller trajectory""}","[7,27]",0.0203746928406099,0.04626529302797211,0.03053386894646745,0.0022317673009830093,-0.01701195160162417,0.0014682804658273758,0.9312756209307933,0.03345363948253349,0.06801221276561721,4147,0.0182455991734008,0.04207920961284634,0.02456879861738619,0.007744811501340066,0.022637234691329063,0.010579330657544251,0.022671034788584794,0.05083062524465617,0.0332546623512171,0.024347651491657796,0.05116911668556305,0.03600752165778888,68867
expanded_bank,known_action__shift_-1__gain_1.000__delay_0__slip_0.200__rot_-8.0::grid_4_5,known_action__shift_-1__gain_1.000__delay_0__slip_0.200__rot_-8.0,grid_4_5,66,2,"{""attachment_shifts"":[-1],""contact_prior_weight"":0.0029164416181091182,""delay_steps"":0,""gain_multiplier"":1.0,""rotation_degrees"":-8.0,""slip_fraction"":0.2}","{""future_action_observed"":true,""prior_weight"":1.0,""proposal_id"":""known_action"",""provenance"":""released future controller trajectory""}","[7,27]",0.0201093918427329,0.04209451346626266,0.030162489954262784,0.0023285779229979217,-0.01683409278657141,0.005463072036231821,0.939956595129009,0.033500770586630826,0.07079014695751619,4147,0.01814691972628392,0.03714362691453627,0.024299593700856995,0.007066003614192364,0.018115829575447717,0.009535288531069955,0.022596585523902712,0.0459319172428056,0.03315678933673783,0.024438418122748176,0.046657721635991946,0.036073617264962395,68867
expanded_bank,known_action__shift_-1__gain_1.000__delay_0__slip_0.200__rot_-8.0::grid_3_4,known_action__shift_-1__gain_1.000__delay_0__slip_0.200__rot_-8.0,grid_3_4,66,3,"{""attachment_shifts"":[-1],""contact_prior_weight"":0.0029164416181091182,""delay_steps"":0,""gain_multiplier"":1.0,""rotation_degrees"":-8.0,""slip_fraction"":0.2}","{""future_action_observed"":true,""prior_weight"":1.0,""proposal_id"":""known_action"",""provenance"":""released future controller trajectory""}","[7,27]",0.018521234401214982,0.0399082033260147,0.027952157301761787,0.002813563935336832,-0.015774422351564503,0.001158218818960271,0.9298287918977575,0.03086383088540303,0.061756732796484935,4147,0.016303375846854238,0.03511874398267946,0.021745270949809343,0.006886522530013063,0.018141068620470747,0.009406295126253222,0.020713911465571534,0.043895834156401525,0.03043109705709721,0.022392385907640148,0.0445160097998,0.03328417244923079,68867
expanded_bank,known_action__shift_-1__gain_1.000__delay_0__slip_0.200__rot_+8.0::grid_4_4,known_action__shift_-1__gain_1.000__delay_0__slip_0.200__rot_+8.0,grid_4_4,67,0,"{""attachment_shifts"":[-1],""contact_prior_weight"":0.0029164416181091182,""delay_steps"":0,""gain_multiplier"":1.0,""rotation_degrees"":8.0,""slip_fraction"":0.2}","{""future_action_observed"":true,""prior_weight"":1.0,""proposal_id"":""known_action"",""provenance"":""released future controller trajectory""}","[7,27]",0.02081302893801902,0.04469736689126615,0.031575497773190464,0.00507228494748243,-0.018966307009444613,0.003701069606220943,0.9387509042681457,0.035633999584075406,0.0710040021172568,4147,0.01925945628829543,0.04149934387727,0.02638437352523358,0.007573972723107647,0.01997590080999104,0.01041578058821489,0.023795611031725353,0.05046163433194743,0.035257325504451306,0.025476007769501794,0.05090595441297687,0.03785673138402306,68867
expanded_bank,known_action__shift_-1__gain_1.000__delay_0__slip_0.200__rot_+8.0::grid_4_3,known_action__shift_-1__gain_1.000__delay_0__slip_0.200__rot_+8.0,grid_4_3,67,1,"{""attachment_shifts"":[-1],""contact_prior_weight"":0.0029164416181091182,""delay_steps"":0,""gain_multiplier"":1.0,""rotation_degrees"":8.0,""slip_fraction"":0.2}","{""future_action_observed"":true,""prior_weight"":1.0,""proposal_id"":""known_action"",""provenance"":""released future controller trajectory""}","[7,27]",0.020910199089978085,0.04686500687122034,0.031702642331949096,0.004192893669053002,-0.01938374425377981,0.000959388254011091,0.9317578972751387,0.03549102206716622,0.0691103028413387,4147,0.019344975338824455,0.04492738996687821,0.026539490926843958,0.00808269522372875,0.023564656457616535,0.011249189703278236,0.023846310702674175,0.05373326351250156,0.035255241713018075,0.025449216167314225,0.054103180832727686,0.03782663067285184,68867
expanded_bank,known_action__shift_-1__gain_1.000__delay_0__slip_0.200__rot_+8.0::grid_4_5,known_action__shift_-1__gain_1.000__delay_0__slip_0.200__rot_+8.0,grid_4_5,67,2,"{""attachment_shifts"":[-1],""contact_prior_weight"":0.0029164416181091182,""delay_steps"":0,""gain_multiplier"":1.0,""rotation_degrees"":8.0,""slip_fraction"":0.2}","{""future_action_observed"":true,""prior_weight"":1.0,""proposal_id"":""known_action"",""provenance"":""released future controller trajectory""}","[7,27]",0.020778405562355353,0.043980617713267015,0.03149300993399195,0.004927378144728698,-0.019050132892112485,0.004736868644510351,0.9409211478176995,0.035717510648117484,0.07209195345776248,4147,0.019298832564619967,0.04048022689463516,0.026402193945674137,0.007438858340381299,0.019065593065122743,0.010213207278595893,0.023838700721619376,0.04942522384689936,0.0353112622853861,0.025577322098014197,0.04999257404427196,0.03796039944543298,68867
expanded_bank,known_action__shift_-1__gain_1.000__delay_0__slip_0.200__rot_+8.0::grid_3_4,known_action__shift_-1__gain_1.000__delay_0__slip_0.200__rot_+8.0,grid_3_4,67,3,"{""attachment_shifts"":[-1],""contact_prior_weight"":0.0029164416181091182,""delay_steps"":0,""gain_multiplier"":1.0,""rotation_degrees"":8.0,""slip_fraction"":0.2}","{""future_action_observed"":true,""prior_weight"":1.0,""proposal_id"":""known_action"",""provenance"":""released future controller trajectory""}","[7,27]",0.019235218006443896,0.041638133729887755,0.029333714621906648,0.0048802739091674836,-0.018225256934112585,0.00044879806272716757,0.9336870026525199,0.03314644887909208,0.0661249054400505,4147,0.017618437773466934,0.038907327168288604,0.023960334641676594,0.0073377071218200165,0.01933935704661788,0.010206080437182661,0.022107007325810352,0.04794078082591872,0.03268713046188637,0.023682921705911145,0.04836998855348771,0.035286198902589896,68867
expanded_bank,known_action__shift_+1__gain_1.000__delay_0__slip_0.200__rot_-8.0::grid_4_4,known_action__shift_+1__gain_1.000__delay_0__slip_0.200__rot_-8.0,grid_4_4,68,0,"{""attachment_shifts"":[1],""contact_prior_weight"":0.0029164416181091182,""delay_steps"":0,""gain_multiplier"":1.0,""rotation_degrees"":-8.0,""slip_fraction"":0.2}","{""future_action_observed"":true,""prior_weight"":1.0,""proposal_id"":""known_action"",""provenance"":""released future controller trajectory""}","[7,27]",0.02011500862549845,0.04220499907928284,0.028425237763703013,-0.006795352646035689,-0.023394710670529506,-0.003598190444966348,0.9623824451410659,0.03635102922077038,0.07610668333191509,4147,0.020099886639394646,0.043385661017375204,0.027093303987434432,0.007827053387186476,0.01874243325236966,0.010338990621840656,0.024632478528910127,0.0527596202650664,0.036141848019366506,0.025689339566457522,0.05255619892768969,0.03778032848331247,68867
expanded_bank,known_action__shift_+1__gain_1.000__delay_0__slip_0.200__rot_-8.0::grid_4_3,known_action__shift_+1__gain_1.000__delay_0__slip_0.200__rot_-8.0,grid_4_3,68,1,"{""attachment_shifts"":[1],""contact_prior_weight"":0.0029164416181091182,""delay_steps"":0,""gain_multiplier"":1.0,""rotation_degrees"":-8.0,""slip_fraction"":0.2}","{""future_action_observed"":true,""prior_weight"":1.0,""proposal_id"":""known_action"",""provenance"":""released future controller trajectory""}","[7,27]",0.019907988456494028,0.042026957097911814,0.028167746432754152,-0.007563781107877211,-0.0230642060305276,-0.00359692085244048,0.9616590306245478,0.03605040517526756,0.0747492806146036,4147,0.01990847806849136,0.04295829609895278,0.026813227599318413,0.00780321703208316,0.018584114866437264,0.010305354801784138,0.024434198965363564,0.052355509110948134,0.03583878877191724,0.02559295079915091,0.05237287478109934,0.03764112242587736,68867
expanded_bank,known_action__shift_+1__gain_1.000__delay_0__slip_0.200__rot_-8.0::grid_4_5,known_action__shift_+1__gain_1.000__delay_0__slip_0.200__rot_-8.0,grid_4_5,68,2,"{""attachment_shifts"":[1],""contact_prior_weight"":0.0029164416181091182,""delay_steps"":0,""gain_multiplier"":1.0,""rotation_degrees"":-8.0,""slip_fraction"":0.2}","{""future_action_observed"":true,""prior_weight"":1.0,""proposal_id"":""known_action"",""provenance"":""released future controller trajectory""}","[7,27]",0.020149654553741292,0.04222394914757129,0.028470964925532895,-0.006767892904477955,-0.023467827570170397,-0.0035957973092394643,0.9621413069688932,0.036436677659737064,0.07637013048355001,4147,0.020144901114832452,0.04342223298996119,0.027172229113105854,0.007808833225580059,0.0187105820529781,0.010314553743624342,0.024681293857387886,0.05279219726090845,0.036229248283996957,0.025738973000671992,0.05258668538083222,0.037870242131045784,68867
expanded_bank,known_action__shift_+1__gain_1.000__delay_0__slip_0.200__rot_-8.0::grid_3_4,known_action__shift_+1__gain_1.000__delay_0__slip_0.200__rot_-8.0,grid_3_4,68,3,"{""attachment_shifts"":[1],""contact_prior_weight"":0.0029164416181091182,""delay_steps"":0,""gain_multiplier"":1.0,""rotation_degrees"":-8.0,""slip_fraction"":0.2}","{""future_action_observed"":true,""prior_weight"":1.0,""proposal_id"":""known_action"",""provenance"":""released future controller trajectory""}","[7,27]",0.018627705037767325,0.03993501663343736,0.0265024725146465,-0.0064652764109171265,-0.02309116219676328,-0.006181076292139956,0.9638292741741018,0.03495446593126148,0.06578938863768104,4147,0.01893261616203882,0.042125482929957915,0.025640552951706905,0.007643868210921305,0.018892893802831802,0.010203539735834518,0.02348177633625865,0.0515522363112524,0.0346605077588144,0.024310626450798005,0.05098655269635185,0.03586988032352981,68867
expanded_bank,known_action__shift_+1__gain_1.000__delay_0__slip_0.200__rot_+8.0::grid_4_4,known_action__shift_+1__gain_1.000__delay_0__slip_0.200__rot_+8.0,grid_4_4,69,0,"{""attachment_shifts"":[1],""contact_prior_weight"":0.0029164416181091182,""delay_steps"":0,""gain_multiplier"":1.0,""rotation_degrees"":8.0,""slip_fraction"":0.2}","{""future_action_observed"":true,""prior_weight"":1.0,""proposal_id"":""known_action"",""provenance"":""released future controller trajectory""}","[7,27]",0.020290648308083536,0.043008084251786496,0.028983668790442677,-0.004150069679054581,-0.025461866139262,-0.004000638964264406,0.9763684591270798,0.037616931266443755,0.07631395701409965,4147,0.02069085053066461,0.045952634327687286,0.028172309158792846,0.008215527921294758,0.019744153108348404,0.01100233946074986,0.0252762473747199,0.05548679279160391,0.03731391586860827,0.026319263923821414,0.0554137862228093,0.03901014742217306,68867
expanded_bank,known_action__shift_+1__gain_1.000__delay_0__slip_0.200__rot_+8.0::grid_4_3,known_action__shift_+1__gain_1.000__delay_0__slip_0.200__rot_+8.0,grid_4_3,69,1,"{""attachment_shifts"":[1],""contact_prior_weight"":0.0029164416181091182,""delay_steps"":0,""gain_multiplier"":1.0,""rotation_degrees"":8.0,""slip_fraction"":0.2}","{""future_action_observed"":true,""prior_weight"":1.0,""proposal_id"":""known_action"",""provenance"":""released future controller trajectory""}","[7,27]",0.020107916791714538,0.04289378912731994,0.028772622072156435,-0.004915436819343121,-0.02530630460991882,-0.004013062464444034,0.9768507354714251,0.03737664514190406,0.07558698833508165,4147,0.020545329635816133,0.04558735476583748,0.027955107672007873,0.008201714763117212,0.019601942054683127,0.010978827392589654,0.025124093320861247,0.05513500945643816,0.03707242474397195,0.02627011941819827,0.05529604973885943,0.03894188130139127,68867
expanded_bank,known_action__shift_+1__gain_1.000__delay_0__slip_0.200__rot_+8.0::grid_4_5,known_action__shift_+1__gain_1.000__delay_0__slip_0.200__rot_+8.0,grid_4_5,69,2,"{""attachment_shifts"":[1],""contact_prior_weight"":0.0029164416181091182,""delay_steps"":0,""gain_multiplier"":1.0,""rotation_degrees"":8.0,""slip_fraction"":0.2}","{""future_action_observed"":true,""prior_weight"":1.0,""proposal_id"":""known_action"",""provenance"":""released future controller trajectory""}","[7,27]",0.02033300451920556,0.043029775664255636,0.029039236165559784,-0.004133226974628479,-0.025508464791462685,-0.003983711640880586,0.9768507354714251,0.03770574654975733,0.07655442726940728,4147,0.020734154860672,0.04594781876485872,0.028255745610067703,0.008191388442785075,0.019679467074155396,0.01096694980554481,0.02532408944077349,0.055476556103318385,0.03740637898828559,0.026368402120961573,0.05539962650411718,0.039101630511821354,68867
expanded_bank,known_action__shift_+1__gain_1.000__delay_0__slip_0.200__rot_+8.0::grid_3_4,known_action__shift_+1__gain_1.000__delay_0__slip_0.200__rot_+8.0,grid_3_4,69,3,"{""attachment_shifts"":[1],""contact_prior_weight"":0.0029164416181091182,""delay_steps"":0,""gain_multiplier"":1.0,""rotation_degrees"":8.0,""slip_fraction"":0.2}","{""future_action_observed"":true,""prior_weight"":1.0,""proposal_id"":""known_action"",""provenance"":""released future controller trajectory""}","[7,27]",0.018798090652068927,0.04071431231720997,0.027068432427375378,-0.003998351944334794,-0.025039327937145566,-0.006557939219095776,0.9770918736435977,0.036154528002337226,0.06725521379268588,4147,0.019532363726886295,0.044529717650739625,0.026647230752680228,0.007982342941350987,0.019840247153929538,0.010805305838468659,0.024125131882929567,0.0540934214188672,0.03575964654405633,0.024961256744002538,0.05369628816191859,0.037059351882938546,68867
expanded_bank,known_action__shift_-1__gain_1.000__delay_2__slip_0.200__rot_+0.0::grid_4_4,known_action__shift_-1__gain_1.000__delay_2__slip_0.200__rot_+0.0,grid_4_4,70,0,"{""attachment_shifts"":[-1],""contact_prior_weight"":0.0018699651695324897,""delay_steps"":2,""gain_multiplier"":1.0,""rotation_degrees"":0.0,""slip_fraction"":0.2}","{""future_action_observed"":true,""prior_weight"":1.0,""proposal_id"":""known_action"",""provenance"":""released future controller trajectory""}","[7,27]",0.02077007288682813,0.04409981079611034,0.03174829319897445,0.005620536907273119,-0.018052171487638317,0.0008814629415442193,0.9319990354473113,0.03541478639768175,0.06876560584859777,4147,0.01888911180678218,0.04082991441386696,0.02612099943021743,0.007401287662259028,0.019308861212969174,0.010190009456810119,0.023469384955972564,0.04985027290435544,0.03497449644687116,0.02501973657119944,0.05023016676410964,0.037370260853424715,68867
expanded_bank,known_action__shift_-1__gain_1.000__delay_2__slip_0.200__rot_+0.0::grid_4_3,known_action__shift_-1__gain_1.000__delay_2__slip_0.200__rot_+0.0,grid_4_3,70,1,"{""attachment_shifts"":[-1],""contact_prior_weight"":0.0018699651695324897,""delay_steps"":2,""gain_multiplier"":1.0,""rotation_degrees"":0.0,""slip_fraction"":0.2}","{""future_action_observed"":true,""prior_weight"":1.0,""proposal_id"":""known_action"",""provenance"":""released future controller trajectory""}","[7,27]",0.020831723376702284,0.04511178107612395,0.03184037693240219,0.004972831554354684,-0.01829397955820644,-0.0016109161215000884,0.9295876537255847,0.03529411791960942,0.06809793936657213,4147,0.019012447657365764,0.043071495817956836,0.026224225427752438,0.007753027467245786,0.021273011478010743,0.01076617500548042,0.023550483993787317,0.05202094003504327,0.03493726704158361,0.025066123877163494,0.05240810503379951,0.03734139526732929,68867
expanded_bank,known_action__shift_-1__gain_1.000__delay_2__slip_0.200__rot_+0.0::grid_4_5,known_action__shift_-1__gain_1.000__delay_2__slip_0.200__rot_+0.0,grid_4_5,70,2,"{""attachment_shifts"":[-1],""contact_prior_weight"":0.0018699651695324897,""delay_steps"":2,""gain_multiplier"":1.0,""rotation_degrees"":0.0,""slip_fraction"":0.2}","{""future_action_observed"":true,""prior_weight"":1.0,""proposal_id"":""known_action"",""provenance"":""released future controller trajectory""}","[7,27]",0.020727836654729426,0.04348763648056146,0.03165047893874469,0.005445273886364289,-0.018228368912042468,0.0018170013921122432,0.9346515553412105,0.0354584004011487,0.06841366131689793,4147,0.018896093457722137,0.040067472466150514,0.02610912188500691,0.007315365383914394,0.01874836859522111,0.01004860227104377,0.0234815925929611,0.04907129537484639,0.035000374401228725,0.02508001880302886,0.049508228359540295,0.03743508514462804,68867
expanded_bank,known_action__shift_-1__gain_1.000__delay_2__slip_0.200__rot_+0.0::grid_3_4,known_action__shift_-1__gain_1.000__delay_2__slip_0.200__rot_+0.0,grid_3_4,70,3,"{""attachment_shifts"":[-1],""contact_prior_weight"":0.0018699651695324897,""delay_steps"":2,""gain_multiplier"":1.0,""rotation_degrees"":0.0,""slip_fraction"":0.2}","{""future_action_observed"":true,""prior_weight"":1.0,""proposal_id"":""known_action"",""provenance"":""released future controller trajectory""}","[7,27]",0.019334079433828658,0.040992799320921015,0.029641512224230386,0.005347701611134125,-0.01737586418672924,-0.0023482679131095804,0.9271762720038582,0.033144510986771764,0.06592416266538263,4147,0.017535802556255847,0.03818923979392062,0.023976063060812614,0.007161139329600861,0.01855309279871134,0.009961036786618409,0.02204127048372299,0.04724512819421282,0.0326371187527684,0.023502268193099623,0.04767458747779772,0.03505617063835648,68867
expanded_bank,known_action__shift_+1__gain_1.000__delay_2__slip_0.200__rot_+0.0::grid_4_4,known_action__shift_+1__gain_1.000__delay_2__slip_0.200__rot_+0.0,grid_4_4,71,0,"{""attachment_shifts"":[1],""contact_prior_weight"":0.0018699651695324897,""delay_steps"":2,""gain_multiplier"":1.0,""rotation_degrees"":0.0,""slip_fraction"":0.2}","{""future_action_observed"":true,""prior_weight"":1.0,""proposal_id"":""known_action"",""provenance"":""released future controller trajectory""}","[7,27]",0.020305450340168278,0.043332918075668185,0.029230619636649077,-0.0030134630797324516,-0.024228249729249116,-0.007179072905036566,0.979744393537497,0.03743567021831306,0.07035979845740398,4147,0.02046546101536564,0.04642469436468348,0.02801071700140629,0.008303078664964766,0.020283192161999686,0.011124071126004975,0.025063666085941523,0.055991547629854824,0.037119790091506115,0.02595301434763071,0.05572240001004725,0.03852370506938259,68867
expanded_bank,known_action__shift_+1__gain_1.000__delay_2__slip_0.200__rot_+0.0::grid_4_3,known_action__shift_+1__gain_1.000__delay_2__slip_0.200__rot_+0.0,grid_4_3,71,1,"{""attachment_shifts"":[1],""contact_prior_weight"":0.0018699651695324897,""delay_steps"":2,""gain_multiplier"":1.0,""rotation_degrees"":0.0,""slip_fraction"":0.2}","{""future_action_observed"":true,""prior_weight"":1.0,""proposal_id"":""known_action"",""provenance"":""released future controller trajectory""}","[7,27]",0.020149298545757012,0.04324099338940139,0.029053557841240196,-0.0037179138455828206,-0.024369012433324493,-0.007125442768143712,0.9799855317096696,0.03739505919513273,0.07011243032657309,4147,0.020405586989055008,0.04622705073838846,0.027933646763777107,0.008258188403235715,0.020151401472914762,0.011056189028514676,0.025009506730034537,0.05579918510116826,0.03706023287400327,0.026039337559377512,0.055778268665583414,0.03868585074941482,68867
expanded_bank,known_action__shift_+1__gain_1.000__delay_2__slip_0.200__rot_+0.0::grid_4_5,known_action__shift_+1__gain_1.000__delay_2__slip_0.200__rot_+0.0,grid_4_5,71,2,"{""attachment_shifts"":[1],""contact_prior_weight"":0.0018699651695324897,""delay_steps"":2,""gain_multiplier"":1.0,""rotation_degrees"":0.0,""slip_fraction"":0.2}","{""future_action_observed"":true,""prior_weight"":1.0,""proposal_id"":""known_action"",""provenance"":""released future controller trajectory""}","[7,27]",0.020337832941452524,0.04334704461021453,0.029264274736536984,-0.0029723636430558005,-0.024271304975676384,-0.007170418319757311,0.9804678080540149,0.037509505672404436,0.07057510934248713,4147,0.020498975817889963,0.046419679266195085,0.028070425512211235,0.008284901180437131,0.020228686618369813,0.011086808770338893,0.02510131760148906,0.05598187660993335,0.03719263481127329,0.025981394613480754,0.05570272416954041,0.03858609056323193,68867
expanded_bank,known_action__shift_+1__gain_1.000__delay_2__slip_0.200__rot_+0.0::grid_3_4,known_action__shift_+1__gain_1.000__delay_2__slip_0.200__rot_+0.0,grid_3_4,71,3,"{""attachment_shifts"":[1],""contact_prior_weight"":0.0018699651695324897,""delay_steps"":2,""gain_multiplier"":1.0,""rotation_degrees"":0.0,""slip_fraction"":0.2}","{""future_action_observed"":true,""prior_weight"":1.0,""proposal_id"":""known_action"",""provenance"":""released future controller trajectory""}","[7,27]",0.01897510135162991,0.04110834684852877,0.027537609584464093,-0.002649016410651706,-0.023803568948814968,-0.009382422634561126,0.9814323607427056,0.036114970781614845,0.06692487752358897,4147,0.019510157038965484,0.04500068880191053,0.026616270221998015,0.00806034518292606,0.0204436105846509,0.010874773906413119,0.024095784216692995,0.05456175260655192,0.035708195612081474,0.024828775404494727,0.05399503211235796,0.03683744328578871,68867
expanded_bank,known_action__shift_+0__gain_1.150__delay_2__slip_0.200__rot_-8.0::grid_4_4,known_action__shift_+0__gain_1.150__delay_2__slip_0.200__rot_-8.0,grid_4_4,72,0,"{""attachment_shifts"":[0],""contact_prior_weight"":0.001642510652396365,""delay_steps"":2,""gain_multiplier"":1.15,""rotation_degrees"":-8.0,""slip_fraction"":0.2}","{""future_action_observed"":true,""prior_weight"":1.0,""proposal_id"":""known_action"",""provenance"":""released future controller trajectory""}","[7,27]",0.020168297134933882,0.04158940899765241,0.03054178372189224,0.003445434777531835,-0.017593197085651602,0.004635539941430688,0.9418857005063902,0.03431468166941206,0.06848164884994325,4147,0.018288427449110488,0.0366550225447715,0.024986926008107327,0.0070165265056078814,0.017681359155832216,0.00956620028015631,0.022826596059701575,0.045435423541214555,0.03390845285109538,0.024649689574307528,0.04622003264987963,0.03673994005176903,68867
expanded_bank,known_action__shift_+0__gain_1.150__delay_2__slip_0.200__rot_-8.0::grid_4_3,known_action__shift_+0__gain_1.150__delay_2__slip_0.200__rot_-8.0,grid_4_3,72,1,"{""attachment_shifts"":[0],""contact_prior_weight"":0.001642510652396365,""delay_steps"":2,""gain_multiplier"":1.15,""rotation_degrees"":-8.0,""slip_fraction"":0.2}","{""future_action_observed"":true,""prior_weight"":1.0,""proposal_id"":""known_action"",""provenance"":""released future controller trajectory""}","[7,27]",0.020038770187921207,0.041907500586168996,0.030282245633873064,0.0033906205949085578,-0.01735651512565344,0.0036904092714195114,0.9394743187846636,0.03388790792519816,0.0670833417077317,4147,0.01807277296771138,0.03689336703604624,0.024589684018594536,0.007095718829610957,0.018127930791115323,0.009669218855693142,0.022590713267839273,0.04566999366941751,0.03347861047382262,0.024440247240293266,0.04657760764109565,0.03642231467542032,68867
expanded_bank,known_action__shift_+0__gain_1.150__delay_2__slip_0.200__rot_-8.0::grid_4_5,known_action__shift_+0__gain_1.150__delay_2__slip_0.200__rot_-8.0,grid_4_5,72,2,"{""attachment_shifts"":[0],""contact_prior_weight"":0.001642510652396365,""delay_steps"":2,""gain_multiplier"":1.15,""rotation_degrees"":-8.0,""slip_fraction"":0.2}","{""future_action_observed"":true,""prior_weight"":1.0,""proposal_id"":""known_action"",""provenance"":""released future controller trajectory""}","[7,27]",0.020179974885376945,0.041462372424537416,0.030555061196851082,0.003299777530945869,-0.017804765327054713,0.004888307941943799,0.9428502531950808,0.03443635722620105,0.06891407735784888,4147,0.018360045556067385,0.036616073262035705,0.02508943605182431,0.006988237935243641,0.017530016544462304,0.009530790734420168,0.022901877024702835,0.04541825673534137,0.0340189791404629,0.024733543388027628,0.04619573844461525,0.036832950666624016,68867
expanded_bank,known_action__shift_+0__gain_1.150__delay_2__slip_0.200__rot_-8.0::grid_3_4,known_action__shift_+0__gain_1.150__delay_2__slip_0.200__rot_-8.0,grid_3_4,72,3,"{""attachment_shifts"":[0],""contact_prior_weight"":0.001642510652396365,""delay_steps"":2,""gain_multiplier"":1.15,""rotation_degrees"":-8.0,""slip_fraction"":0.2}","{""future_action_observed"":true,""prior_weight"":1.0,""proposal_id"":""known_action"",""provenance"":""released future controller trajectory""}","[7,27]",0.018571679691363068,0.038820415391318856,0.02819937662939073,0.003507811602672128,-0.016737743267791202,0.0011806635344755088,0.9332047263081746,0.03169054399086745,0.062290098878220186,4147,0.0165598744870883,0.03410153676767509,0.022406953742474704,0.006722165485266903,0.017244616434191538,0.009243193644844902,0.021044180652425283,0.04289165286177086,0.031182263230560888,0.022760169036107437,0.04368524871853671,0.034012060326725574,68867
expanded_bank,known_action__shift_+0__gain_1.150__delay_2__slip_0.200__rot_+8.0::grid_4_4,known_action__shift_+0__gain_1.150__delay_2__slip_0.200__rot_+8.0,grid_4_4,73,0,"{""attachment_shifts"":[0],""contact_prior_weight"":0.001642510652396365,""delay_steps"":2,""gain_multiplier"":1.15,""rotation_degrees"":8.0,""slip_fraction"":0.2}","{""future_action_observed"":true,""prior_weight"":1.0,""proposal_id"":""known_action"",""provenance"":""released future controller trajectory""}","[7,27]",0.020775770194033892,0.04342287354075511,0.03172494953434151,0.005688201524984763,-0.01917327309838622,0.0037086710820802217,0.9397154569568362,0.036096172362469786,0.06947449324708771,4147,0.01926751821651106,0.03996187413403157,0.026711123588220607,0.007351781863189372,0.018755413290455256,0.010189099328036294,0.02386505227702299,0.048878468036972204,0.03564901950693331,0.025585490104074394,0.04947231597081101,0.03826468089187021,68867
expanded_bank,known_action__shift_+0__gain_1.150__delay_2__slip_0.200__rot_+8.0::grid_4_3,known_action__shift_+0__gain_1.150__delay_2__slip_0.200__rot_+8.0,grid_4_3,73,1,"{""attachment_shifts"":[0],""contact_prior_weight"":0.001642510652396365,""delay_steps"":2,""gain_multiplier"":1.15,""rotation_degrees"":8.0,""slip_fraction"":0.2}","{""future_action_observed"":true,""prior_weight"":1.0,""proposal_id"":""known_action"",""provenance"":""released future controller trajectory""}","[7,27]",0.020655262773325342,0.043776980308268494,0.03147873560056276,0.0054662487515399925,-0.019084750241007666,0.00276429335307106,0.9387509042681457,0.035726118832181776,0.06884170622548498,4147,0.01909806982812188,0.04033810924174969,0.026365247310901042,0.007451721303874194,0.01927326738776158,0.010312038651611398,0.023676067562150484,0.049293727012089214,0.035275547245363574,0.025427478807930098,0.05001964177175581,0.038003948728690826,68867
expanded_bank,known_action__shift_+0__gain_1.150__delay_2__slip_0.200__rot_+8.0::grid_4_5,known_action__shift_+0__gain_1.150__delay_2__slip_0.200__rot_+8.0,grid_4_5,73,2,"{""attachment_shifts"":[0],""contact_prior_weight"":0.001642510652396365,""delay_steps"":2,""gain_multiplier"":1.15,""rotation_degrees"":8.0,""slip_fraction"":0.2}","{""future_action_observed"":true,""prior_weight"":1.0,""proposal_id"":""known_action"",""provenance"":""released future controller trajectory""}","[7,27]",0.020791919568286226,0.043262870099969236,0.03174743045432988,0.005585935557264058,-0.019354071504438124,0.0040137501164292985,0.9404388714733543,0.03621869927257748,0.06972681401639863,4147,0.01933404600547114,0.03991564013776756,0.02681187928684932,0.0073229342022679625,0.018568968104107946,0.010147951433521854,0.02393605862743632,0.04885946613315526,0.035760409972900156,0.025664572071785532,0.04944047873289726,0.03835743178846699,68867
expanded_bank,known_action__shift_+0__gain_1.150__delay_2__slip_0.200__rot_+8.0::grid_3_4,known_action__shift_+0__gain_1.150__delay_2__slip_0.200__rot_+8.0,grid_3_4,73,3,"{""attachment_shifts"":[0],""contact_prior_weight"":0.001642510652396365,""delay_steps"":2,""gain_multiplier"":1.15,""rotation_degrees"":8.0,""slip_fraction"":0.2}","{""future_action_observed"":true,""prior_weight"":1.0,""proposal_id"":""known_action"",""provenance"":""released future controller trajectory""}","[7,27]",0.019231134694497064,0.04057212329280095,0.029432564088996745,0.005512065187126808,-0.018416043604769686,0.0003402132434242525,0.9360983843742464,0.033544496115258574,0.06637207520335159,4147,0.017669403668945354,0.03758438283006203,0.02420825175502286,0.007112587866477456,0.01832153319855849,0.009922510802833307,0.022204795988288815,0.046575123639768505,0.03300236240021116,0.02382229362612816,0.04716123645908007,0.035631004421513505,68867
expanded_bank,known_action__shift_+0__gain_0.850__delay_2__slip_0.200__rot_-8.0::grid_4_4,known_action__shift_+0__gain_0.850__delay_2__slip_0.200__rot_-8.0,grid_4_4,74,0,"{""attachment_shifts"":[0],""contact_prior_weight"":0.0016425106523963629,""delay_steps"":2,""gain_multiplier"":0.85,""rotation_degrees"":-8.0,""slip_fraction"":0.2}","{""future_action_observed"":true,""prior_weight"":1.0,""proposal_id"":""known_action"",""provenance"":""released future controller trajectory""}","[7,27]",0.020186825643437094,0.04184765102194401,0.030598926544027717,0.0036047835773199825,-0.017277946608968357,0.00371540476157628,0.9389920424403183,0.0341528405149577,0.0675575636078064,4147,0.018175632049135346,0.036853259795918164,0.024860621200617942,0.007033541481126088,0.01787756869928244,0.009597340706376144,0.022714532241714082,0.04562015143334435,0.03375889459194732,0.02448927715511839,0.04630856742156581,0.03652427124050032,68867
expanded_bank,known_action__shift_+0__gain_0.850__delay_2__slip_0.200__rot_-8.0::grid_4_3,known_action__shift_+0__gain_0.850__delay_2__slip_0.200__rot_-8.0,grid_4_3,74,1,"{""attachment_shifts"":[0],""contact_prior_weight"":0.0016425106523963629,""delay_steps"":2,""gain_multiplier"":0.85,""rotation_degrees"":-8.0,""slip_fraction"":0.2}","{""future_action_observed"":true,""prior_weight"":1.0,""proposal_id"":""known_action"",""provenance"":""released future controller trajectory""}","[7,27]",0.020067028207492666,0.042492358035040756,0.03036792995169139,0.0034828731960942286,-0.016826210426238202,0.001725549646951022,0.9346515553412105,0.03358651307009422,0.06573979897324572,4147,0.017895071851553812,0.037525799135603326,0.02436214182230117,0.007162137092487829,0.018609743537089156,0.009770774661877807,0.022407484968443962,0.046340082034282755,0.03319565928921943,0.02415946928304243,0.04703541194484833,0.035997170565737945,68867
expanded_bank,known_action__shift_+0__gain_0.850__delay_2__slip_0.200__rot_-8.0::grid_4_5,known_action__shift_+0__gain_0.850__delay_2__slip_0.200__rot_-8.0,grid_4_5,74,2,"{""attachment_shifts"":[0],""contact_prior_weight"":0.0016425106523963629,""delay_steps"":2,""gain_multiplier"":0.85,""rotation_degrees"":-8.0,""slip_fraction"":0.2}","{""future_action_observed"":true,""prior_weight"":1.0,""proposal_id"":""known_action"",""provenance"":""released future controller trajectory""}","[7,27]",0.020205814521079987,0.041609867560686596,0.030606525766867315,0.0034219471123005164,-0.017645952478504763,0.004623875796823736,0.9421268386785628,0.03439785459297439,0.06854719703372593,4147,0.01832808921111163,0.03669594632212672,0.025065093163520014,0.007000792740869165,0.01762628447388394,0.009548467135741185,0.022871338757480937,0.04548723542408632,0.03398983022313181,0.02468823137045098,0.04623361606404005,0.03678382283318861,68867
expanded_bank,known_action__shift_+0__gain_0.850__delay_2__slip_0.200__rot_-8.0::grid_3_4,known_action__shift_+0__gain_0.850__delay_2__slip_0.200__rot_-8.0,grid_3_4,74,3,"{""attachment_shifts"":[0],""contact_prior_weight"":0.0016425106523963629,""delay_steps"":2,""gain_multiplier"":0.85,""rotation_degrees"":-8.0,""slip_fraction"":0.2}","{""future_action_observed"":true,""prior_weight"":1.0,""proposal_id"":""known_action"",""provenance"":""released future controller trajectory""}","[7,27]",0.018610106655869922,0.03904141453421141,0.028277563385124924,0.003689838476411206,-0.01651575303017191,0.0004005216521110074,0.9329635881360019,0.03163406438230687,0.06288990870080619,4147,0.016539862204289067,0.03437688394891683,0.02239635530967747,0.006747915975430248,0.017444393894684638,0.009281889812053336,0.02102025715794179,0.043176742068503554,0.031139619192757956,0.022691842497760396,0.043880128597808224,0.03390695180661151,68867
expanded_bank,known_action__shift_+0__gain_0.850__delay_2__slip_0.200__rot_+8.0::grid_4_4,known_action__shift_+0__gain_0.850__delay_2__slip_0.200__rot_+8.0,grid_4_4,75,0,"{""attachment_shifts"":[0],""contact_prior_weight"":0.0016425106523963629,""delay_steps"":2,""gain_multiplier"":0.85,""rotation_degrees"":8.0,""slip_fraction"":0.2}","{""future_action_observed"":true,""prior_weight"":1.0,""proposal_id"":""known_action"",""provenance"":""released future controller trajectory""}","[7,27]",0.02081822650776717,0.04380385253650152,0.031816859771534964,0.005725188474322507,-0.018895356613244322,0.0028039085085954686,0.9380274897516276,0.03597191154581769,0.06893928405991911,4147,0.019193195683249613,0.040322136032211374,0.026626330551178353,0.007396689252637605,0.0190796047279205,0.010251879470837173,0.023789842736756835,0.049249112462654523,0.03554331250245481,0.025459690375792376,0.04974430895553873,0.0380961597441375,68867
expanded_bank,known_action__shift_+0__gain_0.850__delay_2__slip_0.200__rot_+8.0::grid_4_3,known_action__shift_+0__gain_0.850__delay_2__slip_0.200__rot_+8.0,grid_4_3,75,1,"{""attachment_shifts"":[0],""contact_prior_weight"":0.0016425106523963629,""delay_steps"":2,""gain_multiplier"":0.85,""rotation_degrees"":8.0,""slip_fraction"":0.2}","{""future_action_observed"":true,""prior_weight"":1.0,""proposal_id"":""known_action"",""provenance"":""released future controller trajectory""}","[7,27]",0.02070587264277263,0.04435684762714484,0.03159779697774291,0.005273860362697221,-0.01876830654784277,0.000633842303223334,0.9319990354473113,0.035455270230162664,0.06881918491023924,4147,0.01901144452196437,0.04108396260040559,0.026242640191080694,0.007599840112178956,0.019839081846895642,0.010566350269189626,0.02357020842476464,0.05008958205762149,0.03506026846577325,0.025212626297882592,0.050657818828769796,0.03764287630548987,68867
expanded_bank,known_action__shift_+0__gain_0.850__delay_2__slip_0.200__rot_+8.0::grid_4_5,known_action__shift_+0__gain_0.850__delay_2__slip_0.200__rot_+8.0,grid_4_5,75,2,"{""attachment_shifts"":[0],""contact_prior_weight"":0.0016425106523963629,""delay_steps"":2,""gain_multiplier"":0.85,""rotation_degrees"":8.0,""slip_fraction"":0.2}","{""future_action_observed"":true,""prior_weight"":1.0,""proposal_id"":""known_action"",""provenance"":""released future controller trajectory""}","[7,27]",0.02081809367358146,0.04343450777003469,0.0317974280857596,0.005680151579890618,-0.01919730839032324,0.003716081344375677,0.9389920424403183,0.03617759529066291,0.0694715683981962,4147,0.01930564384840417,0.03999504438639549,0.026787062929695515,0.0073374308091000715,0.018691832939409257,0.010170504197144454,0.02390808165012947,0.048923304934833156,0.03572936241550323,0.025620150148250358,0.049474068233814075,0.038305640643009654,68867
expanded_bank,known_action__shift_+0__gain_0.850__delay_2__slip_0.200__rot_+8.0::grid_3_4,known_action__shift_+0__gain_0.850__delay_2__slip_0.200__rot_+8.0,grid_3_4,75,3,"{""attachment_shifts"":[0],""contact_prior_weight"":0.0016425106523963629,""delay_steps"":2,""gain_multiplier"":0.85,""rotation_degrees"":8.0,""slip_fraction"":0.2}","{""future_action_observed"":true,""prior_weight"":1.0,""proposal_id"":""known_action"",""provenance"":""released future controller trajectory""}","[7,27]",0.019284333638261708,0.040779724411026765,0.02953376332111641,0.005562554468217996,-0.01827299396187879,-0.0004846446435511393,0.9334458644803473,0.03352692246101431,0.06632990058269939,4147,0.017686674111322857,0.03783879071036043,0.024237775078284406,0.007145619610980256,0.018495713861603397,0.00997764492163693,0.022216628701557824,0.04683093595910497,0.03300125312672692,0.02378649402762046,0.04734726443503525,0.03556122332567587,68867
expanded_bank,known_action__shift_-1__gain_1.150__delay_2__slip_0.000__rot_-8.0::grid_4_4,known_action__shift_-1__gain_1.150__delay_2__slip_0.000__rot_-8.0,grid_4_4,76,0,"{""attachment_shifts"":[-1],""contact_prior_weight"":0.0013352442704295455,""delay_steps"":2,""gain_multiplier"":1.15,""rotation_degrees"":-8.0,""slip_fraction"":0.0}","{""future_action_observed"":true,""prior_weight"":1.0,""proposal_id"":""known_action"",""provenance"":""released future controller trajectory""}","[7,27]",0.0197337995176743,0.041265323279501304,0.02932833502110809,0.0022175593068361706,-0.01621781970271377,0.006337200030757249,0.9312756209307933,0.032508150918127046,0.07038567167814662,4147,0.017818572657531433,0.03572047861400051,0.023316309403990692,0.007259898437360244,0.018528769279562627,0.009429891302661772,0.02218380700443593,0.044243896726608285,0.032115080180725175,0.024089992058576048,0.045251951600743065,0.0351819321057161,68867
expanded_bank,known_action__shift_-1__gain_1.150__delay_2__slip_0.000__rot_-8.0::grid_4_3,known_action__shift_-1__gain_1.150__delay_2__slip_0.000__rot_-8.0,grid_4_3,76,1,"{""attachment_shifts"":[-1],""contact_prior_weight"":0.0013352442704295455,""delay_steps"":2,""gain_multiplier"":1.15,""rotation_degrees"":-8.0,""slip_fraction"":0.0}","{""future_action_observed"":true,""prior_weight"":1.0,""proposal_id"":""known_action"",""provenance"":""released future controller trajectory""}","[7,27]",0.019829260306958408,0.04308270306299141,0.02947505511141514,0.0015898400547547896,-0.016472004912818618,0.004209421540679261,0.9351338316855559,0.03239553458471029,0.0684484236512735,4147,0.017787527237880393,0.038157735179152594,0.02346585349217932,0.007669315688631316,0.021571693646541868,0.010083902911325708,0.0221447695849991,0.04635810886624616,0.03217794858982607,0.023975230176547013,0.046837924936309734,0.035182077528663945,68867
expanded_bank,known_action__shift_-1__gain_1.150__delay_2__slip_0.000__rot_-8.0::grid_4_5,known_action__shift_-1__gain_1.150__delay_2__slip_0.000__rot_-8.0,grid_4_5,76,2,"{""attachment_shifts"":[-1],""contact_prior_weight"":0.0013352442704295455,""delay_steps"":2,""gain_multiplier"":1.15,""rotation_degrees"":-8.0,""slip_fraction"":0.0}","{""future_action_observed"":true,""prior_weight"":1.0,""proposal_id"":""known_action"",""provenance"":""released future controller trajectory""}","[7,27]",0.019651047148239717,0.039387487117365665,0.02916976766368033,0.0017983898794199059,-0.016640895214674007,0.007688698705417047,0.9341692789968652,0.03273894424649502,0.0717561897001647,4147,0.017974638518316176,0.03426359236339792,0.023405102858042426,0.007116523728492279,0.01678970629022482,0.009145368781571158,0.022343982408050925,0.04295900251615989,0.032258435767466224,0.0243192939461943,0.044309382967616585,0.03541139395912433,68867
expanded_bank,known_action__shift_-1__gain_1.150__delay_2__slip_0.000__rot_-8.0::grid_3_4,known_action__shift_-1__gain_1.150__delay_2__slip_0.000__rot_-8.0,grid_3_4,76,3,"{""attachment_shifts"":[-1],""contact_prior_weight"":0.0013352442704295455,""delay_steps"":2,""gain_multiplier"":1.15,""rotation_degrees"":-8.0,""slip_fraction"":0.0}","{""future_action_observed"":true,""prior_weight"":1.0,""proposal_id"":""known_action"",""provenance"":""released future controller trajectory""}","[7,27]",0.018088454514257914,0.03846290816589332,0.02703222262672798,0.002217716817633843,-0.015649057219158827,0.0032815359651605534,0.9283819628647215,0.0300759655798904,0.06242813551615194,4147,0.016005472160940594,0.03333629432837429,0.02097569481131886,0.0069622752574328905,0.0183408640701534,0.009178818061455693,0.020348270181725518,0.04186929198642041,0.029617246113609094,0.022160935587714897,0.04276888422495106,0.0326915667097741,68867
expanded_bank,known_action__shift_-1__gain_1.150__delay_2__slip_0.000__rot_+8.0::grid_4_4,known_action__shift_-1__gain_1.150__delay_2__slip_0.000__rot_+8.0,grid_4_4,77,0,"{""attachment_shifts"":[-1],""contact_prior_weight"":0.0013352442704295455,""delay_steps"":2,""gain_multiplier"":1.15,""rotation_degrees"":8.0,""slip_fraction"":0.0}","{""future_action_observed"":true,""prior_weight"":1.0,""proposal_id"":""known_action"",""provenance"":""released future controller trajectory""}","[7,27]",0.020371201773622543,0.04260920167459402,0.030649649540253142,0.004850131649665308,-0.018439302169546833,0.0056376949281712885,0.9344104171690378,0.03475055564030325,0.07141516692479184,4147,0.018903328791749364,0.03889373106549273,0.025448241724139318,0.00752502929664838,0.019227750449609764,0.01005963521285245,0.023382848634037973,0.04764133308012051,0.03431615611476217,0.02518646664106701,0.048384214342129375,0.037088536054272675,68867
expanded_bank,known_action__shift_-1__gain_1.150__delay_2__slip_0.000__rot_+8.0::grid_4_3,known_action__shift_-1__gain_1.150__delay_2__slip_0.000__rot_+8.0,grid_4_3,77,1,"{""attachment_shifts"":[-1],""contact_prior_weight"":0.0013352442704295455,""delay_steps"":2,""gain_multiplier"":1.15,""rotation_degrees"":8.0,""slip_fraction"":0.0}","{""future_action_observed"":true,""prior_weight"":1.0,""proposal_id"":""known_action"",""provenance"":""released future controller trajectory""}","[7,27]",0.020343288212337284,0.044189950612809954,0.030611191302688027,0.004108659072406452,-0.018758454796268895,0.0038329498950445905,0.9370629370629371,0.03453268566772488,0.06950662823361149,4147,0.018806156138773823,0.040730952311620446,0.025370534557959245,0.007784764601513624,0.02140148423046472,0.010453632039117531,0.023273735815904237,0.04936216269917943,0.034175049696856294,0.025038263907980227,0.05003199525433723,0.03696508999913251,68867
expanded_bank,known_action__shift_-1__gain_1.150__delay_2__slip_0.000__rot_+8.0::grid_4_5,known_action__shift_-1__gain_1.150__delay_2__slip_0.000__rot_+8.0,grid_4_5,77,2,"{""attachment_shifts"":[-1],""contact_prior_weight"":0.0013352442704295455,""delay_steps"":2,""gain_multiplier"":1.15,""rotation_degrees"":8.0,""slip_fraction"":0.0}","{""future_action_observed"":true,""prior_weight"":1.0,""proposal_id"":""known_action"",""provenance"":""released future controller trajectory""}","[7,27]",0.02035512812880761,0.04163949008058998,0.030564371020477873,0.004740525728789184,-0.018604361581973497,0.006810129604651489,0.937786351579455,0.03492663545837635,0.07229962299748094,4147,0.0190281324878184,0.03796781879787493,0.02552462912203065,0.0074242277551706155,0.018108895679630012,0.009852641971397447,0.023508625670242863,0.04681251907206565,0.034434914906405406,0.02537517825861671,0.047746634556404495,0.03726987262967296,68867
expanded_bank,known_action__shift_-1__gain_1.150__delay_2__slip_0.000__rot_+8.0::grid_3_4,known_action__shift_-1__gain_1.150__delay_2__slip_0.000__rot_+8.0,grid_3_4,77,3,"{""attachment_shifts"":[-1],""contact_prior_weight"":0.0013352442704295455,""delay_steps"":2,""gain_multiplier"":1.15,""rotation_degrees"":8.0,""slip_fraction"":0.0}","{""future_action_observed"":true,""prior_weight"":1.0,""proposal_id"":""known_action"",""provenance"":""released future controller trajectory""}","[7,27]",0.018783267924865694,0.039664892244975394,0.02839112673498594,0.004747945871444724,-0.017877104889982603,0.002598476294532353,0.9332047263081746,0.03235903380857886,0.06446692702769327,4147,0.017209514791649345,0.03622180780795476,0.023132633474832028,0.00726145899024342,0.01869521968051724,0.00982884809187521,0.021658865852969007,0.045002209485816395,0.031847564331974026,0.023377977443208454,0.04572044702124207,0.03464990787455978,68867
expanded_bank,known_action__shift_+1__gain_1.150__delay_2__slip_0.000__rot_-8.0::grid_4_4,known_action__shift_+1__gain_1.150__delay_2__slip_0.000__rot_-8.0,grid_4_4,78,0,"{""attachment_shifts"":[1],""contact_prior_weight"":0.0013352442704295455,""delay_steps"":2,""gain_multiplier"":1.15,""rotation_degrees"":-8.0,""slip_fraction"":0.0}","{""future_action_observed"":true,""prior_weight"":1.0,""proposal_id"":""known_action"",""provenance"":""released future controller trajectory""}","[7,27]",0.01958535255862625,0.04088312338424076,0.027336811027558423,-0.007523291329846477,-0.02305236446398515,-0.0009770370309014594,0.9534603327706775,0.03488061756441852,0.07628269172657312,4147,0.019676083825338232,0.040841643929755256,0.02582044816929757,0.008175247775685006,0.018546835145161304,0.01031371395133813,0.024081279905845056,0.04979280791347528,0.034725365240118385,0.025294289555491338,0.04990823663065063,0.03667685893379098,68867
expanded_bank,known_action__shift_+1__gain_1.150__delay_2__slip_0.000__rot_-8.0::grid_4_3,known_action__shift_+1__gain_1.150__delay_2__slip_0.000__rot_-8.0,grid_4_3,78,1,"{""attachment_shifts"":[1],""contact_prior_weight"":0.0013352442704295455,""delay_steps"":2,""gain_multiplier"":1.15,""rotation_degrees"":-8.0,""slip_fraction"":0.0}","{""future_action_observed"":true,""prior_weight"":1.0,""proposal_id"":""known_action"",""provenance"":""released future controller trajectory""}","[7,27]",0.0193954804643038,0.040724347779451796,0.02706834736504869,-0.00807883801569885,-0.023061504385869284,-0.0008358664002088424,0.9544248854593682,0.034809774347138035,0.07570258244251968,4147,0.019575631120031516,0.04058374835425928,0.025705685550616406,0.008119084290386429,0.01840798797035903,0.010221596121219529,0.023988561636649083,0.049550617324904137,0.03463251680278384,0.02528341257786837,0.0498391941273078,0.03675262113537976,68867
expanded_bank,known_action__shift_+1__gain_1.150__delay_2__slip_0.000__rot_-8.0::grid_4_5,known_action__shift_+1__gain_1.150__delay_2__slip_0.000__rot_-8.0,grid_4_5,78,2,"{""attachment_shifts"":[1],""contact_prior_weight"":0.0013352442704295455,""delay_steps"":2,""gain_multiplier"":1.15,""rotation_degrees"":-8.0,""slip_fraction"":0.0}","{""future_action_observed"":true,""prior_weight"":1.0,""proposal_id"":""known_action"",""provenance"":""released future controller trajectory""}","[7,27]",0.01960695022501682,0.040879991274353655,0.027361982476590822,-0.0074507247128424514,-0.023079709336939702,-0.0009915162440162623,0.9534603327706775,0.03491195899406664,0.0764853609356251,4147,0.01969388874915655,0.04082216160562433,0.025851850333332496,0.008172029630650739,0.018542549690079745,0.010298405824101634,0.02410025503091342,0.04976153458850856,0.03476062907801359,0.025324086336987076,0.04989383351270308,0.03672986373603169,68867
expanded_bank,known_action__shift_+1__gain_1.150__delay_2__slip_0.000__rot_-8.0::grid_3_4,known_action__shift_+1__gain_1.150__delay_2__slip_0.000__rot_-8.0,grid_3_4,78,3,"{""attachment_shifts"":[1],""contact_prior_weight"":0.0013352442704295455,""delay_steps"":2,""gain_multiplier"":1.15,""rotation_degrees"":-8.0,""slip_fraction"":0.0}","{""future_action_observed"":true,""prior_weight"":1.0,""proposal_id"":""known_action"",""provenance"":""released future controller trajectory""}","[7,27]",0.018012117973806082,0.038157037041613585,0.02538079341241921,-0.00758515765024767,-0.023014009049894844,-0.0034491844425165894,0.9570774053532675,0.033679385547568316,0.06610534292290121,4147,0.01843399268142997,0.03913418467050884,0.02449541453132656,0.007747003488132467,0.018176746267137948,0.00992898139506703,0.022893851315387227,0.04820637472364858,0.03342550558603343,0.02388083145636347,0.04792691960795931,0.0349332325573705,68867
expanded_bank,known_action__shift_+1__gain_1.150__delay_2__slip_0.000__rot_+8.0::grid_4_4,known_action__shift_+1__gain_1.150__delay_2__slip_0.000__rot_+8.0,grid_4_4,79,0,"{""attachment_shifts"":[1],""contact_prior_weight"":0.0013352442704295455,""delay_steps"":2,""gain_multiplier"":1.15,""rotation_degrees"":8.0,""slip_fraction"":0.0}","{""future_action_observed"":true,""prior_weight"":1.0,""proposal_id"":""known_action"",""provenance"":""released future controller trajectory""}","[7,27]",0.019736522146860863,0.041171795851530975,0.02785683803558572,-0.004815633647329549,-0.02534849514552561,-0.0014252752672698728,0.9698577284784181,0.03626503223599077,0.07737498609831184,4147,0.02026281110672859,0.043158605360544854,0.02692752827328989,0.008469321115191119,0.01901124342259787,0.010877058636074428,0.024741051328484514,0.0524759172011172,0.0359743070920148,0.025931856475417615,0.05266692518159863,0.03793362522041651,68867
expanded_bank,known_action__shift_+1__gain_1.150__delay_2__slip_0.000__rot_+8.0::grid_4_3,known_action__shift_+1__gain_1.150__delay_2__slip_0.000__rot_+8.0,grid_4_3,79,1,"{""attachment_shifts"":[1],""contact_prior_weight"":0.0013352442704295455,""delay_steps"":2,""gain_multiplier"":1.15,""rotation_degrees"":8.0,""slip_fraction"":0.0}","{""future_action_observed"":true,""prior_weight"":1.0,""proposal_id"":""known_action"",""provenance"":""released future controller trajectory""}","[7,27]",0.019563197910363716,0.04100387322029677,0.027620634679712475,-0.005375817872922408,-0.02539373581930548,-0.0012814309624003613,0.9703400048227634,0.03618263141266758,0.07678885302572093,4147,0.020171918740121746,0.04291739931894925,0.02679408244011324,0.008406658350187822,0.018825232832199702,0.010781656886109815,0.024654542782315592,0.0522577232149589,0.03586218768737586,0.02592874869725074,0.05264390341450981,0.038002630384243084,68867
expanded_bank,known_action__shift_+1__gain_1.150__delay_2__slip_0.000__rot_+8.0::grid_4_5,known_action__shift_+1__gain_1.150__delay_2__slip_0.000__rot_+8.0,grid_4_5,79,2,"{""attachment_shifts"":[1],""contact_prior_weight"":0.0013352442704295455,""delay_steps"":2,""gain_multiplier"":1.15,""rotation_degrees"":8.0,""slip_fraction"":0.0}","{""future_action_observed"":true,""prior_weight"":1.0,""proposal_id"":""known_action"",""provenance"":""released future controller trajectory""}","[7,27]",0.019763681031220837,0.041199207537956216,0.027884827270088713,-0.004745619370831535,-0.025376600572302156,-0.0014211085748407598,0.9698577284784181,0.036319232056977215,0.07748803797861745,4147,0.02028621041138483,0.04311729228256476,0.026974071637364032,0.00846026253989058,0.018973461944755732,0.010849150741577262,0.024767731514425448,0.05242141122590364,0.03603021031481907,0.025966560021368972,0.052623700290463225,0.03799646611310976,68867
expanded_bank,known_action__shift_+1__gain_1.150__delay_2__slip_0.000__rot_+8.0::grid_3_4,known_action__shift_+1__gain_1.150__delay_2__slip_0.000__rot_+8.0,grid_3_4,79,3,"{""attachment_shifts"":[1],""contact_prior_weight"":0.0013352442704295455,""delay_steps"":2,""gain_multiplier"":1.15,""rotation_degrees"":8.0,""slip_fraction"":0.0}","{""future_action_observed"":true,""prior_weight"":1.0,""proposal_id"":""known_action"",""provenance"":""released future controller trajectory""}","[7,27]",0.01819787460398586,0.03865363987059293,0.025966634303802475,-0.0047858194179299565,-0.02508953906296181,-0.0038263703719185254,0.9717868338557993,0.034940262387989494,0.06700415738773503,4147,0.019008256187503878,0.041435471031913675,0.02545464993980751,0.007998918214434938,0.01872050502001526,0.01041575264759386,0.02352670871175419,0.05082182856627606,0.03452495399159297,0.024514581797364397,0.05068866300065167,0.03609666628253321,68867
expanded_bank,known_action__shift_-1__gain_1.150__delay_0__slip_0.200__rot_-8.0::grid_4_4,known_action__shift_-1__gain_1.150__delay_0__slip_0.200__rot_-8.0,grid_4_4,80,0,"{""attachment_shifts"":[-1],""contact_prior_weight"":0.0013352442704295453,""delay_steps"":0,""gain_multiplier"":1.15,""rotation_degrees"":-8.0,""slip_fraction"":0.2}","{""future_action_observed"":true,""prior_weight"":1.0,""proposal_id"":""known_action"",""provenance"":""released future controller trajectory""}","[7,27]",0.020119548141552174,0.04251225680807725,0.030199287924450615,0.0025005273895778867,-0.01672828260917525,0.004845342922249509,0.939956595129009,0.03341748411095881,0.0698317877714267,4147,0.018089877601814356,0.03766280048463696,0.02425287482134474,0.007139471541915813,0.018628431402665544,0.00965399256596952,0.022538515749514668,0.046428064889300596,0.033089936157773135,0.024344059501218526,0.04706801163364514,0.03598157057635207,68867
expanded_bank,known_action__shift_-1__gain_1.150__delay_0__slip_0.200__rot_-8.0::grid_4_3,known_action__shift_-1__gain_1.150__delay_0__slip_0.200__rot_-8.0,grid_4_3,80,1,"{""attachment_shifts"":[-1],""contact_prior_weight"":0.0013352442704295453,""delay_steps"":0,""gain_multiplier"":1.15,""rotation_degrees"":-8.0,""slip_fraction"":0.2}","{""future_action_observed"":true,""prior_weight"":1.0,""proposal_id"":""known_action"",""provenance"":""released future controller trajectory""}","[7,27]",0.020189945910270197,0.044842076532085905,0.030259802433680125,0.0024964679871950055,-0.016874992642410866,0.0028886752500284405,0.9344104171690378,0.033334444157292226,0.06807557266016029,4147,0.018090142935774572,0.0402484176251821,0.024274560417676692,0.0074540723616849285,0.020969615659403654,0.010122220466704761,0.02252586603123575,0.04902730192992376,0.03304169197907543,0.024288625882545104,0.04955239854956331,0.035929544603426435,68867
expanded_bank,known_action__shift_-1__gain_1.150__delay_0__slip_0.200__rot_-8.0::grid_4_5,known_action__shift_-1__gain_1.150__delay_0__slip_0.200__rot_-8.0,grid_4_5,80,2,"{""attachment_shifts"":[-1],""contact_prior_weight"":0.0013352442704295453,""delay_steps"":0,""gain_multiplier"":1.15,""rotation_degrees"":-8.0,""slip_fraction"":0.2}","{""future_action_observed"":true,""prior_weight"":1.0,""proposal_id"":""known_action"",""provenance"":""released future controller trajectory""}","[7,27]",0.020089518087035692,0.04192715012221106,0.030116753938220654,0.0022249338525199137,-0.01693300968640619,0.005798966397320103,0.9418857005063902,0.03353407300703465,0.07125772951916233,4147,0.018180656626034783,0.03698613032842594,0.02431980956504839,0.007044476711938072,0.017976151941312146,0.009495275051370735,0.022627942680627327,0.04577788879768266,0.03318246597865304,0.024489936157344582,0.04655537002842521,0.03612926188400118,68867
expanded_bank,known_action__shift_-1__gain_1.150__delay_0__slip_0.200__rot_-8.0::grid_3_4,known_action__shift_-1__gain_1.150__delay_0__slip_0.200__rot_-8.0,grid_3_4,80,3,"{""attachment_shifts"":[-1],""contact_prior_weight"":0.0013352442704295453,""delay_steps"":0,""gain_multiplier"":1.15,""rotation_degrees"":-8.0,""slip_fraction"":0.2}","{""future_action_observed"":true,""prior_weight"":1.0,""proposal_id"":""known_action"",""provenance"":""released future controller trajectory""}","[7,27]",0.018464214837678985,0.0394518352311716,0.027841468849774422,0.0027413501088143235,-0.0157982030854381,0.001639391859491837,0.9298287918977575,0.03081724399331294,0.0615392114802199,4147,0.016266154658948533,0.03450802791920623,0.021667466619524383,0.0068316884293150755,0.01769998886448763,0.0093157915641501,0.020676617353367264,0.04328440422737947,0.030371138700806325,0.022387745406184316,0.04400585293193139,0.03327280866736467,68867
expanded_bank,known_action__shift_-1__gain_1.150__delay_0__slip_0.200__rot_+8.0::grid_4_4,known_action__shift_-1__gain_1.150__delay_0__slip_0.200__rot_+8.0,grid_4_4,81,0,"{""attachment_shifts"":[-1],""contact_prior_weight"":0.0013352442704295453,""delay_steps"":0,""gain_multiplier"":1.15,""rotation_degrees"":8.0,""slip_fraction"":0.2}","{""future_action_observed"":true,""prior_weight"":1.0,""proposal_id"":""known_action"",""provenance"":""released future controller trajectory""}","[7,27]",0.020778236328138962,0.044338674886221924,0.031506744921276815,0.0049875605700018715,-0.019030867060128406,0.004172691453568103,0.9409211478176995,0.03564438011460622,0.07108306509158865,4147,0.019266619554809263,0.04114387698273582,0.02637027567160251,0.00753020467596475,0.019691778572443325,0.010344602238025665,0.023802425157886616,0.05009944919567825,0.03525793525543262,0.02550985443341701,0.050600176169753715,0.03789474000072101,68867
expanded_bank,known_action__shift_-1__gain_1.150__delay_0__slip_0.200__rot_+8.0::grid_4_3,known_action__shift_-1__gain_1.150__delay_0__slip_0.200__rot_+8.0,grid_4_3,81,1,"{""attachment_shifts"":[-1],""contact_prior_weight"":0.0013352442704295453,""delay_steps"":0,""gain_multiplier"":1.15,""rotation_degrees"":8.0,""slip_fraction"":0.2}","{""future_action_observed"":true,""prior_weight"":1.0,""proposal_id"":""known_action"",""provenance"":""released future controller trajectory""}","[7,27]",0.02073309949784329,0.04535422402018853,0.031414287173203485,0.004586762778800797,-0.019330254643034197,0.002344857042427469,0.9336870026525199,0.03543816054260807,0.06970566318234081,4147,0.019217706982537774,0.04247893076190471,0.02628682251015489,0.0077737751871355355,0.020823938289442966,0.010762753154589091,0.02373309739769454,0.051509249947427435,0.03508511536159834,0.025415451606089386,0.052073102051334245,0.03776296166778748,68867
expanded_bank,known_action__shift_-1__gain_1.150__delay_0__slip_0.200__rot_+8.0::grid_4_5,known_action__shift_-1__gain_1.150__delay_0__slip_0.200__rot_+8.0,grid_4_5,81,2,"{""attachment_shifts"":[-1],""contact_prior_weight"":0.0013352442704295453,""delay_steps"":0,""gain_multiplier"":1.15,""rotation_degrees"":8.0,""slip_fraction"":0.2}","{""future_action_observed"":true,""prior_weight"":1.0,""proposal_id"":""known_action"",""provenance"":""released future controller trajectory""}","[7,27]",0.02075775231954896,0.04384922173391148,0.031446164131778774,0.004855282557617692,-0.019138404237414496,0.005078642854746973,0.9423679768507355,0.03574971902923937,0.07214272338365213,4147,0.01932370592563068,0.04036347951412001,0.026419524690466163,0.00741458434148419,0.018957627057530298,0.010172426275545154,0.023862786529058825,0.04930876006981274,0.03533662763746705,0.02562072231870937,0.04992217304734506,0.03801156088680112,68867
expanded_bank,known_action__shift_-1__gain_1.150__delay_0__slip_0.200__rot_+8.0::grid_3_4,known_action__shift_-1__gain_1.150__delay_0__slip_0.200__rot_+8.0,grid_3_4,81,3,"{""attachment_shifts"":[-1],""contact_prior_weight"":0.0013352442704295453,""delay_steps"":0,""gain_multiplier"":1.15,""rotation_degrees"":8.0,""slip_fraction"":0.2}","{""future_action_observed"":true,""prior_weight"":1.0,""proposal_id"":""known_action"",""provenance"":""released future controller trajectory""}","[7,27]",0.019180595295371618,0.041356361895528146,0.02922514441236444,0.0048961477755223234,-0.018221272930092347,0.0009328308155170977,0.9341692789968652,0.03310638904068515,0.06608957706753074,4147,0.01757337674941416,0.03850820352988132,0.02387674241511873,0.00727797503952558,0.019101518540812035,0.010096955277920618,0.02206462426009518,0.04752439775711347,0.0326280958020821,0.023672541648343048,0.04800922152854902,0.03526966076824705,68867
expanded_bank,known_action__shift_+1__gain_1.150__delay_0__slip_0.200__rot_-8.0::grid_4_4,known_action__shift_+1__gain_1.150__delay_0__slip_0.200__rot_-8.0,grid_4_4,82,0,"{""attachment_shifts"":[1],""contact_prior_weight"":0.0013352442704295453,""delay_steps"":0,""gain_multiplier"":1.15,""rotation_degrees"":-8.0,""slip_fraction"":0.2}","{""future_action_observed"":true,""prior_weight"":1.0,""proposal_id"":""known_action"",""provenance"":""released future controller trajectory""}","[7,27]",0.02010949719842471,0.04218365202532825,0.028413156151267903,-0.006813779729421972,-0.023444311808796813,-0.003545069991962202,0.9621413069688932,0.03636942463816793,0.07617704190293448,4147,0.02010951827397892,0.04338052927028357,0.027109385768172657,0.007821265598825062,0.018730197145474848,0.0103305714318044,0.024642825219236004,0.05275237565126074,0.036160150100553415,0.025702286990580213,0.05255179051191051,0.037802831107879326,68867
expanded_bank,known_action__shift_+1__gain_1.150__delay_0__slip_0.200__rot_-8.0::grid_4_3,known_action__shift_+1__gain_1.150__delay_0__slip_0.200__rot_-8.0,grid_4_3,82,1,"{""attachment_shifts"":[1],""contact_prior_weight"":0.0013352442704295453,""delay_steps"":0,""gain_multiplier"":1.15,""rotation_degrees"":-8.0,""slip_fraction"":0.2}","{""future_action_observed"":true,""prior_weight"":1.0,""proposal_id"":""known_action"",""provenance"":""released future controller trajectory""}","[7,27]",0.019898789685196525,0.04198431247021554,0.02814598065759121,-0.007581336127402636,-0.023156805019555554,-0.0034072871570701964,0.9616590306245478,0.03606867817915506,0.07509852283793275,4147,0.01992328948041343,0.04292254631493297,0.026825329497938515,0.007790648495868429,0.01854866042679883,0.010287874597959788,0.024448649415786797,0.05231433524852839,0.035855204067723793,0.025615957048504133,0.05234291731197194,0.03767776698966308,68867
expanded_bank,known_action__shift_+1__gain_1.150__delay_0__slip_0.200__rot_-8.0::grid_4_5,known_action__shift_+1__gain_1.150__delay_0__slip_0.200__rot_-8.0,grid_4_5,82,2,"{""attachment_shifts"":[1],""contact_prior_weight"":0.0013352442704295453,""delay_steps"":0,""gain_multiplier"":1.15,""rotation_degrees"":-8.0,""slip_fraction"":0.2}","{""future_action_observed"":true,""prior_weight"":1.0,""proposal_id"":""known_action"",""provenance"":""released future controller trajectory""}","[7,27]",0.02014640110103098,0.04220879369941204,0.02846432222979223,-0.00678583200629079,-0.02350839573128188,-0.0035588895737641256,0.9621413069688932,0.03645554257510912,0.07643285541458246,4147,0.02015409903088892,0.04341992805794538,0.027188587048554955,0.0078034501284067114,0.018698446202173605,0.01030708629109364,0.024691363624050666,0.05278872551227492,0.03624791328924958,0.02575104673418795,0.05258546177071408,0.037891543714325675,68867
expanded_bank,known_action__shift_+1__gain_1.150__delay_0__slip_0.200__rot_-8.0::grid_3_4,known_action__shift_+1__gain_1.150__delay_0__slip_0.200__rot_-8.0,grid_3_4,82,3,"{""attachment_shifts"":[1],""contact_prior_weight"":0.0013352442704295453,""delay_steps"":0,""gain_multiplier"":1.15,""rotation_degrees"":-8.0,""slip_fraction"":0.2}","{""future_action_observed"":true,""prior_weight"":1.0,""proposal_id"":""known_action"",""provenance"":""released future controller trajectory""}","[7,27]",0.01861973828226451,0.039909942506578505,0.02648603092621585,-0.006476202575955958,-0.02312040561990657,-0.0061327366229901766,0.9638292741741018,0.03495630050429008,0.06572376210221538,4147,0.018932428078991575,0.042106706871878695,0.025641423162587444,0.007638893145985331,0.018879441189269142,0.010195880449255238,0.023481828260883412,0.051531821469803216,0.034662366275196185,0.024312918593749833,0.05096884132615401,0.035875540897817686,68867
expanded_bank,known_action__shift_+1__gain_1.150__delay_0__slip_0.200__rot_+8.0::grid_4_4,known_action__shift_+1__gain_1.150__delay_0__slip_0.200__rot_+8.0,grid_4_4,83,0,"{""attachment_shifts"":[1],""contact_prior_weight"":0.0013352442704295453,""delay_steps"":0,""gain_multiplier"":1.15,""rotation_degrees"":8.0,""slip_fraction"":0.2}","{""future_action_observed"":true,""prior_weight"":1.0,""proposal_id"":""known_action"",""provenance"":""released future controller trajectory""}","[7,27]",0.020287208715259086,0.04298592715006408,0.028972654353696885,-0.00416034708703554,-0.025503715124764587,-0.003945901088531889,0.9763684591270798,0.03763395541339512,0.07638034896949417,4147,0.020699070313540208,0.045934421351334194,0.0281864524903624,0.008208517059495367,0.01972188451640228,0.01099138127806885,0.025285243528058613,0.055466634651795715,0.03733079274689349,0.02633112609166825,0.05539722104713988,0.039031344530590865,68867
expanded_bank,known_action__shift_+1__gain_1.150__delay_0__slip_0.200__rot_+8.0::grid_4_3,known_action__shift_+1__gain_1.150__delay_0__slip_0.200__rot_+8.0,grid_4_3,83,1,"{""attachment_shifts"":[1],""contact_prior_weight"":0.0013352442704295453,""delay_steps"":0,""gain_multiplier"":1.15,""rotation_degrees"":8.0,""slip_fraction"":0.2}","{""future_action_observed"":true,""prior_weight"":1.0,""proposal_id"":""known_action"",""provenance"":""released future controller trajectory""}","[7,27]",0.020094855685092127,0.04284054232279177,0.028754610155811794,-0.004974964561597518,-0.025372868534537973,-0.0038088999312597916,0.9766095972992525,0.03738154219362046,0.07558152525284313,4147,0.020551119091324302,0.04551113173246729,0.027951660851390198,0.008181891984115251,0.01953389404296309,0.010952336206174891,0.025129332951489797,0.055056767580334225,0.037073846640577134,0.026284413732058882,0.055230895445020425,0.03896181909951586,68867
expanded_bank,known_action__shift_+1__gain_1.150__delay_0__slip_0.200__rot_+8.0::grid_4_5,known_action__shift_+1__gain_1.150__delay_0__slip_0.200__rot_+8.0,grid_4_5,83,2,"{""attachment_shifts"":[1],""contact_prior_weight"":0.0013352442704295453,""delay_steps"":0,""gain_multiplier"":1.15,""rotation_degrees"":8.0,""slip_fraction"":0.2}","{""future_action_observed"":true,""prior_weight"":1.0,""proposal_id"":""known_action"",""provenance"":""released future controller trajectory""}","[7,27]",0.02033163216217459,0.043015506840700594,0.029032429015498854,-0.0041427105058123425,-0.025544867420616322,-0.00394533212463879,0.9766095972992525,0.03772445896613205,0.07663034369205796,4147,0.02074286470468047,0.04593674020552582,0.028271747126273082,0.008185427232034772,0.019660732819486087,0.010957736629276965,0.025333730785782205,0.055463934558492495,0.037424999604961734,0.026380035661919765,0.0553896138952904,0.03912263870692553,68867
expanded_bank,known_action__shift_+1__gain_1.150__delay_0__slip_0.200__rot_+8.0::grid_3_4,known_action__shift_+1__gain_1.150__delay_0__slip_0.200__rot_+8.0,grid_3_4,83,3,"{""attachment_shifts"":[1],""contact_prior_weight"":0.0013352442704295453,""delay_steps"":0,""gain_multiplier"":1.15,""rotation_degrees"":8.0,""slip_fraction"":0.2}","{""future_action_observed"":true,""prior_weight"":1.0,""proposal_id"":""known_action"",""provenance"":""released future controller trajectory""}","[7,27]",0.01879281649435789,0.04069354726613471,0.027054737362189413,-0.004014820071129882,-0.025064974955936105,-0.006509754112188044,0.9770918736435977,0.036158022099315755,0.06728116999892268,4147,0.01953340675908569,0.04450674432175629,0.02664988073316475,0.00797903205664453,0.019819862713033022,0.010800336263178036,0.024126461984843,0.054069349228075006,0.03576327984573152,0.02496415025885297,0.053674446205563824,0.037065264856045624,68867
expanded_bank,known_action__shift_-1__gain_0.850__delay_2__slip_0.000__rot_-8.0::grid_4_4,known_action__shift_-1__gain_0.850__delay_2__slip_0.000__rot_-8.0,grid_4_4,84,0,"{""attachment_shifts"":[-1],""contact_prior_weight"":0.0013352442704295437,""delay_steps"":2,""gain_multiplier"":0.85,""rotation_degrees"":-8.0,""slip_fraction"":0.0}","{""future_action_observed"":true,""prior_weight"":1.0,""proposal_id"":""known_action"",""provenance"":""released future controller trajectory""}","[7,27]",0.019967000914785787,0.04374007859006703,0.02976330006739236,0.001958512654983253,-0.01632245396114929,0.004426823417402609,0.9334458644803473,0.03262686661772817,0.06920314004500899,4147,0.01788021815890768,0.03888457149595342,0.023691540293888837,0.0076293853360536994,0.02188759163544216,0.010031038660645357,0.022255324586082006,0.04711631478072138,0.032418544709478456,0.024032852499046,0.04744059900502963,0.03526958237583284,68867
expanded_bank,known_action__shift_-1__gain_0.850__delay_2__slip_0.000__rot_-8.0::grid_4_3,known_action__shift_-1__gain_0.850__delay_2__slip_0.000__rot_-8.0,grid_4_3,84,1,"{""attachment_shifts"":[-1],""contact_prior_weight"":0.0013352442704295437,""delay_steps"":2,""gain_multiplier"":0.85,""rotation_degrees"":-8.0,""slip_fraction"":0.0}","{""future_action_observed"":true,""prior_weight"":1.0,""proposal_id"":""known_action"",""provenance"":""released future controller trajectory""}","[7,27]",0.019936563512568527,0.042999946985415316,0.02960136009424143,0.000813702133370593,-0.015567552930206854,0.0017262877911737745,0.9283819628647215,0.031812750522101925,0.06578729222103497,4147,0.01758167015027724,0.03767625937410377,0.023324012661949382,0.008048933892542038,0.022625865486938606,0.010584629249712511,0.021896655597043693,0.04555212352406921,0.031864384022165085,0.023577080534413597,0.045777884026668304,0.0346026026425415,68867
expanded_bank,known_action__shift_-1__gain_0.850__delay_2__slip_0.000__rot_-8.0::grid_4_5,known_action__shift_-1__gain_0.850__delay_2__slip_0.000__rot_-8.0,grid_4_5,84,2,"{""attachment_shifts"":[-1],""contact_prior_weight"":0.0013352442704295437,""delay_steps"":2,""gain_multiplier"":0.85,""rotation_degrees"":-8.0,""slip_fraction"":0.0}","{""future_action_observed"":true,""prior_weight"":1.0,""proposal_id"":""known_action"",""provenance"":""released future controller trajectory""}","[7,27]",0.019745216848909158,0.0407801163735051,0.02935054792673666,0.0021515158829640835,-0.016258632529776176,0.00657596184471092,0.9319990354473113,0.032589808019475565,0.07068734840229426,4147,0.017853355672603616,0.03519436712515372,0.02335419887713729,0.007208304621740676,0.01793833054754007,0.009336801266095866,0.02222488238999536,0.043774152656952565,0.03217534585844605,0.024146371608028266,0.04485690314710713,0.035234632184877664,68867
expanded_bank,known_action__shift_-1__gain_0.850__delay_2__slip_0.000__rot_-8.0::grid_3_4,known_action__shift_-1__gain_0.850__delay_2__slip_0.000__rot_-8.0,grid_3_4,84,3,"{""attachment_shifts"":[-1],""contact_prior_weight"":0.0013352442704295437,""delay_steps"":2,""gain_multiplier"":0.85,""rotation_degrees"":-8.0,""slip_fraction"":0.0}","{""future_action_observed"":true,""prior_weight"":1.0,""proposal_id"":""known_action"",""provenance"":""released future controller trajectory""}","[7,27]",0.01833389195612141,0.04046225484369552,0.027492235084513508,0.002167805705267267,-0.015464494418272197,0.0013528989947495687,0.9300699300699301,0.030187156684689926,0.06069040639628284,4147,0.016101093518095525,0.03571131263190743,0.021315065583639582,0.007201583197403258,0.02075485980196249,0.00957820192723903,0.020445660400638863,0.0440022918559247,0.029877501657210575,0.02214090440941071,0.04424776519624274,0.03275087345328998,68867
expanded_bank,known_action__shift_-1__gain_0.850__delay_2__slip_0.000__rot_+8.0::grid_4_4,known_action__shift_-1__gain_0.850__delay_2__slip_0.000__rot_+8.0,grid_4_4,85,0,"{""attachment_shifts"":[-1],""contact_prior_weight"":0.0013352442704295437,""delay_steps"":2,""gain_multiplier"":0.85,""rotation_degrees"":8.0,""slip_fraction"":0.0}","{""future_action_observed"":true,""prior_weight"":1.0,""proposal_id"":""known_action"",""provenance"":""released future controller trajectory""}","[7,27]",0.020466941513505924,0.043916581686178284,0.03088968196067362,0.004582978715071721,-0.018537993344388267,0.004055852328699985,0.9363395225464191,0.03474485044461331,0.06992825982712238,4147,0.018879995155954687,0.04056425616121104,0.025585144223981,0.007721267060964531,0.020967186093866566,0.010385951045195036,0.02336520143292456,0.04921647828792355,0.03440004793008278,0.025068597641422538,0.04966548126380862,0.037026943047302655,68867
expanded_bank,known_action__shift_-1__gain_0.850__delay_2__slip_0.000__rot_+8.0::grid_4_3,known_action__shift_-1__gain_0.850__delay_2__slip_0.000__rot_+8.0,grid_4_3,85,1,"{""attachment_shifts"":[-1],""contact_prior_weight"":0.0013352442704295437,""delay_steps"":2,""gain_multiplier"":0.85,""rotation_degrees"":8.0,""slip_fraction"":0.0}","{""future_action_observed"":true,""prior_weight"":1.0,""proposal_id"":""known_action"",""provenance"":""released future controller trajectory""}","[7,27]",0.020355441752710497,0.04298815695328881,0.030644509463305707,0.0028885390831081244,-0.01828215340342349,0.0012559853438763753,0.9283819628647215,0.03381088193273046,0.0668156289721003,4147,0.018591450882032304,0.039929456009236836,0.025261670804997728,0.008244164755093307,0.022922173252418052,0.011220097157241189,0.023001379068285942,0.048016863247512954,0.033814597491139034,0.02461284973318541,0.04827810303705249,0.036369691962649595,68867
expanded_bank,known_action__shift_-1__gain_0.850__delay_2__slip_0.000__rot_+8.0::grid_4_5,known_action__shift_-1__gain_0.850__delay_2__slip_0.000__rot_+8.0,grid_4_5,85,2,"{""attachment_shifts"":[-1],""contact_prior_weight"":0.0013352442704295437,""delay_steps"":2,""gain_multiplier"":0.85,""rotation_degrees"":8.0,""slip_fraction"":0.0}","{""future_action_observed"":true,""prior_weight"":1.0,""proposal_id"":""known_action"",""provenance"":""released future controller trajectory""}","[7,27]",0.02040207357830578,0.04244724833223949,0.03069665244352831,0.004838280297020535,-0.01847401810943365,0.005834406627577551,0.9358572462020738,0.03484269074892078,0.07172356061787737,4147,0.018949656097067794,0.038702918036606915,0.025514032474935135,0.0074991883926240205,0.018939950650777224,0.010009629779877238,0.023434109192371388,0.04748348923009929,0.03439697991422344,0.02524679846692189,0.048240920498138995,0.0371496828476037,68867
expanded_bank,known_action__shift_-1__gain_0.850__delay_2__slip_0.000__rot_+8.0::grid_3_4,known_action__shift_-1__gain_0.850__delay_2__slip_0.000__rot_+8.0,grid_3_4,85,3,"{""attachment_shifts"":[-1],""contact_prior_weight"":0.0013352442704295437,""delay_steps"":2,""gain_multiplier"":0.85,""rotation_degrees"":8.0,""slip_fraction"":0.0}","{""future_action_observed"":true,""prior_weight"":1.0,""proposal_id"":""known_action"",""provenance"":""released future controller trajectory""}","[7,27]",0.018892021626985174,0.04067075235856263,0.028667114091736723,0.004589455384286124,-0.017771449844341123,0.0009786634654729968,0.9327224499638292,0.032358072382815226,0.06398542238850133,4147,0.01721909540109155,0.03770139778921484,0.023286715809675496,0.00736499383110385,0.020178837030311866,0.010035586294899253,0.02166849291741632,0.04637234346145755,0.031936206488238326,0.02328923018208973,0.04673527875056468,0.03458603615163596,68867
expanded_bank,known_action__shift_+1__gain_0.850__delay_2__slip_0.000__rot_-8.0::grid_4_4,known_action__shift_+1__gain_0.850__delay_2__slip_0.000__rot_-8.0,grid_4_4,86,0,"{""attachment_shifts"":[1],""contact_prior_weight"":0.0013352442704295437,""delay_steps"":2,""gain_multiplier"":0.85,""rotation_degrees"":-8.0,""slip_fraction"":0.0}","{""future_action_observed"":true,""prior_weight"":1.0,""proposal_id"":""known_action"",""provenance"":""released future controller trajectory""}","[7,27]",0.019592825194035407,0.04091122005738928,0.027364697716878526,-0.007488134349876741,-0.022841969433922443,-0.0012455514657129178,0.9541837472871956,0.03479235434163803,0.07612192619787707,4147,0.019617118620910506,0.04083296540366987,0.02574346563559107,0.008177472795976881,0.01855511968488767,0.010323874557175705,0.0240209319786437,0.04981179622759455,0.03463686849932993,0.025217583562415918,0.04990501814494689,0.036553700523647654,68867
expanded_bank,known_action__shift_+1__gain_0.850__delay_2__slip_0.000__rot_-8.0::grid_4_3,known_action__shift_+1__gain_0.850__delay_2__slip_0.000__rot_-8.0,grid_4_3,86,1,"{""attachment_shifts"":[1],""contact_prior_weight"":0.0013352442704295437,""delay_steps"":2,""gain_multiplier"":0.85,""rotation_degrees"":-8.0,""slip_fraction"":0.0}","{""future_action_observed"":true,""prior_weight"":1.0,""proposal_id"":""known_action"",""provenance"":""released future controller trajectory""}","[7,27]",0.019405388056705525,0.04075831230782141,0.027110747263059908,-0.008047361670390095,-0.022819076033780687,-0.001221454557479607,0.9551482999758861,0.03473257295931573,0.07522858579828298,4147,0.019505578021505862,0.04060471608071478,0.02562446762390563,0.008107099581994386,0.01842375670529304,0.010213778713351246,0.023921186348921607,0.04961429457908267,0.03454947069065194,0.025198063646062096,0.049871106905683346,0.036627514305547636,68867
expanded_bank,known_action__shift_+1__gain_0.850__delay_2__slip_0.000__rot_-8.0::grid_4_5,known_action__shift_+1__gain_0.850__delay_2__slip_0.000__rot_-8.0,grid_4_5,86,2,"{""attachment_shifts"":[1],""contact_prior_weight"":0.0013352442704295437,""delay_steps"":2,""gain_multiplier"":0.85,""rotation_degrees"":-8.0,""slip_fraction"":0.0}","{""future_action_observed"":true,""prior_weight"":1.0,""proposal_id"":""known_action"",""provenance"":""released future controller trajectory""}","[7,27]",0.019615229062431606,0.04091579522860961,0.02738310177254296,-0.007453308800809386,-0.022979964249792956,-0.0010702342325797213,0.9539426091150229,0.034870114960821604,0.07631871020731976,4147,0.019671896437790135,0.04081774572954753,0.025817227809706855,0.008176473797652508,0.018540118621314376,0.010309039750554597,0.024076597239017297,0.04976677816186506,0.03471908326582048,0.025295684234772554,0.04989620670156165,0.03667931517900248,68867
expanded_bank,known_action__shift_+1__gain_0.850__delay_2__slip_0.000__rot_-8.0::grid_3_4,known_action__shift_+1__gain_0.850__delay_2__slip_0.000__rot_-8.0,grid_3_4,86,3,"{""attachment_shifts"":[1],""contact_prior_weight"":0.0013352442704295437,""delay_steps"":2,""gain_multiplier"":0.85,""rotation_degrees"":-8.0,""slip_fraction"":0.0}","{""future_action_observed"":true,""prior_weight"":1.0,""proposal_id"":""known_action"",""provenance"":""released future controller trajectory""}","[7,27]",0.01804479056063669,0.03823927995372907,0.02544579664280559,-0.007508004570780323,-0.022830236823529883,-0.0036981487637153462,0.9573185435254401,0.03361724686757798,0.06581582207162694,4147,0.018406249223623463,0.03919390313525188,0.024456633816346687,0.007764291065778807,0.018243067465379882,0.009962323379611393,0.02286270288383546,0.048285624866970196,0.03336887201340965,0.023839348016642968,0.04799011011672239,0.03485498503093765,68867
expanded_bank,known_action__shift_+1__gain_0.850__delay_2__slip_0.000__rot_+8.0::grid_4_4,known_action__shift_+1__gain_0.850__delay_2__slip_0.000__rot_+8.0,grid_4_4,87,0,"{""attachment_shifts"":[1],""contact_prior_weight"":0.0013352442704295437,""delay_steps"":2,""gain_multiplier"":0.85,""rotation_degrees"":8.0,""slip_fraction"":0.0}","{""future_action_observed"":true,""prior_weight"":1.0,""proposal_id"":""known_action"",""provenance"":""released future controller trajectory""}","[7,27]",0.019742856077735765,0.04123528195744645,0.027887885447926062,-0.0047682236012705406,-0.025124804815553417,-0.0017009285579354426,0.9691343139619002,0.03615323604193247,0.0769531002205112,4147,0.02019796915426834,0.04317846902510359,0.02683651181403379,0.008477399949510262,0.019060791751086582,0.010897964378231716,0.024672697660971625,0.052512489649852875,0.03586550226104226,0.02584650631295077,0.052682875863793784,0.03779281726498339,68867
expanded_bank,known_action__shift_+1__gain_0.850__delay_2__slip_0.000__rot_+8.0::grid_4_3,known_action__shift_+1__gain_0.850__delay_2__slip_0.000__rot_+8.0,grid_4_3,87,1,"{""attachment_shifts"":[1],""contact_prior_weight"":0.0013352442704295437,""delay_steps"":2,""gain_multiplier"":0.85,""rotation_degrees"":8.0,""slip_fraction"":0.0}","{""future_action_observed"":true,""prior_weight"":1.0,""proposal_id"":""known_action"",""provenance"":""released future controller trajectory""}","[7,27]",0.019573699041182353,0.04110003263369673,0.027682046949753954,-0.005375255893810045,-0.02511087934833995,-0.0016737006178049964,0.9698577284784181,0.03607545848442467,0.07608747192753668,4147,0.020090831793660186,0.04295374209960033,0.02669193304119623,0.008394808839013437,0.018881872256605287,0.010775700723120072,0.024573969926144874,0.05231750187726759,0.035751221676990186,0.025832245805742886,0.05267607132820479,0.03785721767472206,68867
expanded_bank,known_action__shift_+1__gain_0.850__delay_2__slip_0.000__rot_+8.0::grid_4_5,known_action__shift_+1__gain_0.850__delay_2__slip_0.000__rot_+8.0,grid_4_5,87,2,"{""attachment_shifts"":[1],""contact_prior_weight"":0.0013352442704295437,""delay_steps"":2,""gain_multiplier"":0.85,""rotation_degrees"":8.0,""slip_fraction"":0.0}","{""future_action_observed"":true,""prior_weight"":1.0,""proposal_id"":""known_action"",""provenance"":""released future controller trajectory""}","[7,27]",0.01977072041485285,0.04122361479545542,0.027909661662125818,-0.0047477881838110325,-0.025297913711403518,-0.0015077312028596015,0.9698577284784181,0.03628332727353884,0.07736790336457816,4147,0.020268378165595558,0.04314821796681899,0.026947428229295866,0.008468422542355521,0.018995671953588814,0.010865565995236704,0.024748355779289535,0.052462344153092616,0.035995640317226116,0.02594252567865966,0.05265971921389039,0.03795429962159531,68867
expanded_bank,known_action__shift_+1__gain_0.850__delay_2__slip_0.000__rot_+8.0::grid_3_4,known_action__shift_+1__gain_0.850__delay_2__slip_0.000__rot_+8.0,grid_3_4,87,3,"{""attachment_shifts"":[1],""contact_prior_weight"":0.0013352442704295437,""delay_steps"":2,""gain_multiplier"":0.85,""rotation_degrees"":8.0,""slip_fraction"":0.0}","{""future_action_observed"":true,""prior_weight"":1.0,""proposal_id"":""known_action"",""provenance"":""released future controller trajectory""}","[7,27]",0.018238383711661726,0.03876346177220447,0.026038476274620786,-0.004686835222935977,-0.024935266000781206,-0.004075691046045399,0.9705811429949361,0.03489571791470417,0.06687107156349814,4147,0.01899594507755962,0.04154751478818654,0.025441106294857626,0.008032489257316264,0.018826412612882617,0.010472259217983218,0.023510714533880785,0.05094452187755153,0.03449082693247842,0.02448616885591026,0.05079000623886573,0.036041412878523436,68867
expanded_bank,known_action__shift_-1__gain_0.850__delay_0__slip_0.200__rot_-8.0::grid_4_4,known_action__shift_-1__gain_0.850__delay_0__slip_0.200__rot_-8.0,grid_4_4,88,0,"{""attachment_shifts"":[-1],""contact_prior_weight"":0.0013352442704295437,""delay_steps"":0,""gain_multiplier"":0.85,""rotation_degrees"":-8.0,""slip_fraction"":0.2}","{""future_action_observed"":true,""prior_weight"":1.0,""proposal_id"":""known_action"",""provenance"":""released future controller trajectory""}","[7,27]",0.02029212388735011,0.0443427208414785,0.030504193374611164,0.0028083878736159533,-0.016582599805311234,0.0031882604606501682,0.9344104171690378,0.03348379235204532,0.0688282090776254,4147,0.01811543381663719,0.03974165310882108,0.024410094691759202,0.007344149221252606,0.020383903493125105,0.009970706707875143,0.022570966151935243,0.04848312167905709,0.03319945882443275,0.024269738638666008,0.04881782976262817,0.035929482328171905,68867
expanded_bank,known_action__shift_-1__gain_0.850__delay_0__slip_0.200__rot_-8.0::grid_4_3,known_action__shift_-1__gain_0.850__delay_0__slip_0.200__rot_-8.0,grid_4_3,88,1,"{""attachment_shifts"":[-1],""contact_prior_weight"":0.0013352442704295437,""delay_steps"":0,""gain_multiplier"":0.85,""rotation_degrees"":-8.0,""slip_fraction"":0.2}","{""future_action_observed"":true,""prior_weight"":1.0,""proposal_id"":""known_action"",""provenance"":""released future controller trajectory""}","[7,27]",0.020547800949314455,0.04467702186333263,0.03076918791235865,0.0014355340538691672,-0.016688722410457064,-0.0001862418346877405,0.9266939956595129,0.033274844647902015,0.06615084383061104,4147,0.018317944164715973,0.041131434999802624,0.024751430733628184,0.008108061957260328,0.02305046979886829,0.011167939835245291,0.02271009519495707,0.04949363181681652,0.03330104376038958,0.02427513201087936,0.04947344519749359,0.03587205928678341,68867
expanded_bank,known_action__shift_-1__gain_0.850__delay_0__slip_0.200__rot_-8.0::grid_4_5,known_action__shift_-1__gain_0.850__delay_0__slip_0.200__rot_-8.0,grid_4_5,88,2,"{""attachment_shifts"":[-1],""contact_prior_weight"":0.0013352442704295437,""delay_steps"":0,""gain_multiplier"":0.85,""rotation_degrees"":-8.0,""slip_fraction"":0.2}","{""future_action_observed"":true,""prior_weight"":1.0,""proposal_id"":""known_action"",""provenance"":""released future controller trajectory""}","[7,27]",0.020145435865355207,0.04239823525875828,0.030239083534551552,0.0024697496443149307,-0.016742740847220536,0.004982154344339327,0.9404388714733543,0.03348515407833715,0.0703093378705432,4147,0.018120702093018606,0.03748396873136554,0.02430494268835307,0.007105730048362694,0.01840395305834901,0.00960424762317833,0.02257400167529765,0.04626407301746107,0.03315277709115989,0.024385165515397836,0.04690461449051444,0.036022754979182885,68867
expanded_bank,known_action__shift_-1__gain_0.850__delay_0__slip_0.200__rot_-8.0::grid_3_4,known_action__shift_-1__gain_0.850__delay_0__slip_0.200__rot_-8.0,grid_3_4,88,3,"{""attachment_shifts"":[-1],""contact_prior_weight"":0.0013352442704295437,""delay_steps"":0,""gain_multiplier"":0.85,""rotation_degrees"":-8.0,""slip_fraction"":0.2}","{""future_action_observed"":true,""prior_weight"":1.0,""proposal_id"":""known_action"",""provenance"":""released future controller trajectory""}","[7,27]",0.018668340609239765,0.04107374719277666,0.02822171422929133,0.002685137553417987,-0.015965448363481793,-1.6460602407325447e-05,0.9264528574873403,0.031053950538449376,0.06225704380320889,4147,0.016470783448605742,0.036913654059765204,0.022034839399297224,0.007059960507303821,0.019510681122833058,0.00969023247119335,0.020877632364063547,0.04573493670950586,0.030668105861232992,0.02246940871363051,0.046053425899995226,0.03338213012806579,68867
expanded_bank,known_action__shift_-1__gain_0.850__delay_0__slip_0.200__rot_+8.0::grid_4_4,known_action__shift_-1__gain_0.850__delay_0__slip_0.200__rot_+8.0,grid_4_4,89,0,"{""attachment_shifts"":[-1],""contact_prior_weight"":0.0013352442704295437,""delay_steps"":0,""gain_multiplier"":0.85,""rotation_degrees"":8.0,""slip_fraction"":0.2}","{""future_action_observed"":true,""prior_weight"":1.0,""proposal_id"":""known_action"",""provenance"":""released future controller trajectory""}","[7,27]",0.020867178789672612,0.04540415464606156,0.031691729402112255,0.00501646231360254,-0.018978862937437488,0.0026418450164096344,0.9348926935133832,0.03561066663670805,0.07019751945597506,4147,0.019262026683360578,0.042345923790355754,0.02644640989908548,0.007685346385091301,0.020621032986703213,0.010616090004778032,0.02379537020481819,0.05134446187743318,0.03526692686588226,0.025408816656732162,0.05167446835936211,0.037779197772649695,68867
expanded_bank,known_action__shift_-1__gain_0.850__delay_0__slip_0.200__rot_+8.0::grid_4_3,known_action__shift_-1__gain_0.850__delay_0__slip_0.200__rot_+8.0,grid_4_3,89,1,"{""attachment_shifts"":[-1],""contact_prior_weight"":0.0013352442704295437,""delay_steps"":0,""gain_multiplier"":0.85,""rotation_degrees"":8.0,""slip_fraction"":0.2}","{""future_action_observed"":true,""prior_weight"":1.0,""proposal_id"":""known_action"",""provenance"":""released future controller trajectory""}","[7,27]",0.02101626819772198,0.045414172889043314,0.03182754821253422,0.003502981019400069,-0.018771032007431025,-0.0005366549592111974,0.930793344586448,0.03511647342624127,0.0680765355808084,4147,0.019263147035068182,0.04318149360601249,0.026472119592808485,0.008334724652311954,0.023555494918311163,0.011669453350619518,0.023734371026475905,0.05166044437058841,0.03508116178383705,0.02525058076557047,0.05173582176505935,0.037517379439805425,68867
expanded_bank,known_action__shift_-1__gain_0.850__delay_0__slip_0.200__rot_+8.0::grid_4_5,known_action__shift_-1__gain_0.850__delay_0__slip_0.200__rot_+8.0,grid_4_5,89,2,"{""attachment_shifts"":[-1],""contact_prior_weight"":0.0013352442704295437,""delay_steps"":0,""gain_multiplier"":0.85,""rotation_degrees"":8.0,""slip_fraction"":0.2}","{""future_action_observed"":true,""prior_weight"":1.0,""proposal_id"":""known_action"",""provenance"":""released future controller trajectory""}","[7,27]",0.02081065657113232,0.044249504551294706,0.03155942978582543,0.0049860371036923624,-0.019011880273637802,0.004304200046677361,0.9416445623342176,0.03571042816053716,0.07154959843438505,4147,0.019292406666994354,0.04101218216005361,0.0264214910900363,0.007495814002239483,0.019510564694207234,0.010294396858903479,0.023833369997723765,0.049973825016797965,0.03532014387318164,0.025542934362179255,0.050457548623235725,0.037930780421881014,68867
expanded_bank,known_action__shift_-1__gain_0.850__delay_0__slip_0.200__rot_+8.0::grid_3_4,known_action__shift_-1__gain_0.850__delay_0__slip_0.200__rot_+8.0,grid_3_4,89,3,"{""attachment_shifts"":[-1],""contact_prior_weight"":0.0013352442704295437,""delay_steps"":0,""gain_multiplier"":0.85,""rotation_degrees"":8.0,""slip_fraction"":0.2}","{""future_action_observed"":true,""prior_weight"":1.0,""proposal_id"":""known_action"",""provenance"":""released future controller trajectory""}","[7,27]",0.019360505264186065,0.042385674156050844,0.029565667147099996,0.0047224754929165,-0.01829739869715892,-0.0007007097292818518,0.9324813117916566,0.033239281043149584,0.06631824550447231,4147,0.017749817562312187,0.0401454573255074,0.024182815470717725,0.007509097032795143,0.020315188936647643,0.010500472592278046,0.02222667361709371,0.04912713903564521,0.03284220030585092,0.02372537464385488,0.04941355925254586,0.03533578079917603,68867
expanded_bank,known_action__shift_+1__gain_0.850__delay_0__slip_0.200__rot_-8.0::grid_4_4,known_action__shift_+1__gain_0.850__delay_0__slip_0.200__rot_-8.0,grid_4_4,90,0,"{""attachment_shifts"":[1],""contact_prior_weight"":0.0013352442704295437,""delay_steps"":0,""gain_multiplier"":0.85,""rotation_degrees"":-8.0,""slip_fraction"":0.2}","{""future_action_observed"":true,""prior_weight"":1.0,""proposal_id"":""known_action"",""provenance"":""released future controller trajectory""}","[7,27]",0.020121540338843297,0.04224859157677158,0.028444646542218316,-0.006762975506091416,-0.02323331144364634,-0.0038095028540579925,0.9628647214854111,0.03628773720416889,0.07564603281173363,4147,0.020063846649920555,0.04339352136189518,0.027038292653332924,0.007839836727227219,0.018776443761114602,0.010357842906385405,0.024594484931596862,0.052774819395439716,0.03607924519787365,0.0256393274913629,0.05255685125991104,0.037694423351296066,68867
expanded_bank,known_action__shift_+1__gain_0.850__delay_0__slip_0.200__rot_-8.0::grid_4_3,known_action__shift_+1__gain_0.850__delay_0__slip_0.200__rot_-8.0,grid_4_3,90,1,"{""attachment_shifts"":[1],""contact_prior_weight"":0.0013352442704295437,""delay_steps"":0,""gain_multiplier"":0.85,""rotation_degrees"":-8.0,""slip_fraction"":0.2}","{""future_action_observed"":true,""prior_weight"":1.0,""proposal_id"":""known_action"",""provenance"":""released future controller trajectory""}","[7,27]",0.0199206815395749,0.042081650934211616,0.0281954375500722,-0.007528708801353648,-0.022951840072911345,-0.003826425181145237,0.9626235833132385,0.03602676112012431,0.07446476796318074,4147,0.01989159748333806,0.043012483686516265,0.026795594448272123,0.007820467386947317,0.018633682656276036,0.01032943903319301,0.02441727945273222,0.052417023200517374,0.035816161766456744,0.02556541694037621,0.05242068242046766,0.037594260350360405,68867
expanded_bank,known_action__shift_+1__gain_0.850__delay_0__slip_0.200__rot_-8.0::grid_4_5,known_action__shift_+1__gain_0.850__delay_0__slip_0.200__rot_-8.0,grid_4_5,90,2,"{""attachment_shifts"":[1],""contact_prior_weight"":0.0013352442704295437,""delay_steps"":0,""gain_multiplier"":0.85,""rotation_degrees"":-8.0,""slip_fraction"":0.2}","{""future_action_observed"":true,""prior_weight"":1.0,""proposal_id"":""known_action"",""provenance"":""released future controller trajectory""}","[7,27]",0.02015458802749023,0.042242868184776725,0.02848054127836264,-0.006748704078013529,-0.023420063299538597,-0.003634610643442423,0.9621413069688932,0.036415447472830265,0.07625896116096158,4147,0.020135004344579266,0.04342388840578826,0.027154069942423354,0.00781479073782587,0.018723305783050766,0.010323013916732227,0.024670339964486268,0.05279513346742193,0.036208390031838615,0.02572590503625195,0.052587108886189136,0.037846683662194805,68867
expanded_bank,known_action__shift_+1__gain_0.850__delay_0__slip_0.200__rot_-8.0::grid_3_4,known_action__shift_+1__gain_0.850__delay_0__slip_0.200__rot_-8.0,grid_3_4,90,3,"{""attachment_shifts"":[1],""contact_prior_weight"":0.0013352442704295437,""delay_steps"":0,""gain_multiplier"":0.85,""rotation_degrees"":-8.0,""slip_fraction"":0.2}","{""future_action_observed"":true,""prior_weight"":1.0,""proposal_id"":""known_action"",""provenance"":""released future controller trajectory""}","[7,27]",0.018645897306270892,0.03999297608191951,0.026543602681481916,-0.006461993947618808,-0.0229668791668224,-0.006370159664508223,0.9626235833132385,0.034932206199204785,0.06539513316609791,4147,0.018924378567913815,0.042166535880978254,0.02562411644212856,0.007656942678080017,0.018933376858649605,0.010222227689931643,0.0234721274256781,0.051598164841605995,0.03463865676815572,0.024291792835608998,0.051020130353032773,0.035829880829455374,68867
expanded_bank,known_action__shift_+1__gain_0.850__delay_0__slip_0.200__rot_+8.0::grid_4_4,known_action__shift_+1__gain_0.850__delay_0__slip_0.200__rot_+8.0,grid_4_4,91,0,"{""attachment_shifts"":[1],""contact_prior_weight"":0.0013352442704295437,""delay_steps"":0,""gain_multiplier"":0.85,""rotation_degrees"":8.0,""slip_fraction"":0.2}","{""future_action_observed"":true,""prior_weight"":1.0,""proposal_id"":""known_action"",""provenance"":""released future controller trajectory""}","[7,27]",0.020299794101258962,0.04306697815936794,0.02901061998534226,-0.0041464316807567495,-0.0253113643971938,-0.004209268043235458,0.9761273209549072,0.03756068235504764,0.07580154589487165,4147,0.020660826384210136,0.045976637538224674,0.028128183497436066,0.008230095889546499,0.019796525266316263,0.011025307357711064,0.025244279368146282,0.055514616624363904,0.037260436989383354,0.026275991438201897,0.055425588504012316,0.03893563030102668,68867
expanded_bank,known_action__shift_+1__gain_0.850__delay_0__slip_0.200__rot_+8.0::grid_4_3,known_action__shift_+1__gain_0.850__delay_0__slip_0.200__rot_+8.0,grid_4_3,91,1,"{""attachment_shifts"":[1],""contact_prior_weight"":0.0013352442704295437,""delay_steps"":0,""gain_multiplier"":0.85,""rotation_degrees"":8.0,""slip_fraction"":0.2}","{""future_action_observed"":true,""prior_weight"":1.0,""proposal_id"":""known_action"",""provenance"":""released future controller trajectory""}","[7,27]",0.02013363373495889,0.042972071070933135,0.028800651819122457,-0.004794552465481017,-0.025266569083618396,-0.004262289591120015,0.9761273209549072,0.03740251802747775,0.07540137905818418,4147,0.020556847712469177,0.04573894561832069,0.02799084883116124,0.008237594484024545,0.019717977044368555,0.011028054658780553,0.025137249791763287,0.05528776858487913,0.037103698493460326,0.026272312211080527,0.05543332769122615,0.038953196632873215,68867
expanded_bank,known_action__shift_+1__gain_0.850__delay_0__slip_0.200__rot_+8.0::grid_4_5,known_action__shift_+1__gain_0.850__delay_0__slip_0.200__rot_+8.0,grid_4_5,91,2,"{""attachment_shifts"":[1],""contact_prior_weight"":0.0013352442704295437,""delay_steps"":0,""gain_multiplier"":0.85,""rotation_degrees"":8.0,""slip_fraction"":0.2}","{""future_action_observed"":true,""prior_weight"":1.0,""proposal_id"":""known_action"",""provenance"":""released future controller trajectory""}","[7,27]",0.020335588491751384,0.04304696425383094,0.029048912031323648,-0.004125614088552927,-0.02547304077276134,-0.004023242946416458,0.9768507354714251,0.03768952848080105,0.07646368846633993,4147,0.020726859449815466,0.04596098342064193,0.028242309095852656,0.008197641345586518,0.019697940057721967,0.010976949408297935,0.025315946618300247,0.05549136237268485,0.0373903588174726,0.026358021908603722,0.05541130172165029,0.03908280867912631,68867
expanded_bank,known_action__shift_+1__gain_0.850__delay_0__slip_0.200__rot_+8.0::grid_3_4,known_action__shift_+1__gain_0.850__delay_0__slip_0.200__rot_+8.0,grid_3_4,91,3,"{""attachment_shifts"":[1],""contact_prior_weight"":0.0013352442704295437,""delay_steps"":0,""gain_multiplier"":0.85,""rotation_degrees"":8.0,""slip_fraction"":0.2}","{""future_action_observed"":true,""prior_weight"":1.0,""proposal_id"":""known_action"",""provenance"":""released future controller trajectory""}","[7,27]",0.01881606250727672,0.040778511155509976,0.027107071648146377,-0.0039465161650657455,-0.024916253281361152,-0.006727949539680014,0.9766095972992525,0.03612068058738711,0.0669934656890617,4147,0.019518715552393227,0.04455963320643206,0.02662640341961457,0.007993875372608383,0.019897705858718334,0.01082043459971665,0.024109421376049753,0.05412392205090434,0.03573130765430061,0.024936874111299082,0.05371025273072235,0.03701598608528319,68867
expanded_bank,known_action__shift_-1__gain_1.150__delay_2__slip_0.200__rot_+0.0::grid_4_4,known_action__shift_-1__gain_1.150__delay_2__slip_0.200__rot_+0.0,grid_4_4,92,0,"{""attachment_shifts"":[-1],""contact_prior_weight"":0.000856132439962887,""delay_steps"":2,""gain_multiplier"":1.15,""rotation_degrees"":0.0,""slip_fraction"":0.2}","{""future_action_observed"":true,""prior_weight"":1.0,""proposal_id"":""known_action"",""provenance"":""released future controller trajectory""}","[7,27]",0.020727903591357177,0.04379097148648956,0.031664837512466334,0.00559109255066566,-0.018105274388400136,0.001278341630266987,0.9327224499638292,0.0353916424034389,0.06849957273633356,4147,0.01886877502706223,0.040434112664470036,0.02606909936041004,0.00736314821509716,0.019032153069199153,0.010125826369246634,0.023449473311717345,0.04944645381505513,0.034939106981606585,0.025026520462080145,0.049867304862865766,0.03737147972971633,68867
expanded_bank,known_action__shift_-1__gain_1.150__delay_2__slip_0.200__rot_+0.0::grid_4_3,known_action__shift_-1__gain_1.150__delay_2__slip_0.200__rot_+0.0,grid_4_3,92,1,"{""attachment_shifts"":[-1],""contact_prior_weight"":0.000856132439962887,""delay_steps"":2,""gain_multiplier"":1.15,""rotation_degrees"":0.0,""slip_fraction"":0.2}","{""future_action_observed"":true,""prior_weight"":1.0,""proposal_id"":""known_action"",""provenance"":""released future controller trajectory""}","[7,27]",0.020700971577476485,0.04448028673239287,0.03160284360031704,0.005164414450664258,-0.018371217790527902,-0.0003992631120348343,0.9281408246925489,0.035239482340782786,0.06819253312479896,4147,0.018900958291620206,0.041679527961476774,0.026043571189023916,0.007581570995982041,0.019943586341124395,0.01048941764661798,0.023451530891836846,0.050734540365153534,0.034819733976420464,0.02503785763196658,0.05130433836973471,0.03732170326008474,68867
expanded_bank,known_action__shift_-1__gain_1.150__delay_2__slip_0.200__rot_+0.0::grid_4_5,known_action__shift_-1__gain_1.150__delay_2__slip_0.200__rot_+0.0,grid_4_5,92,2,"{""attachment_shifts"":[-1],""contact_prior_weight"":0.000856132439962887,""delay_steps"":2,""gain_multiplier"":1.15,""rotation_degrees"":0.0,""slip_fraction"":0.2}","{""future_action_observed"":true,""prior_weight"":1.0,""proposal_id"":""known_action"",""provenance"":""released future controller trajectory""}","[7,27]",0.02071169097922511,0.04336057492326,0.03161852242062762,0.005325967872336956,-0.018315739763796038,0.002142156463881509,0.9356161080299011,0.03547483066554925,0.0686227255408157,4147,0.01890382082441043,0.0399614348408227,0.026115556952420127,0.007303620270693426,0.0187033542089225,0.01002682475320239,0.02349002285258408,0.04895826760201247,0.035016696601510695,0.025108638877896664,0.04943034907909704,0.03748121258342861,68867
expanded_bank,known_action__shift_-1__gain_1.150__delay_2__slip_0.200__rot_+0.0::grid_3_4,known_action__shift_-1__gain_1.150__delay_2__slip_0.200__rot_+0.0,grid_3_4,92,3,"{""attachment_shifts"":[-1],""contact_prior_weight"":0.000856132439962887,""delay_steps"":2,""gain_multiplier"":1.15,""rotation_degrees"":0.0,""slip_fraction"":0.2}","{""future_action_observed"":true,""prior_weight"":1.0,""proposal_id"":""known_action"",""provenance"":""released future controller trajectory""}","[7,27]",0.019275656807948603,0.04074897618362988,0.02953463230646303,0.005327233841843109,-0.017407556109730427,-0.00190808110376747,0.9283819628647215,0.03308957561703259,0.06571457846291094,4147,0.017472572995754793,0.0378120246018471,0.02387887255816572,0.007111756004049158,0.01834831408859934,0.009877803476149324,0.021982538826313125,0.0468643999395805,0.03256405725681658,0.02347298609965102,0.04733607234464888,0.03502542131236806,68867
expanded_bank,known_action__shift_+1__gain_1.150__delay_2__slip_0.200__rot_+0.0::grid_4_4,known_action__shift_+1__gain_1.150__delay_2__slip_0.200__rot_+0.0,grid_4_4,93,0,"{""attachment_shifts"":[1],""contact_prior_weight"":0.000856132439962887,""delay_steps"":2,""gain_multiplier"":1.15,""rotation_degrees"":0.0,""slip_fraction"":0.2}","{""future_action_observed"":true,""prior_weight"":1.0,""proposal_id"":""known_action"",""provenance"":""released future controller trajectory""}","[7,27]",0.02029947480607637,0.04330726814091667,0.02921427986690798,-0.003014937153091235,-0.02427770564562071,-0.007125916885312574,0.9799855317096696,0.037452542296397544,0.0704820326756097,4147,0.020470137806372423,0.04641256471371231,0.028021707874898546,0.008297883530738627,0.020264951141921134,0.011114475502712235,0.02506977969000705,0.055978345727143726,0.03713553039359219,0.025962349439458098,0.05571246039090089,0.03854481798481397,68867
expanded_bank,known_action__shift_+1__gain_1.150__delay_2__slip_0.200__rot_+0.0::grid_4_3,known_action__shift_+1__gain_1.150__delay_2__slip_0.200__rot_+0.0,grid_4_3,93,1,"{""attachment_shifts"":[1],""contact_prior_weight"":0.000856132439962887,""delay_steps"":2,""gain_multiplier"":1.15,""rotation_degrees"":0.0,""slip_fraction"":0.2}","{""future_action_observed"":true,""prior_weight"":1.0,""proposal_id"":""known_action"",""provenance"":""released future controller trajectory""}","[7,27]",0.020135779248948688,0.04318207162785509,0.02901104114113868,-0.0037107171930671192,-0.024512588116502854,-0.006961368835612166,0.9811912225705329,0.03743964367179102,0.07029085946626715,4147,0.020423016232588208,0.046220687765998865,0.02797103939272078,0.008259392702901531,0.02012133931658834,0.011050788886624325,0.025029621599276124,0.05579061669495949,0.03710401549328123,0.026066947492879456,0.05578208912857376,0.03874516045828185,68867
expanded_bank,known_action__shift_+1__gain_1.150__delay_2__slip_0.200__rot_+0.0::grid_4_5,known_action__shift_+1__gain_1.150__delay_2__slip_0.200__rot_+0.0,grid_4_5,93,2,"{""attachment_shifts"":[1],""contact_prior_weight"":0.000856132439962887,""delay_steps"":2,""gain_multiplier"":1.15,""rotation_degrees"":0.0,""slip_fraction"":0.2}","{""future_action_observed"":true,""prior_weight"":1.0,""proposal_id"":""known_action"",""provenance"":""released future controller trajectory""}","[7,27]",0.020337279868665528,0.04333000063960288,0.02925593117643369,-0.002972706357213453,-0.024331536979093137,-0.007126025496901659,0.9807089462261877,0.03754329710653484,0.07069399470237876,4147,0.020511420623436333,0.046422534335377616,0.0280975448888341,0.00827924056989875,0.020208932361821273,0.011075270684391876,0.025116102216194473,0.05598425874398937,0.03722568050465997,0.02599801314256643,0.05570628425596962,0.038621489341168456,68867
expanded_bank,known_action__shift_+1__gain_1.150__delay_2__slip_0.200__rot_+0.0::grid_3_4,known_action__shift_+1__gain_1.150__delay_2__slip_0.200__rot_+0.0,grid_3_4,93,3,"{""attachment_shifts"":[1],""contact_prior_weight"":0.000856132439962887,""delay_steps"":2,""gain_multiplier"":1.15,""rotation_degrees"":0.0,""slip_fraction"":0.2}","{""future_action_observed"":true,""prior_weight"":1.0,""proposal_id"":""known_action"",""provenance"":""released future controller trajectory""}","[7,27]",0.01896706864126777,0.04108859713159483,0.02753300036006057,-0.002743339721538788,-0.023867290476179075,-0.009338239776127261,0.9816734989148782,0.036140843360071985,0.06689122543442126,4147,0.01952065221716048,0.04501028523473092,0.026635480332404208,0.008052923301560912,0.02041775716944409,0.010871028997850028,0.024108264614347594,0.054573296900231334,0.035733394479499705,0.02484197768264807,0.05400682371752959,0.036860785817109096,68867
expanded_bank,known_action__shift_-1__gain_0.850__delay_2__slip_0.200__rot_+0.0::grid_4_4,known_action__shift_-1__gain_0.850__delay_2__slip_0.200__rot_+0.0,grid_4_4,94,0,"{""attachment_shifts"":[-1],""contact_prior_weight"":0.000856132439962886,""delay_steps"":2,""gain_multiplier"":0.85,""rotation_degrees"":0.0,""slip_fraction"":0.2}","{""future_action_observed"":true,""prior_weight"":1.0,""proposal_id"":""known_action"",""provenance"":""released future controller trajectory""}","[7,27]",0.020836727075825383,0.04456463763622276,0.03187962267826329,0.0056234777729812025,-0.017964588852317193,-0.00013974030582766337,0.9300699300699301,0.03541269216562571,0.06856988176072219,4147,0.01892845793548918,0.04140849910591426,0.026199184200232168,0.0074856027491475114,0.019619474276132358,0.010344934809430181,0.023500901173830087,0.05046524058610821,0.0350000094978617,0.024986262699098195,0.05078029700655445,0.03730638395644674,68867
expanded_bank,known_action__shift_-1__gain_0.850__delay_2__slip_0.200__rot_+0.0::grid_4_3,known_action__shift_-1__gain_0.850__delay_2__slip_0.200__rot_+0.0,grid_4_3,94,1,"{""attachment_shifts"":[-1],""contact_prior_weight"":0.000856132439962886,""delay_steps"":2,""gain_multiplier"":0.85,""rotation_degrees"":0.0,""slip_fraction"":0.2}","{""future_action_observed"":true,""prior_weight"":1.0,""proposal_id"":""known_action"",""provenance"":""released future controller trajectory""}","[7,27]",0.021039642007877647,0.04667903529220242,0.03214294944416814,0.004741184673014822,-0.017942850545381812,-0.003110710274052281,0.925247166626477,0.03532047144148036,0.06829350130950233,4147,0.01916380896727234,0.044898397124788894,0.02641331733069357,0.00799584819308693,0.02340870013493854,0.011110306673224178,0.02367911065099064,0.053701031225676835,0.03505061387147037,0.02510794822369062,0.05386324979074926,0.03732743000834622,68867
expanded_bank,known_action__shift_-1__gain_0.850__delay_2__slip_0.200__rot_+0.0::grid_4_5,known_action__shift_-1__gain_0.850__delay_2__slip_0.200__rot_+0.0,grid_4_5,94,2,"{""attachment_shifts"":[-1],""contact_prior_weight"":0.000856132439962886,""delay_steps"":2,""gain_multiplier"":0.85,""rotation_degrees"":0.0,""slip_fraction"":0.2}","{""future_action_observed"":true,""prior_weight"":1.0,""proposal_id"":""known_action"",""provenance"":""released future controller trajectory""}","[7,27]",0.020762566464992933,0.043753799085297945,0.031720973522711735,0.0055470428995853345,-0.018135703697699013,0.0013845345685505278,0.9332047263081746,0.035462213144624395,0.06839983607969141,4147,0.018901074282162922,0.040359549564070514,0.02613265081713549,0.007342877891677996,0.018928325661505315,0.010095240854497502,0.02348647034749893,0.04937406782007434,0.035010195515020624,0.025056208795704003,0.04976406057115348,0.03740453901891034,68867
expanded_bank,known_action__shift_-1__gain_0.850__delay_2__slip_0.200__rot_+0.0::grid_3_4,known_action__shift_-1__gain_0.850__delay_2__slip_0.200__rot_+0.0,grid_3_4,94,3,"{""attachment_shifts"":[-1],""contact_prior_weight"":0.000856132439962886,""delay_steps"":2,""gain_multiplier"":0.85,""rotation_degrees"":0.0,""slip_fraction"":0.2}","{""future_action_observed"":true,""prior_weight"":1.0,""proposal_id"":""known_action"",""provenance"":""released future controller trajectory""}","[7,27]",0.01947668909495371,0.04175717158518147,0.029898665058305986,0.005291403824474485,-0.017317707130357882,-0.0034049969900791072,0.9254883047986496,0.03326621321967128,0.06620495194176759,4147,0.017701807462962363,0.03953440722471105,0.024216443680259415,0.007306327896987881,0.019618533553042352,0.010199529513189426,0.02219249267577832,0.04852202975582403,0.03281389812922684,0.02357837220422359,0.0487632405947151,0.03512893009772578,68867
expanded_bank,known_action__shift_+1__gain_0.850__delay_2__slip_0.200__rot_+0.0::grid_4_4,known_action__shift_+1__gain_0.850__delay_2__slip_0.200__rot_+0.0,grid_4_4,95,0,"{""attachment_shifts"":[1],""contact_prior_weight"":0.000856132439962886,""delay_steps"":2,""gain_multiplier"":0.85,""rotation_degrees"":0.0,""slip_fraction"":0.2}","{""future_action_observed"":true,""prior_weight"":1.0,""proposal_id"":""known_action"",""provenance"":""released future controller trajectory""}","[7,27]",0.020322732385111834,0.043399455191811424,0.029275556118558647,-0.003019105762563941,-0.02405776303336631,-0.007377528965729768,0.9787798408488063,0.037382159584006064,0.07008606535219124,4147,0.020448214109964634,0.046439804874267555,0.027976678973719814,0.008312664266388764,0.0203272607797162,0.011143861104233444,0.025042359115479775,0.05600870939565448,0.03707172278923543,0.02591954067879776,0.055724614402099,0.03845197267562454,68867
expanded_bank,known_action__shift_+1__gain_0.850__delay_2__slip_0.200__rot_+0.0::grid_4_3,known_action__shift_+1__gain_0.850__delay_2__slip_0.200__rot_+0.0,grid_4_3,95,1,"{""attachment_shifts"":[1],""contact_prior_weight"":0.000856132439962886,""delay_steps"":2,""gain_multiplier"":0.85,""rotation_degrees"":0.0,""slip_fraction"":0.2}","{""future_action_observed"":true,""prior_weight"":1.0,""proposal_id"":""known_action"",""provenance"":""released future controller trajectory""}","[7,27]",0.02016620856326877,0.04331456481040019,0.029105286830449963,-0.0037274991636015637,-0.02420193831080551,-0.007319840441841359,0.9799855317096696,0.03734648777136541,0.06990861765707698,4147,0.020387433580057693,0.046236670228522465,0.027893625834614834,0.008256724588643238,0.020186190842610616,0.011061334245742715,0.02498823746992749,0.05581123656241383,0.03701264390180626,0.02600894179421845,0.055775377938639584,0.038618909627787114,68867
expanded_bank,known_action__shift_+1__gain_0.850__delay_2__slip_0.200__rot_+0.0::grid_4_5,known_action__shift_+1__gain_0.850__delay_2__slip_0.200__rot_+0.0,grid_4_5,95,2,"{""attachment_shifts"":[1],""contact_prior_weight"":0.000856132439962886,""delay_steps"":2,""gain_multiplier"":0.85,""rotation_degrees"":0.0,""slip_fraction"":0.2}","{""future_action_observed"":true,""prior_weight"":1.0,""proposal_id"":""known_action"",""provenance"":""released future controller trajectory""}","[7,27]",0.02034261501013324,0.04337075814522836,0.029278657827474307,-0.0029716671818940843,-0.02421334370284618,-0.00721309207532925,0.9802266698818423,0.037481355842097344,0.07047008096242932,4147,0.020490490896725437,0.04642439852975447,0.028050141222586176,0.00829217410886887,0.020249012704610842,0.011100585808191716,0.025090579060348495,0.05598749568553407,0.037166111427763694,0.025967957265434723,0.05570570543270994,0.038555759427313256,68867
expanded_bank,known_action__shift_+1__gain_0.850__delay_2__slip_0.200__rot_+0.0::grid_3_4,known_action__shift_+1__gain_0.850__delay_2__slip_0.200__rot_+0.0,grid_3_4,95,3,"{""attachment_shifts"":[1],""contact_prior_weight"":0.000856132439962886,""delay_steps"":2,""gain_multiplier"":0.85,""rotation_degrees"":0.0,""slip_fraction"":0.2}","{""future_action_observed"":true,""prior_weight"":1.0,""proposal_id"":""known_action"",""provenance"":""released future controller trajectory""}","[7,27]",0.01899306527247112,0.041171423198682285,0.02757934893392527,-0.002572521213978228,-0.023581855253861413,-0.009571917086370643,0.9814323607427056,0.036006843081157286,0.06699028138498271,4147,0.019484260215802768,0.0450189275949649,0.02654698542829752,0.008097687051051293,0.02055857665258701,0.010928627757721979,0.024059322134062963,0.054578525186328615,0.035605734908268405,0.024785208972115197,0.05400176361564067,0.03673209718770548,68867
expanded_bank,known_action__shift_-1__gain_1.000__delay_2__slip_0.200__rot_-8.0::grid_4_4,known_action__shift_-1__gain_1.000__delay_2__slip_0.200__rot_-8.0,grid_4_4,96,0,"{""attachment_shifts"":[-1],""contact_prior_weight"":0.0007687656640151629,""delay_steps"":2,""gain_multiplier"":1.0,""rotation_degrees"":-8.0,""slip_fraction"":0.2}","{""future_action_observed"":true,""prior_weight"":1.0,""proposal_id"":""known_action"",""provenance"":""released future controller trajectory""}","[7,27]",0.02045712651152751,0.04308189224752163,0.031144515541439807,0.004673790167336325,-0.016948314033038522,0.0011164076294559477,0.9327224499638292,0.03439613908680764,0.0668149962654101,4147,0.018291585528300056,0.03891710912666634,0.02512500682815277,0.007188970098485909,0.01862982285089807,0.009818980497533944,0.022845992386790064,0.04784726736609382,0.03397235558260555,0.024438144667403818,0.04827837714835416,0.03645824494974304,68867
expanded_bank,known_action__shift_-1__gain_1.000__delay_2__slip_0.200__rot_-8.0::grid_4_3,known_action__shift_-1__gain_1.000__delay_2__slip_0.200__rot_-8.0,grid_4_3,96,1,"{""attachment_shifts"":[-1],""contact_prior_weight"":0.0007687656640151629,""delay_steps"":2,""gain_multiplier"":1.0,""rotation_degrees"":-8.0,""slip_fraction"":0.2}","{""future_action_observed"":true,""prior_weight"":1.0,""proposal_id"":""known_action"",""provenance"":""released future controller trajectory""}","[7,27]",0.02054298340280771,0.0444960932161166,0.031263411442547594,0.00412754539375767,-0.01725168538768495,-0.0013637015849139666,0.9274174101760309,0.034344934134832125,0.06660800495488123,4147,0.01845504042164828,0.04140773521207078,0.025291378364121025,0.007554645727534872,0.020624249802487643,0.010408634114891164,0.022967799654951587,0.05033236823512723,0.03399771308199838,0.0245187203261886,0.05073754117056136,0.03647213589932299,68867
expanded_bank,known_action__shift_-1__gain_1.000__delay_2__slip_0.200__rot_-8.0::grid_4_5,known_action__shift_-1__gain_1.000__delay_2__slip_0.200__rot_-8.0,grid_4_5,96,2,"{""attachment_shifts"":[-1],""contact_prior_weight"":0.0007687656640151629,""delay_steps"":2,""gain_multiplier"":1.0,""rotation_degrees"":-8.0,""slip_fraction"":0.2}","{""future_action_observed"":true,""prior_weight"":1.0,""proposal_id"":""known_action"",""provenance"":""released future controller trajectory""}","[7,27]",0.020414366280056134,0.04255041952793271,0.031048717954983474,0.004355247356427838,-0.017184278923212337,0.002106787456366936,0.9344104171690378,0.034441306726375055,0.06723619814180387,4147,0.018311561773968085,0.03828876592121092,0.025131113451426653,0.007121574414551646,0.01820858578038107,0.00970180368713484,0.02286879407170114,0.04720963558317247,0.034009617975908256,0.024513231003754268,0.04772018742936588,0.03654688175936714,68867
expanded_bank,known_action__shift_-1__gain_1.000__delay_2__slip_0.200__rot_-8.0::grid_3_4,known_action__shift_-1__gain_1.000__delay_2__slip_0.200__rot_-8.0,grid_3_4,96,3,"{""attachment_shifts"":[-1],""contact_prior_weight"":0.0007687656640151629,""delay_steps"":2,""gain_multiplier"":1.0,""rotation_degrees"":-8.0,""slip_fraction"":0.2}","{""future_action_observed"":true,""prior_weight"":1.0,""proposal_id"":""known_action"",""provenance"":""released future controller trajectory""}","[7,27]",0.018986269242423876,0.04008241323552848,0.02899409356372281,0.0044848215060502095,-0.016252094776737856,-0.002032482902798737,0.9257294429708223,0.03209938894458566,0.0641477792335411,4147,0.01688616602364371,0.036283457099132665,0.022944155923128606,0.006919297859636146,0.017977555387762016,0.009537132904365076,0.021368282215788893,0.04525759882809517,0.0315972283190723,0.022874732030577556,0.045739048019769454,0.03411432416448234,68867
expanded_bank,known_action__shift_-1__gain_1.000__delay_2__slip_0.200__rot_+8.0::grid_4_4,known_action__shift_-1__gain_1.000__delay_2__slip_0.200__rot_+8.0,grid_4_4,97,0,"{""attachment_shifts"":[-1],""contact_prior_weight"":0.0007687656640151629,""delay_steps"":2,""gain_multiplier"":1.0,""rotation_degrees"":8.0,""slip_fraction"":0.2}","{""future_action_observed"":true,""prior_weight"":1.0,""proposal_id"":""known_action"",""provenance"":""released future controller trajectory""}","[7,27]",0.021094096751355373,0.04500575583947089,0.03235459696752936,0.006677026409587438,-0.01888682183496046,0.0005924204072295413,0.9327224499638292,0.036370027067655374,0.06965373648039144,4147,0.019457089170120897,0.042479961570383855,0.027058218184675353,0.0076065032631514,0.019771994145292723,0.010550546145084185,0.024059152353490435,0.051566314243603195,0.035913613067540026,0.025570631318231958,0.05192281012021758,0.038232965858528194,68867
expanded_bank,known_action__shift_-1__gain_1.000__delay_2__slip_0.200__rot_+8.0::grid_4_3,known_action__shift_-1__gain_1.000__delay_2__slip_0.200__rot_+8.0,grid_4_3,97,1,"{""attachment_shifts"":[-1],""contact_prior_weight"":0.0007687656640151629,""delay_steps"":2,""gain_multiplier"":1.0,""rotation_degrees"":8.0,""slip_fraction"":0.2}","{""future_action_observed"":true,""prior_weight"":1.0,""proposal_id"":""known_action"",""provenance"":""released future controller trajectory""}","[7,27]",0.021132700712030123,0.04582441419000511,0.03241550088195938,0.005925345558729301,-0.01910456133957526,-0.001817370411622149,0.9298287918977575,0.036196783712893706,0.06986686434569458,4147,0.019544524347029312,0.04460697119825185,0.0270999570403372,0.00793840516767286,0.021811525501625562,0.011086895990409363,0.0241051165891787,0.05358075507832257,0.03582349857946847,0.02559193675149243,0.0539675655969645,0.0381702966219904,68867
expanded_bank,known_action__shift_-1__gain_1.000__delay_2__slip_0.200__rot_+8.0::grid_4_5,known_action__shift_-1__gain_1.000__delay_2__slip_0.200__rot_+8.0,grid_4_5,97,2,"{""attachment_shifts"":[-1],""contact_prior_weight"":0.0007687656640151629,""delay_steps"":2,""gain_multiplier"":1.0,""rotation_degrees"":8.0,""slip_fraction"":0.2}","{""future_action_observed"":true,""prior_weight"":1.0,""proposal_id"":""known_action"",""provenance"":""released future controller trajectory""}","[7,27]",0.021068588053913245,0.04452080670291074,0.032288288265762105,0.006549837418805313,-0.019032788631371166,0.001531329242478856,0.9344104171690378,0.03643710602068332,0.06979593209186337,4147,0.01946715944528227,0.04188964075987081,0.02706249500237859,0.007524860353673345,0.019344839476780736,0.010411769985393955,0.02407729629273605,0.050957783290929204,0.0359616467056619,0.025633135248083184,0.05134423565062026,0.03831282406643807,68867
expanded_bank,known_action__shift_-1__gain_1.000__delay_2__slip_0.200__rot_+8.0::grid_3_4,known_action__shift_-1__gain_1.000__delay_2__slip_0.200__rot_+8.0,grid_3_4,97,3,"{""attachment_shifts"":[-1],""contact_prior_weight"":0.0007687656640151629,""delay_steps"":2,""gain_multiplier"":1.0,""rotation_degrees"":8.0,""slip_fraction"":0.2}","{""future_action_observed"":true,""prior_weight"":1.0,""proposal_id"":""known_action"",""provenance"":""released future controller trajectory""}","[7,27]",0.019703869754983616,0.04205190779661879,0.030308001264999444,0.0062972802352551215,-0.018233769580709023,-0.0026537236090577194,0.9286231010368942,0.034136480459742484,0.06753746796524665,4147,0.018160384555196838,0.04017551427252803,0.02496111065834623,0.007412102942322853,0.01933381504621867,0.010380940096020122,0.022685500438540535,0.0492576491122746,0.03362834541808355,0.024107883252968115,0.04963522587721668,0.035974992845524904,68867
expanded_bank,known_action__shift_+1__gain_1.000__delay_2__slip_0.200__rot_-8.0::grid_4_4,known_action__shift_+1__gain_1.000__delay_2__slip_0.200__rot_-8.0,grid_4_4,98,0,"{""attachment_shifts"":[1],""contact_prior_weight"":0.0007687656640151629,""delay_steps"":2,""gain_multiplier"":1.0,""rotation_degrees"":-8.0,""slip_fraction"":0.2}","{""future_action_observed"":true,""prior_weight"":1.0,""proposal_id"":""known_action"",""provenance"":""released future controller trajectory""}","[7,27]",0.02021529888449665,0.04291660809142013,0.02895078096978121,-0.004089133661657855,-0.023336700056197653,-0.007003084184791237,0.974198215577526,0.03683156796253299,0.07050813171539216,4147,0.02016441209126734,0.04514910616155829,0.027475443718956737,0.008126455169098388,0.019746981836745666,0.010817884606626143,0.024740928968571572,0.05465612411345564,0.036554160879299684,0.02563739238234849,0.054323772814513394,0.03793425002731612,68867
expanded_bank,known_action__shift_+1__gain_1.000__delay_2__slip_0.200__rot_-8.0::grid_4_3,known_action__shift_+1__gain_1.000__delay_2__slip_0.200__rot_-8.0,grid_4_3,98,1,"{""attachment_shifts"":[1],""contact_prior_weight"":0.0007687656640151629,""delay_steps"":2,""gain_multiplier"":1.0,""rotation_degrees"":-8.0,""slip_fraction"":0.2}","{""future_action_observed"":true,""prior_weight"":1.0,""proposal_id"":""known_action"",""provenance"":""released future controller trajectory""}","[7,27]",0.02005128920384961,0.04279206840701484,0.028760391457835422,-0.004780753122548032,-0.023464057909933354,-0.006938070443600431,0.9746804919218712,0.03679103457289521,0.06969477359634975,4147,0.020099509910194317,0.04492959823357699,0.027400614088456243,0.00808333533339041,0.019599056109330795,0.010748913124607162,0.024682767481984023,0.05444516261874434,0.03649717647674453,0.02571873942704386,0.054356534081001176,0.03809447380606191,68867
expanded_bank,known_action__shift_+1__gain_1.000__delay_2__slip_0.200__rot_-8.0::grid_4_5,known_action__shift_+1__gain_1.000__delay_2__slip_0.200__rot_-8.0,grid_4_5,98,2,"{""attachment_shifts"":[1],""contact_prior_weight"":0.0007687656640151629,""delay_steps"":2,""gain_multiplier"":1.0,""rotation_degrees"":-8.0,""slip_fraction"":0.2}","{""future_action_observed"":true,""prior_weight"":1.0,""proposal_id"":""known_action"",""provenance"":""released future controller trajectory""}","[7,27]",0.02024837099751997,0.04292754081113556,0.02898840689491772,-0.004061333601061633,-0.023392366445049002,-0.0069917038499048454,0.9756450446105619,0.0369096998999682,0.07077504343924892,4147,0.020202315545235362,0.04515191850318091,0.0275425765105135,0.008111021228916021,0.019700699907617268,0.010785704754941791,0.024782861991054617,0.0546539997736359,0.036633276445933054,0.025671950777603106,0.054315073604210395,0.03800741250014407,68867
expanded_bank,known_action__shift_+1__gain_1.000__delay_2__slip_0.200__rot_-8.0::grid_3_4,known_action__shift_+1__gain_1.000__delay_2__slip_0.200__rot_-8.0,grid_3_4,98,3,"{""attachment_shifts"":[1],""contact_prior_weight"":0.0007687656640151629,""delay_steps"":2,""gain_multiplier"":1.0,""rotation_degrees"":-8.0,""slip_fraction"":0.2}","{""future_action_observed"":true,""prior_weight"":1.0,""proposal_id"":""known_action"",""provenance"":""released future controller trajectory""}","[7,27]",0.018865120243596437,0.040683865810420626,0.027236396264079088,-0.0036911099512168984,-0.022917996352719468,-0.009218420999748277,0.9778152881601158,0.03547470802879313,0.06577390454439529,4147,0.019182476138799122,0.043771238892730685,0.026069963387733684,0.007922741429196937,0.019982968658732662,0.010617520062688552,0.023745290204163917,0.05327911619866002,0.03511778616660413,0.02447794092556084,0.05263106700352144,0.03621400999081496,68867
expanded_bank,known_action__shift_+1__gain_1.000__delay_2__slip_0.200__rot_+8.0::grid_4_4,known_action__shift_+1__gain_1.000__delay_2__slip_0.200__rot_+8.0,grid_4_4,99,0,"{""attachment_shifts"":[1],""contact_prior_weight"":0.0007687656640151629,""delay_steps"":2,""gain_multiplier"":1.0,""rotation_degrees"":8.0,""slip_fraction"":0.2}","{""future_action_observed"":true,""prior_weight"":1.0,""proposal_id"":""known_action"",""provenance"":""released future controller trajectory""}","[7,27]",0.020421244200858158,0.0438314449214037,0.02955536801967717,-0.0019306875974760573,-0.024961707064610116,-0.0073456646637224555,0.9816734989148782,0.038001841179755726,0.0707166012870622,4147,0.0207610407526024,0.047657097065780675,0.02852445291805045,0.00848510665876441,0.020845347357592265,0.0114469495788801,0.025376201499722594,0.057265004604960645,0.037652382623391024,0.02625978450983255,0.05706438582071121,0.03908144431860372,68867
expanded_bank,known_action__shift_+1__gain_1.000__delay_2__slip_0.200__rot_+8.0::grid_4_3,known_action__shift_+1__gain_1.000__delay_2__slip_0.200__rot_+8.0,grid_4_3,99,1,"{""attachment_shifts"":[1],""contact_prior_weight"":0.0007687656640151629,""delay_steps"":2,""gain_multiplier"":1.0,""rotation_degrees"":8.0,""slip_fraction"":0.2}","{""future_action_observed"":true,""prior_weight"":1.0,""proposal_id"":""known_action"",""provenance"":""released future controller trajectory""}","[7,27]",0.020271836718078536,0.04376833035370479,0.02939080269601536,-0.002635411192304939,-0.025108388288688926,-0.00729813291572769,0.9814323607427056,0.03795149401148644,0.0707640401690428,4147,0.020701879162856617,0.047477568253459015,0.028436686454591752,0.008440881033746392,0.020735934517481278,0.011384283603470224,0.025321146567227417,0.057089289666759836,0.037580999763793435,0.026346082666678344,0.05713844012240957,0.03923619063393606,68867
expanded_bank,known_action__shift_+1__gain_1.000__delay_2__slip_0.200__rot_+8.0::grid_4_5,known_action__shift_+1__gain_1.000__delay_2__slip_0.200__rot_+8.0,grid_4_5,99,2,"{""attachment_shifts"":[1],""contact_prior_weight"":0.0007687656640151629,""delay_steps"":2,""gain_multiplier"":1.0,""rotation_degrees"":8.0,""slip_fraction"":0.2}","{""future_action_observed"":true,""prior_weight"":1.0,""proposal_id"":""known_action"",""provenance"":""released future controller trajectory""}","[7,27]",0.020456307420602143,0.043849567562433016,0.029588595268484275,-0.0018766120521169969,-0.0249984483988578,-0.007335668607044252,0.9821557752592235,0.038078551393518054,0.070844808774576,4147,0.020794472724074312,0.047653033671831435,0.028585165117569835,0.008466531753061482,0.020787938945847167,0.011408549023512201,0.025414153988905754,0.05725665846494612,0.03772739137607661,0.026287212163606147,0.05704323420967957,0.039143419869782745,68867
expanded_bank,known_action__shift_+1__gain_1.000__delay_2__slip_0.200__rot_+8.0::grid_3_4,known_action__shift_+1__gain_1.000__delay_2__slip_0.200__rot_+8.0,grid_3_4,99,3,"{""attachment_shifts"":[1],""contact_prior_weight"":0.0007687656640151629,""delay_steps"":2,""gain_multiplier"":1.0,""rotation_degrees"":8.0,""slip_fraction"":0.2}","{""future_action_observed"":true,""prior_weight"":1.0,""proposal_id"":""known_action"",""provenance"":""released future controller trajectory""}","[7,27]",0.019105343509700758,0.04159565830194892,0.027874083327473893,-0.0015582543233034045,-0.024512850226609238,-0.009530608000191182,0.9840848806366048,0.03668522829653396,0.06845497397740453,4147,0.019819986133813066,0.046173703532072174,0.027115234832841503,0.008207673047031534,0.02093870478817898,0.011153611746814276,0.024421185635240088,0.05577238646118146,0.03623371811724501,0.025157706439701492,0.055293534355662866,0.03740285743926209,68867
expanded_bank,known_action__shift_-1__gain_1.150__delay_2__slip_0.200__rot_-8.0::grid_4_4,known_action__shift_-1__gain_1.150__delay_2__slip_0.200__rot_-8.0,grid_4_4,100,0,"{""attachment_shifts"":[-1],""contact_prior_weight"":0.00035196656837064964,""delay_steps"":2,""gain_multiplier"":1.15,""rotation_degrees"":-8.0,""slip_fraction"":0.2}","{""future_action_observed"":true,""prior_weight"":1.0,""proposal_id"":""known_action"",""provenance"":""released future controller trajectory""}","[7,27]",0.02041869161572374,0.04281066419371231,0.03107245699241423,0.004530033126359466,-0.01704384011908441,0.001566920076489511,0.9336870026525199,0.03438030333957751,0.06700375780672045,4147,0.01828035145594145,0.03863598328836311,0.025093671953368573,0.007166258501556899,0.018477238556893632,0.009775969701387346,0.02283446099320796,0.047559475183305694,0.03395370986393131,0.02445521869437098,0.04804556193569511,0.03648367224980619,68867
expanded_bank,known_action__shift_-1__gain_1.150__delay_2__slip_0.200__rot_-8.0::grid_4_3,known_action__shift_-1__gain_1.150__delay_2__slip_0.200__rot_-8.0,grid_4_3,100,1,"{""attachment_shifts"":[-1],""contact_prior_weight"":0.00035196656837064964,""delay_steps"":2,""gain_multiplier"":1.15,""rotation_degrees"":-8.0,""slip_fraction"":0.2}","{""future_action_observed"":true,""prior_weight"":1.0,""proposal_id"":""known_action"",""provenance"":""released future controller trajectory""}","[7,27]",0.020407870023153783,0.0438666582857274,0.031024992459898353,0.004310400879378883,-0.017205900806650746,-9.944713713766225e-05,0.9293465155534121,0.034256132906549976,0.06696005428229548,4147,0.01830443697380218,0.039931509101031666,0.02505167282248646,0.007359691013591737,0.019403693827309818,0.010083636919902675,0.022833279401552976,0.04895019453503159,0.03383759324345589,0.02446071968233715,0.04950868602564177,0.03642353432156154,68867
expanded_bank,known_action__shift_-1__gain_1.150__delay_2__slip_0.200__rot_-8.0::grid_4_5,known_action__shift_-1__gain_1.150__delay_2__slip_0.200__rot_-8.0,grid_4_5,100,2,"{""attachment_shifts"":[-1],""contact_prior_weight"":0.00035196656837064964,""delay_steps"":2,""gain_multiplier"":1.15,""rotation_degrees"":-8.0,""slip_fraction"":0.2}","{""future_action_observed"":true,""prior_weight"":1.0,""proposal_id"":""known_action"",""provenance"":""released future controller trajectory""}","[7,27]",0.020391523418627294,0.04241649285665719,0.030999779119886266,0.004265662094443342,-0.017285477655179415,0.0024153798259520113,0.9348926935133832,0.03445188597087804,0.06741293871007925,4147,0.018322126123094706,0.03814236569555735,0.02512871986279655,0.007107223367408767,0.01811591203488889,0.009674691101389372,0.02287837663655775,0.04706036955794004,0.034015763124273284,0.02454318808853052,0.04760412772356351,0.03658188808504234,68867
expanded_bank,known_action__shift_-1__gain_1.150__delay_2__slip_0.200__rot_-8.0::grid_3_4,known_action__shift_-1__gain_1.150__delay_2__slip_0.200__rot_-8.0,grid_3_4,100,3,"{""attachment_shifts"":[-1],""contact_prior_weight"":0.00035196656837064964,""delay_steps"":2,""gain_multiplier"":1.15,""rotation_degrees"":-8.0,""slip_fraction"":0.2}","{""future_action_observed"":true,""prior_weight"":1.0,""proposal_id"":""known_action"",""provenance"":""released future controller trajectory""}","[7,27]",0.01893112554902123,0.039881276885603174,0.02889271038535991,0.004442461060941566,-0.01628612516864981,-0.001610540593354082,0.9266939956595129,0.032040159094769906,0.06420330996631192,4147,0.016828117099243686,0.03595858263024149,0.022853225929637507,0.006881873912588266,0.01779453919313445,0.009475697927524304,0.021312982881709786,0.044923101721985464,0.03152570162844105,0.022848302337478397,0.04545963812722068,0.03408771772255154,68867
expanded_bank,known_action__shift_-1__gain_1.150__delay_2__slip_0.200__rot_+8.0::grid_4_4,known_action__shift_-1__gain_1.150__delay_2__slip_0.200__rot_+8.0,grid_4_4,101,0,"{""attachment_shifts"":[-1],""contact_prior_weight"":0.00035196656837064964,""delay_steps"":2,""gain_multiplier"":1.15,""rotation_degrees"":8.0,""slip_fraction"":0.2}","{""future_action_observed"":true,""prior_weight"":1.0,""proposal_id"":""known_action"",""provenance"":""released future controller trajectory""}","[7,27]",0.02106439386063125,0.04479558643045545,0.032295898480058635,0.006625214212346675,-0.01893962279966432,0.0010112755497226997,0.9334458644803473,0.036363998240584464,0.06976040563589657,4147,0.019442976880514464,0.042260254309085615,0.027026393210209373,0.007579593444392942,0.0196567626266861,0.010500773674372394,0.024046839844616513,0.051334178125480245,0.03589944333038255,0.02558386656725495,0.051716383338371565,0.03825472110403535,68867
expanded_bank,known_action__shift_-1__gain_1.150__delay_2__slip_0.200__rot_+8.0::grid_4_3,known_action__shift_-1__gain_1.150__delay_2__slip_0.200__rot_+8.0,grid_4_3,101,1,"{""attachment_shifts"":[-1],""contact_prior_weight"":0.00035196656837064964,""delay_steps"":2,""gain_multiplier"":1.15,""rotation_degrees"":8.0,""slip_fraction"":0.2}","{""future_action_observed"":true,""prior_weight"":1.0,""proposal_id"":""known_action"",""provenance"":""released future controller trajectory""}","[7,27]",0.021017838424450593,0.045206552542066875,0.03220409986800307,0.006107667075440439,-0.019216477962333618,-0.000668937062458114,0.9291053773812394,0.03616809252748451,0.06971759762718242,4147,0.01945773566493222,0.04340144946575201,0.026962521154803503,0.0077904105296627444,0.020615371635936068,0.010852320593098567,0.024029653176049888,0.05245364267089933,0.03574026162239982,0.025581414248012028,0.052999275605772604,0.038174805474146416,68867
expanded_bank,known_action__shift_-1__gain_1.150__delay_2__slip_0.200__rot_+8.0::grid_4_5,known_action__shift_-1__gain_1.150__delay_2__slip_0.200__rot_+8.0,grid_4_5,101,2,"{""attachment_shifts"":[-1],""contact_prior_weight"":0.00035196656837064964,""delay_steps"":2,""gain_multiplier"":1.15,""rotation_degrees"":8.0,""slip_fraction"":0.2}","{""future_action_observed"":true,""prior_weight"":1.0,""proposal_id"":""known_action"",""provenance"":""released future controller trajectory""}","[7,27]",0.02104650289590902,0.044344283848064873,0.032242144953317425,0.006491733564298515,-0.01911974194589993,0.0018383498018607104,0.9351338316855559,0.03644970680740325,0.06968031888980736,4147,0.019472231465154914,0.04171572478439165,0.027060558125981966,0.007506853302704746,0.01923227083488728,0.010381578053976348,0.024082860566415117,0.05077683078750422,0.03596947680493104,0.02565791233665095,0.051191535580335,0.03834581715897644,68867
expanded_bank,known_action__shift_-1__gain_1.150__delay_2__slip_0.200__rot_+8.0::grid_3_4,known_action__shift_-1__gain_1.150__delay_2__slip_0.200__rot_+8.0,grid_3_4,101,3,"{""attachment_shifts"":[-1],""contact_prior_weight"":0.00035196656837064964,""delay_steps"":2,""gain_multiplier"":1.15,""rotation_degrees"":8.0,""slip_fraction"":0.2}","{""future_action_observed"":true,""prior_weight"":1.0,""proposal_id"":""known_action"",""provenance"":""released future controller trajectory""}","[7,27]",0.019642609140692383,0.041741397637547625,0.030196683270040547,0.006311628070656342,-0.018265906578396482,-0.0022052490799546894,0.9298287918977575,0.034088824408504984,0.06741100690431572,4147,0.018095242099785653,0.03969201498496857,0.0248646977715352,0.007353757331189582,0.018981720062962133,0.010286413142373413,0.022626234014963553,0.048793125093085095,0.033557839507553644,0.02407786337165354,0.04922607233123546,0.03594383554768201,68867
expanded_bank,known_action__shift_+1__gain_1.150__delay_2__slip_0.200__rot_-8.0::grid_4_4,known_action__shift_+1__gain_1.150__delay_2__slip_0.200__rot_-8.0,grid_4_4,102,0,"{""attachment_shifts"":[1],""contact_prior_weight"":0.00035196656837064964,""delay_steps"":2,""gain_multiplier"":1.15,""rotation_degrees"":-8.0,""slip_fraction"":0.2}","{""future_action_observed"":true,""prior_weight"":1.0,""proposal_id"":""known_action"",""provenance"":""released future controller trajectory""}","[7,27]",0.0202076469324837,0.042889379496015186,0.02893238980802653,-0.004094137070782795,-0.023388165343697375,-0.006952317004328698,0.9751627682662165,0.03684738692454291,0.07064905218164162,4147,0.020168434663683038,0.04514082311314763,0.027485175197636238,0.008120682060498496,0.01973500670918826,0.010807612312369718,0.024746379747826563,0.054646466553996756,0.036568713510650296,0.025646445084813712,0.05431764704898546,0.037954927895289606,68867
expanded_bank,known_action__shift_+1__gain_1.150__delay_2__slip_0.200__rot_-8.0::grid_4_3,known_action__shift_+1__gain_1.150__delay_2__slip_0.200__rot_-8.0,grid_4_3,102,1,"{""attachment_shifts"":[1],""contact_prior_weight"":0.00035196656837064964,""delay_steps"":2,""gain_multiplier"":1.15,""rotation_degrees"":-8.0,""slip_fraction"":0.2}","{""future_action_observed"":true,""prior_weight"":1.0,""proposal_id"":""known_action"",""provenance"":""released future controller trajectory""}","[7,27]",0.020037799065118603,0.042737604369419036,0.02871960920582493,-0.0047749454268070386,-0.023600836919617285,-0.006774613357365248,0.9754039064383891,0.036828673510798694,0.07000665904103746,4147,0.020114245713829183,0.04491625707118569,0.027432063124215825,0.008083976755329916,0.019571306923033428,0.010743401699028526,0.02469976496109054,0.054428757584578775,0.03653423463274459,0.025743710879343386,0.05435322757815054,0.03814818632271675,68867
expanded_bank,known_action__shift_+1__gain_1.150__delay_2__slip_0.200__rot_-8.0::grid_4_5,known_action__shift_+1__gain_1.150__delay_2__slip_0.200__rot_-8.0,grid_4_5,102,2,"{""attachment_shifts"":[1],""contact_prior_weight"":0.00035196656837064964,""delay_steps"":2,""gain_multiplier"":1.15,""rotation_degrees"":-8.0,""slip_fraction"":0.2}","{""future_action_observed"":true,""prior_weight"":1.0,""proposal_id"":""known_action"",""provenance"":""released future controller trajectory""}","[7,27]",0.020245733850192075,0.04290856048496199,0.028978196308799782,-0.004066404061598318,-0.023447338140201727,-0.0069533002195497125,0.9758861827827345,0.03693732744376347,0.07085835444057662,4147,0.020212176956474936,0.045154212345033896,0.027563579154338946,0.008106196633293691,0.01968492491393783,0.010775817114524857,0.02479469640329551,0.0546562033310168,0.03665960388645599,0.02568593397635866,0.05431966061064031,0.038036756604478986,68867
expanded_bank,known_action__shift_+1__gain_1.150__delay_2__slip_0.200__rot_-8.0::grid_3_4,known_action__shift_+1__gain_1.150__delay_2__slip_0.200__rot_-8.0,grid_3_4,102,3,"{""attachment_shifts"":[1],""contact_prior_weight"":0.00035196656837064964,""delay_steps"":2,""gain_multiplier"":1.15,""rotation_degrees"":-8.0,""slip_fraction"":0.2}","{""future_action_observed"":true,""prior_weight"":1.0,""proposal_id"":""known_action"",""provenance"":""released future controller trajectory""}","[7,27]",0.018858489555159796,0.040658964831975244,0.02722295429963377,-0.0037386696707006747,-0.022995369064845336,-0.009160429258475326,0.9778152881601158,0.0355166775900243,0.06568292336206509,4147,0.01919304438176375,0.043752632050770804,0.026098820868221382,0.007905897728382436,0.019935703999567612,0.010591681043532,0.023759952289800622,0.05325962907807081,0.03515853783378918,0.024494565197254892,0.05261322457143278,0.03625403596312627,68867
expanded_bank,known_action__shift_+1__gain_1.150__delay_2__slip_0.200__rot_+8.0::grid_4_4,known_action__shift_+1__gain_1.150__delay_2__slip_0.200__rot_+8.0,grid_4_4,103,0,"{""attachment_shifts"":[1],""contact_prior_weight"":0.00035196656837064964,""delay_steps"":2,""gain_multiplier"":1.15,""rotation_degrees"":8.0,""slip_fraction"":0.2}","{""future_action_observed"":true,""prior_weight"":1.0,""proposal_id"":""known_action"",""provenance"":""released future controller trajectory""}","[7,27]",0.020416015447624294,0.04380517192181409,0.029539156690690967,-0.0019322375582552186,-0.025008455866826786,-0.007292999563666038,0.9816734989148782,0.03801919246205303,0.07072097273947504,4147,0.020765637874861406,0.0476436712897264,0.028535309091994185,0.008479836456598748,0.020824612426512828,0.011437320842986591,0.025382312146670798,0.057250660594991426,0.037668253616907635,0.02626916913446891,0.05705349221673024,0.03910277400401146,68867
expanded_bank,known_action__shift_+1__gain_1.150__delay_2__slip_0.200__rot_+8.0::grid_4_3,known_action__shift_+1__gain_1.150__delay_2__slip_0.200__rot_+8.0,grid_4_3,103,1,"{""attachment_shifts"":[1],""contact_prior_weight"":0.00035196656837064964,""delay_steps"":2,""gain_multiplier"":1.15,""rotation_degrees"":8.0,""slip_fraction"":0.2}","{""future_action_observed"":true,""prior_weight"":1.0,""proposal_id"":""known_action"",""provenance"":""released future controller trajectory""}","[7,27]",0.020257636088521942,0.043703069656250634,0.029346309083302477,-0.0026318021195742267,-0.025257635566580117,-0.007131426354997016,0.9819146370870508,0.038002017703306315,0.07103252676120989,4147,0.020720820805324638,0.047472351877166065,0.028479196220223105,0.00844098148194581,0.020701218137225804,0.01137682834600866,0.025343291277656863,0.05708235523869085,0.0376308251020049,0.026376115206809908,0.057144335534659065,0.039301605607020174,68867
expanded_bank,known_action__shift_+1__gain_1.150__delay_2__slip_0.200__rot_+8.0::grid_4_5,known_action__shift_+1__gain_1.150__delay_2__slip_0.200__rot_+8.0,grid_4_5,103,2,"{""attachment_shifts"":[1],""contact_prior_weight"":0.00035196656837064964,""delay_steps"":2,""gain_multiplier"":1.15,""rotation_degrees"":8.0,""slip_fraction"":0.2}","{""future_action_observed"":true,""prior_weight"":1.0,""proposal_id"":""known_action"",""provenance"":""released future controller trajectory""}","[7,27]",0.020455783024617515,0.043830347413399535,0.0295801762350389,-0.0018767351137636112,-0.025063858570665277,-0.007288339179846209,0.9826380516035689,0.03811726167244359,0.0708668797079882,4147,0.020808263699044077,0.04765036113412627,0.028615011999866123,0.008458736644438657,0.020758785335997416,0.011394592401132582,0.02543066525928052,0.05725340713612092,0.03776440379887927,0.026305663896626235,0.05704141091462117,0.03918274531394298,68867
expanded_bank,known_action__shift_+1__gain_1.150__delay_2__slip_0.200__rot_+8.0::grid_3_4,known_action__shift_+1__gain_1.150__delay_2__slip_0.200__rot_+8.0,grid_3_4,103,3,"{""attachment_shifts"":[1],""contact_prior_weight"":0.00035196656837064964,""delay_steps"":2,""gain_multiplier"":1.15,""rotation_degrees"":8.0,""slip_fraction"":0.2}","{""future_action_observed"":true,""prior_weight"":1.0,""proposal_id"":""known_action"",""provenance"":""released future controller trajectory""}","[7,27]",0.019096022155160854,0.04157739215664321,0.02786478333536127,-0.0016404322417137452,-0.024558965098955707,-0.0094895101499877,0.9836026042922594,0.03669531811213535,0.06835580984750497,4147,0.01982357871746496,0.04617778255399022,0.02712136042178325,0.008202512891630423,0.020922620673047593,0.011152153689774628,0.024425797660187595,0.05577842656019,0.03624363514837296,0.025163060969185913,0.05529945192771376,0.03741124479005286,68867
expanded_bank,known_action__shift_-1__gain_0.850__delay_2__slip_0.200__rot_-8.0::grid_4_4,known_action__shift_-1__gain_0.850__delay_2__slip_0.200__rot_-8.0,grid_4_4,104,0,"{""attachment_shifts"":[-1],""contact_prior_weight"":0.0003519665683706492,""delay_steps"":2,""gain_multiplier"":0.85,""rotation_degrees"":-8.0,""slip_fraction"":0.2}","{""future_action_observed"":true,""prior_weight"":1.0,""proposal_id"":""known_action"",""provenance"":""released future controller trajectory""}","[7,27]",0.020545678539894963,0.04380444788564895,0.031313092372352774,0.00469948151763317,-0.016844499185166298,0.000128046755208646,0.9293465155534121,0.034434407318547924,0.06744045563657333,4147,0.018342153366500795,0.039819556732133984,0.02522869245444162,0.007282456660727147,0.019236944145214065,0.009970863362411125,0.022892599934616877,0.04878251585119899,0.03403439259591471,0.024417548467416686,0.04909624596700304,0.03642495318659691,68867
expanded_bank,known_action__shift_-1__gain_0.850__delay_2__slip_0.200__rot_-8.0::grid_4_3,known_action__shift_-1__gain_0.850__delay_2__slip_0.200__rot_-8.0,grid_4_3,104,1,"{""attachment_shifts"":[-1],""contact_prior_weight"":0.0003519665683706492,""delay_steps"":2,""gain_multiplier"":0.85,""rotation_degrees"":-8.0,""slip_fraction"":0.2}","{""future_action_observed"":true,""prior_weight"":1.0,""proposal_id"":""known_action"",""provenance"":""released future controller trajectory""}","[7,27]",0.020788155782018168,0.04627393347059976,0.03162574739741487,0.003830811124529787,-0.016988951705084986,-0.002955596138776724,0.9254883047986496,0.03444111940993657,0.06650847519899732,4147,0.018666876642543007,0.043784528639775354,0.025576596940748684,0.007850326729942474,0.02317601831343046,0.010831718103793317,0.023155110342337273,0.05254871591541961,0.03419559333269712,0.024607785204795733,0.05267755807530226,0.03652471584203946,68867
expanded_bank,known_action__shift_-1__gain_0.850__delay_2__slip_0.200__rot_-8.0::grid_4_5,known_action__shift_-1__gain_0.850__delay_2__slip_0.200__rot_-8.0,grid_4_5,104,2,"{""attachment_shifts"":[-1],""contact_prior_weight"":0.0003519665683706492,""delay_steps"":2,""gain_multiplier"":0.85,""rotation_degrees"":-8.0,""slip_fraction"":0.2}","{""future_action_observed"":true,""prior_weight"":1.0,""proposal_id"":""known_action"",""provenance"":""released future controller trajectory""}","[7,27]",0.020451733669272065,0.04277101162441285,0.031124885635370452,0.004472807567496905,-0.017079569006282217,0.0016738961483919702,0.9339281408246926,0.034448431872270015,0.06710822959312394,4147,0.018313266138690665,0.038555362284364944,0.025157055318543984,0.007147569332198103,0.018371986883348995,0.009748151307673206,0.022871669837948208,0.04748310600147202,0.03402316937703893,0.02448630826651006,0.04794432295748695,0.036517295574393475,68867
expanded_bank,known_action__shift_-1__gain_0.850__delay_2__slip_0.200__rot_-8.0::grid_3_4,known_action__shift_-1__gain_0.850__delay_2__slip_0.200__rot_-8.0,grid_3_4,104,3,"{""attachment_shifts"":[-1],""contact_prior_weight"":0.0003519665683706492,""delay_steps"":2,""gain_multiplier"":0.85,""rotation_degrees"":-8.0,""slip_fraction"":0.2}","{""future_action_observed"":true,""prior_weight"":1.0,""proposal_id"":""known_action"",""provenance"":""released future controller trajectory""}","[7,27]",0.01912895640677648,0.04073962339937345,0.029254673947244552,0.004443373820841488,-0.016209452716002767,-0.0030660948557773063,0.9240414757656137,0.03223890250295557,0.06449453354518683,4147,0.017052588889268038,0.03729937192138383,0.02318625047949174,0.007040846428787248,0.01853438549973883,0.009751018142324125,0.021522405268043783,0.04629411267848975,0.03177920631134611,0.022953393469153732,0.04664438282066044,0.03418608480561327,68867
expanded_bank,known_action__shift_-1__gain_0.850__delay_2__slip_0.200__rot_+8.0::grid_4_4,known_action__shift_-1__gain_0.850__delay_2__slip_0.200__rot_+8.0,grid_4_4,105,0,"{""attachment_shifts"":[-1],""contact_prior_weight"":0.0003519665683706492,""delay_steps"":2,""gain_multiplier"":0.85,""rotation_degrees"":8.0,""slip_fraction"":0.2}","{""future_action_observed"":true,""prior_weight"":1.0,""proposal_id"":""known_action"",""provenance"":""released future controller trajectory""}","[7,27]",0.021154773111558414,0.04527154073072809,0.03248096315336426,0.0066000154698353216,-0.0188355113340381,-0.0004141039612345727,0.9291053773812394,0.03635156218105956,0.06978216596767584,4147,0.019499088735064774,0.043059200051245805,0.027140608033347606,0.0077028826765136215,0.020124070293505023,0.010728692376891514,0.024090672120912947,0.05213974101065367,0.03593537600153868,0.025538465056943946,0.05246814166324083,0.03817292984458344,68867
expanded_bank,known_action__shift_-1__gain_0.850__delay_2__slip_0.200__rot_+8.0::grid_4_3,known_action__shift_-1__gain_0.850__delay_2__slip_0.200__rot_+8.0,grid_4_3,105,1,"{""attachment_shifts"":[-1],""contact_prior_weight"":0.0003519665683706492,""delay_steps"":2,""gain_multiplier"":0.85,""rotation_degrees"":8.0,""slip_fraction"":0.2}","{""future_action_observed"":true,""prior_weight"":1.0,""proposal_id"":""known_action"",""provenance"":""released future controller trajectory""}","[7,27]",0.021316698258336757,0.04706191467679834,0.03268358625316256,0.005688260730788512,-0.018700417707855133,-0.0032763108584008735,0.9264528574873403,0.03616820261230403,0.06997742738704882,4147,0.019655389404378328,0.045900745809691605,0.027225286615930232,0.00815336836937976,0.023597794767870318,0.011395731282344073,0.024193670104261395,0.054724065663265146,0.03587850706890107,0.02559939509110525,0.05489630440138087,0.03810888521114493,68867
expanded_bank,known_action__shift_-1__gain_0.850__delay_2__slip_0.200__rot_+8.0::grid_4_5,known_action__shift_-1__gain_0.850__delay_2__slip_0.200__rot_+8.0,grid_4_5,105,2,"{""attachment_shifts"":[-1],""contact_prior_weight"":0.0003519665683706492,""delay_steps"":2,""gain_multiplier"":0.85,""rotation_degrees"":8.0,""slip_fraction"":0.2}","{""future_action_observed"":true,""prior_weight"":1.0,""proposal_id"":""known_action"",""provenance"":""released future controller trajectory""}","[7,27]",0.021104003324908825,0.044761707052901216,0.032361063765932487,0.006612201661164561,-0.01894232445238619,0.0011255577657200986,0.9336870026525199,0.03643749958111592,0.06976634612184604,4147,0.019473500061516217,0.04219035485251797,0.027089118146440425,0.00755746884182698,0.019553053769740012,0.010465367124950121,0.024082750505736442,0.0512644938197962,0.0359728672925212,0.025611402955894095,0.05161302985471169,0.038288603380213074,68867
expanded_bank,known_action__shift_-1__gain_0.850__delay_2__slip_0.200__rot_+8.0::grid_3_4,known_action__shift_-1__gain_0.850__delay_2__slip_0.200__rot_+8.0,grid_3_4,105,3,"{""attachment_shifts"":[-1],""contact_prior_weight"":0.0003519665683706492,""delay_steps"":2,""gain_multiplier"":0.85,""rotation_degrees"":8.0,""slip_fraction"":0.2}","{""future_action_observed"":true,""prior_weight"":1.0,""proposal_id"":""known_action"",""provenance"":""released future controller trajectory""}","[7,27]",0.019829586079904156,0.042614754541474266,0.03053147903179379,0.006259905997195625,-0.018090161410091184,-0.003669929062719446,0.9266939956595129,0.03421310237840018,0.0675294395205237,4147,0.018288732309188087,0.04132621127376832,0.025137626442111996,0.007532270195653508,0.020394290621178323,0.010570113231775785,0.022800191479921513,0.050309413449398384,0.03375086638783658,0.024155424652930732,0.050507244098473875,0.036006978050788896,68867
expanded_bank,known_action__shift_+1__gain_0.850__delay_2__slip_0.200__rot_-8.0::grid_4_4,known_action__shift_+1__gain_0.850__delay_2__slip_0.200__rot_-8.0,grid_4_4,106,0,"{""attachment_shifts"":[1],""contact_prior_weight"":0.0003519665683706492,""delay_steps"":2,""gain_multiplier"":0.85,""rotation_degrees"":-8.0,""slip_fraction"":0.2}","{""future_action_observed"":true,""prior_weight"":1.0,""proposal_id"":""known_action"",""provenance"":""released future controller trajectory""}","[7,27]",0.020230757198597515,0.0429759790841316,0.028991920770682935,-0.004091818204314205,-0.02317613638346958,-0.007202905106332389,0.9734748010610079,0.03678600998141998,0.070109740344252,4147,0.020149474700309315,0.045172666783936,0.02744719135286795,0.008135563580394118,0.019791154858580306,0.010836503138305115,0.024722518253197084,0.05468240729614591,0.03651326957379977,0.025606734197337524,0.054334524287272264,0.03786929514909308,68867
expanded_bank,known_action__shift_+1__gain_0.850__delay_2__slip_0.200__rot_-8.0::grid_4_3,known_action__shift_+1__gain_0.850__delay_2__slip_0.200__rot_-8.0,grid_4_3,106,1,"{""attachment_shifts"":[1],""contact_prior_weight"":0.0003519665683706492,""delay_steps"":2,""gain_multiplier"":0.85,""rotation_degrees"":-8.0,""slip_fraction"":0.2}","{""future_action_observed"":true,""prior_weight"":1.0,""proposal_id"":""known_action"",""provenance"":""released future controller trajectory""}","[7,27]",0.02006712809757237,0.0428564194795938,0.028810649892745167,-0.004798213837951005,-0.02330286924241685,-0.007129045929598296,0.9737159392331806,0.03674905151235637,0.0692167554786864,4147,0.020083348561692006,0.044938528812446865,0.02736632100905275,0.008080596657464566,0.019627340328540813,0.01075234628613225,0.024664000466829743,0.05445703153835539,0.03645611775404175,0.02569130944457369,0.05435354992104326,0.03803430559528427,68867
expanded_bank,known_action__shift_+1__gain_0.850__delay_2__slip_0.200__rot_-8.0::grid_4_5,known_action__shift_+1__gain_0.850__delay_2__slip_0.200__rot_-8.0,grid_4_5,106,2,"{""attachment_shifts"":[1],""contact_prior_weight"":0.0003519665683706492,""delay_steps"":2,""gain_multiplier"":0.85,""rotation_degrees"":-8.0,""slip_fraction"":0.2}","{""future_action_observed"":true,""prior_weight"":1.0,""proposal_id"":""known_action"",""provenance"":""released future controller trajectory""}","[7,27]",0.020250505387346646,0.04294849173049294,0.02899765389880222,-0.004047954900997212,-0.023332675543631835,-0.007034787962079672,0.9751627682662165,0.03687814638120151,0.07063781087894527,4147,0.020190889822316264,0.04515171851928768,0.027517838836387098,0.008116428767307634,0.019718611841264617,0.010796887814427277,0.024769180001937913,0.05465447465729154,0.036602818260403715,0.025655177903899387,0.054312175338026625,0.03797254022145022,68867
expanded_bank,known_action__shift_+1__gain_0.850__delay_2__slip_0.200__rot_-8.0::grid_3_4,known_action__shift_+1__gain_0.850__delay_2__slip_0.200__rot_-8.0,grid_3_4,106,3,"{""attachment_shifts"":[1],""contact_prior_weight"":0.0003519665683706492,""delay_steps"":2,""gain_multiplier"":0.85,""rotation_degrees"":-8.0,""slip_fraction"":0.2}","{""future_action_observed"":true,""prior_weight"":1.0,""proposal_id"":""known_action"",""provenance"":""released future controller trajectory""}","[7,27]",0.018888163923910708,0.040751701437831744,0.027286179931196666,-0.003626036183476958,-0.02271707388661023,-0.009402227328165504,0.9773330118157705,0.03539153150275283,0.0658745809814366,4147,0.019166012340741893,0.04380651977957225,0.02602055295799422,0.007956795152430834,0.020085993606518655,0.010665824162858334,0.023719919001784533,0.053313917215378426,0.035039928289931445,0.024445378743652508,0.05265483171534618,0.03613154229715891,68867
expanded_bank,known_action__shift_+1__gain_0.850__delay_2__slip_0.200__rot_+8.0::grid_4_4,known_action__shift_+1__gain_0.850__delay_2__slip_0.200__rot_+8.0,grid_4_4,107,0,"{""attachment_shifts"":[1],""contact_prior_weight"":0.0003519665683706492,""delay_steps"":2,""gain_multiplier"":0.85,""rotation_degrees"":8.0,""slip_fraction"":0.2}","{""future_action_observed"":true,""prior_weight"":1.0,""proposal_id"":""known_action"",""provenance"":""released future controller trajectory""}","[7,27]",0.020435494231883854,0.043900315176931826,0.029595304320676256,-0.0019276542759151954,-0.024795765149539968,-0.007543164904799483,0.9814323607427056,0.03794434036311871,0.07047976696397647,4147,0.020741696438457132,0.047670038169897185,0.028487617868390325,0.008493535378261186,0.02089569122157325,0.011463871909645661,0.025352668700051248,0.057278833919571844,0.03760123178563379,0.02622390449887653,0.05706213884015849,0.03900703355756974,68867
expanded_bank,known_action__shift_+1__gain_0.850__delay_2__slip_0.200__rot_+8.0::grid_4_3,known_action__shift_+1__gain_0.850__delay_2__slip_0.200__rot_+8.0,grid_4_3,107,1,"{""attachment_shifts"":[1],""contact_prior_weight"":0.0003519665683706492,""delay_steps"":2,""gain_multiplier"":0.85,""rotation_degrees"":8.0,""slip_fraction"":0.2}","{""future_action_observed"":true,""prior_weight"":1.0,""proposal_id"":""known_action"",""provenance"":""released future controller trajectory""}","[7,27]",0.020289556585608763,0.04385018167541855,0.029443608438822832,-0.0026409629710912506,-0.024937975189779107,-0.007496594277655678,0.9814323607427056,0.03789888282348081,0.07065469447610859,4147,0.020682943125892708,0.04749325534921657,0.028393039219399462,0.008440632015117806,0.0207805710431088,0.011391359865108888,0.02529871233262247,0.057107153310443165,0.037529090241107635,0.026314420792497142,0.05714135815184096,0.03916554166233966,68867
expanded_bank,known_action__shift_+1__gain_0.850__delay_2__slip_0.200__rot_+8.0::grid_4_5,known_action__shift_+1__gain_0.850__delay_2__slip_0.200__rot_+8.0,grid_4_5,107,2,"{""attachment_shifts"":[1],""contact_prior_weight"":0.0003519665683706492,""delay_steps"":2,""gain_multiplier"":0.85,""rotation_degrees"":8.0,""slip_fraction"":0.2}","{""future_action_observed"":true,""prior_weight"":1.0,""proposal_id"":""known_action"",""provenance"":""released future controller trajectory""}","[7,27]",0.02046021609099413,0.043873617807818614,0.02960235542839614,-0.0018820454061928814,-0.02494143690519858,-0.0073807862690032375,0.9816734989148782,0.038049985599968736,0.07081255473650867,4147,0.020785660063907346,0.047660888042107684,0.028565004332849434,0.008473332643950391,0.02081284169345775,0.011420623835070807,0.02540311465959914,0.05726533797032264,0.03770073669589034,0.026273837495974995,0.0570496587659361,0.03911336539471616,68867
expanded_bank,known_action__shift_+1__gain_0.850__delay_2__slip_0.200__rot_+8.0::grid_3_4,known_action__shift_+1__gain_0.850__delay_2__slip_0.200__rot_+8.0,grid_3_4,107,3,"{""attachment_shifts"":[1],""contact_prior_weight"":0.0003519665683706492,""delay_steps"":2,""gain_multiplier"":0.85,""rotation_degrees"":8.0,""slip_fraction"":0.2}","{""future_action_observed"":true,""prior_weight"":1.0,""proposal_id"":""known_action"",""provenance"":""released future controller trajectory""}","[7,27]",0.01911900658312758,0.041657206375222154,0.027902836222360776,-0.0014663425298682043,-0.02428845048505137,-0.009728836871459125,0.9836026042922594,0.03657375893987522,0.06813443828529653,4147,0.01979027306566286,0.046203338424542925,0.027040444660639134,0.008241582819654992,0.02106716940675051,0.011201834565922181,0.024381266664033813,0.05580109577759873,0.03612788932598345,0.025110191704610024,0.05531136977052861,0.03729307245755771,68867
